CREATE DATABASE  IF NOT EXISTS `online_retail_store` /*!40100 DEFAULT CHARACTER SET utf8mb4 COLLATE utf8mb4_0900_ai_ci */ /*!80016 DEFAULT ENCRYPTION='N' */;
USE `online_retail_store`;
-- MySQL dump 10.13  Distrib 8.0.32, for Win64 (x86_64)
--
-- Host: localhost    Database: online_retail_store
-- ------------------------------------------------------
-- Server version	8.0.32

/*!40101 SET @OLD_CHARACTER_SET_CLIENT=@@CHARACTER_SET_CLIENT */;
/*!40101 SET @OLD_CHARACTER_SET_RESULTS=@@CHARACTER_SET_RESULTS */;
/*!40101 SET @OLD_COLLATION_CONNECTION=@@COLLATION_CONNECTION */;
/*!50503 SET NAMES utf8 */;
/*!40103 SET @OLD_TIME_ZONE=@@TIME_ZONE */;
/*!40103 SET TIME_ZONE='+00:00' */;
/*!40014 SET @OLD_UNIQUE_CHECKS=@@UNIQUE_CHECKS, UNIQUE_CHECKS=0 */;
/*!40014 SET @OLD_FOREIGN_KEY_CHECKS=@@FOREIGN_KEY_CHECKS, FOREIGN_KEY_CHECKS=0 */;
/*!40101 SET @OLD_SQL_MODE=@@SQL_MODE, SQL_MODE='NO_AUTO_VALUE_ON_ZERO' */;
/*!40111 SET @OLD_SQL_NOTES=@@SQL_NOTES, SQL_NOTES=0 */;

--
-- Table structure for table `contains_`
--

DROP TABLE IF EXISTS `contains_`;
/*!40101 SET @saved_cs_client     = @@character_set_client */;
/*!50503 SET character_set_client = utf8mb4 */;
CREATE TABLE `contains_` (
  `Order_ID` int NOT NULL,
  `Product_ID` int NOT NULL,
  PRIMARY KEY (`Order_ID`,`Product_ID`),
  UNIQUE KEY `Order_ID` (`Order_ID`),
  UNIQUE KEY `Product_ID` (`Product_ID`),
  CONSTRAINT `contains__ibfk_1` FOREIGN KEY (`Order_ID`) REFERENCES `order_` (`Order_ID`),
  CONSTRAINT `contains__ibfk_2` FOREIGN KEY (`Product_ID`) REFERENCES `product` (`Product_id`)
) ENGINE=InnoDB DEFAULT CHARSET=utf8mb4 COLLATE=utf8mb4_0900_ai_ci;
/*!40101 SET character_set_client = @saved_cs_client */;

--
-- Dumping data for table `contains_`
--

LOCK TABLES `contains_` WRITE;
/*!40000 ALTER TABLE `contains_` DISABLE KEYS */;
INSERT INTO `contains_` VALUES (1,566),(2,510),(3,691),(4,138),(5,59),(6,418),(7,534),(8,172),(9,638),(10,304),(11,920),(12,870),(13,810),(14,386),(15,994),(16,222),(17,947),(18,486),(19,950),(20,875),(21,376),(22,147),(23,717),(24,576),(25,330),(26,975),(27,859),(28,292),(29,441),(30,107),(31,902),(32,544),(33,592),(34,193),(35,51),(36,587),(37,618),(38,844),(39,164),(40,223),(41,989),(42,583),(43,669),(44,76),(45,113),(46,260),(47,262),(48,882),(49,931),(50,763),(51,233),(52,100),(53,922),(54,478),(55,365),(56,611),(57,505),(58,802),(59,17),(60,501),(61,387),(62,148),(63,963),(64,836),(65,416),(66,542),(67,943),(68,230),(69,431),(70,241),(71,213),(72,390),(73,715),(74,976),(75,378),(76,848),(77,893),(78,447),(79,601),(80,156),(81,419),(82,846),(83,283),(84,69),(85,698),(86,502),(87,790),(88,849),(89,498),(90,655),(91,809),(92,651),(93,456),(94,475),(95,787),(96,187),(97,404),(98,558),(99,662),(100,207),(101,879),(102,521),(103,840),(104,15),(105,497),(106,186),(107,664),(108,114),(109,460),(110,667),(111,800),(112,890),(113,103),(114,236),(115,653),(116,345),(117,159),(118,157),(119,919),(120,91),(121,429),(122,571),(123,695),(124,229),(125,372),(126,876),(127,872),(128,825),(129,258),(130,364),(131,887),(132,243),(133,495),(134,596),(135,671),(136,488),(137,201),(138,482),(139,42),(140,428),(141,37),(142,917),(143,573),(144,128),(145,726),(146,970),(147,518),(148,325),(149,659),(150,968),(151,868),(152,116),(153,639),(154,522),(155,690),(156,277),(157,815),(158,682),(159,832),(160,561),(161,780),(162,166),(163,605),(164,132),(165,520),(166,438),(167,538),(168,741),(169,528),(170,427),(171,228),(172,120),(173,687),(174,896),(175,990),(176,967),(177,341),(178,290),(179,70),(180,362),(181,175),(182,343),(183,572),(184,941),(185,140),(186,40),(187,553),(188,511),(189,135),(190,630),(191,169),(192,480),(193,579),(194,944),(195,513),(196,134),(197,163),(198,180),(199,435),(200,446),(201,942),(202,64),(203,523),(204,214),(205,998),(206,152),(207,453),(208,440),(209,803),(210,249),(211,458),(212,591),(213,647),(214,348),(215,296),(216,722),(217,781),(218,642),(219,930),(220,466),(221,999),(222,366),(223,211),(224,309),(225,477),(226,734),(227,391),(228,176),(229,757),(230,27),(231,641),(232,210),(233,83),(234,426),(235,795),(236,728),(237,264),(238,462),(239,111),(240,629),(241,524),(242,490),(243,306),(244,515),(245,124),(246,57),(247,281),(248,266),(249,681),(250,855),(251,301),(252,342),(253,604),(254,769),(255,396),(256,898),(257,862),(258,371),(259,19),(260,300),(261,818),(262,317),(263,959),(264,150),(265,594),(266,204),(267,974),(268,569),(269,517),(270,547),(271,899),(272,339),(273,903),(274,217),(275,248),(276,299),(277,771),(278,263),(279,494),(280,649),(281,94),(282,615),(283,871),(284,709),(285,997),(286,121),(287,923),(288,567),(289,43),(290,532),(291,232),(292,44),(293,255),(294,89),(295,407),(296,383),(297,826),(298,332),(299,125),(300,725),(301,35),(302,245),(303,822),(304,346),(305,389),(306,356),(307,170),(308,153),(309,29),(310,316),(311,349),(312,869),(313,143),(314,640),(315,705),(316,835),(317,546),(318,995),(319,439),(320,590),(321,952),(322,797),(323,173),(324,644),(325,422),(326,252),(327,880),(328,900),(329,474),(330,568),(331,305),(332,845),(333,115),(334,894),(335,913),(336,212),(337,878),(338,588),(339,530),(340,467),(341,48),(342,580),(343,273),(344,622),(345,101),(346,654),(347,791),(348,753),(349,707),(350,828),(351,205),(352,385),(353,425),(354,851),(355,932),(356,280),(357,106),(358,405),(359,82),(360,451),(361,401),(362,10),(363,696),(364,354),(365,954),(366,4),(367,363),(368,773),(369,403),(370,185),(371,320),(372,461),(373,768),(374,347),(375,253),(376,736),(377,886),(378,764),(379,527),(380,194),(381,751),(382,730),(383,777),(384,955),(385,238),(386,443),(387,703),(388,817),(389,370),(390,564),(391,56),(392,279),(393,141),(394,918),(395,508),(396,239),(397,149),(398,610),(399,820),(400,72);
/*!40000 ALTER TABLE `contains_` ENABLE KEYS */;
UNLOCK TABLES;

--
-- Table structure for table `customer`
--

DROP TABLE IF EXISTS `customer`;
/*!40101 SET @saved_cs_client     = @@character_set_client */;
/*!50503 SET character_set_client = utf8mb4 */;
CREATE TABLE `customer` (
  `Customer_ID` int NOT NULL AUTO_INCREMENT,
  `Full_Name` varchar(50) NOT NULL,
  `Email` varchar(100) NOT NULL,
  `Customer_Password` varchar(100) NOT NULL,
  `Address` varchar(100) NOT NULL,
  PRIMARY KEY (`Customer_ID`),
  UNIQUE KEY `Email` (`Email`)
) ENGINE=InnoDB AUTO_INCREMENT=801 DEFAULT CHARSET=utf8mb4 COLLATE=utf8mb4_0900_ai_ci;
/*!40101 SET character_set_client = @saved_cs_client */;

--
-- Dumping data for table `customer`
--

LOCK TABLES `customer` WRITE;
/*!40000 ALTER TABLE `customer` DISABLE KEYS */;
INSERT INTO `customer` VALUES (1,'Ellis Bart','ebart0@wikispaces.com','Ooix4eMr','184 Arrowood Road'),(2,'Konstanze Whittington','kwhittington1@deviantart.com','caN9C0utPJM','0426 Bowman Drive'),(3,'Marin Haskey','mhaskey2@ihg.com','TL1xQgOL','63556 John Wall Avenue'),(4,'Raul Wozencroft','rwozencroft3@jigsy.com','u6Qr0UVaaY4','90 Longview Alley'),(5,'Miguela Langeley','mlangeley4@aboutads.info','voXKxCDdu','72586 Arizona Crossing'),(6,'Cammy Shinton','cshinton5@biglobe.ne.jp','anU5Q9TITn','92292 Mockingbird Plaza'),(7,'Raynor Twinbrow','rtwinbrow6@woothemes.com','j1NUs6NWBf','7 Brown Center'),(8,'Georg Sedgwick','gsedgwick7@mysql.com','fgY0i5mBbc','946 Meadow Vale Place'),(9,'Bree Kernes','bkernes8@diigo.com','1OQzhUB','165 Stephen Trail'),(10,'Agna Clout','aclout9@sciencedirect.com','XBBxMKr8','49 3rd Terrace'),(11,'Kaiser Dalwood','kdalwooda@tuttocitta.it','EYocqp','863 Dahle Lane'),(12,'Isabelle Ceaser','iceaserb@cpanel.net','TpvNO5S','25181 Almo Way'),(13,'Bert Van Geffen','bvanc@bloglines.com','HPAMx7G6sW63','79387 Dixon Road'),(14,'Trude Bemrose','tbemrosed@globo.com','ne6AygOPjG','5 Buena Vista Terrace'),(15,'Rustin Julian','rjuliane@va.gov','uObKVsIo','8605 Garrison Drive'),(16,'Sherri Barcroft','sbarcroftf@amazon.co.jp','ORusrD','74 Swallow Place'),(17,'Jodi Zini','jzinig@technorati.com','O8jJuQoQDQbx','2586 Fairview Court'),(18,'Kaia Saltern','ksalternh@washingtonpost.com','TxxCVNW49F','913 Sundown Pass'),(19,'Bettye Mafham','bmafhami@a8.net','osq5DCSkdHL','00182 Green Ridge Park'),(20,'Zelma Withey','zwitheyj@house.gov','CHkFSMkq4Wo','77 Weeping Birch Lane'),(21,'Janine Lillgard','jlillgardk@bbb.org','K2tjD9','97 Artisan Trail'),(22,'Robin Malone','rmalonel@thetimes.co.uk','j2bHxgxp2','1150 Vidon Point'),(23,'Sarita Wreford','swrefordm@unc.edu','3bEysgtzW3e','7 Susan Trail'),(24,'Sandra Casero','scaseron@people.com.cn','i072pXnCxzI','0 Dryden Crossing'),(25,'Iver Spaduzza','ispaduzzao@guardian.co.uk','cILdZ5J','6 Old Shore Terrace'),(26,'Cati Errington','cerringtonp@home.pl','MYvMe4','695 Morrow Place'),(27,'Cairistiona Lemme','clemmeq@twitter.com','zg0kdKbvzoR','2046 Sunnyside Avenue'),(28,'Doy Ewells','dewellsr@goodreads.com','qodgwfIjwNlj','8291 7th Terrace'),(29,'Tracee Kuschel','tkuschels@fc2.com','jzghutuOP1jm','74 Arizona Park'),(30,'Peri Jenne','pjennet@springer.com','tsQDFrb9','133 Graceland Street'),(31,'Micki Ricca','mriccau@npr.org','yacQjhXuw3','3740 Ludington Circle'),(32,'Lemar Hurch','lhurchv@etsy.com','bZmt0fXvz','18 Oak Pass'),(33,'Zack Sterman','zstermanw@lycos.com','6b4WyjgE6haN','9099 Bartillon Junction'),(34,'Nicolis Sitlington','nsitlingtonx@nydailynews.com','Z1jau8vZYbbN','0176 Spaight Terrace'),(35,'Marla Dampney','mdampneyy@state.gov','LUYRFrQf3CC4','9523 Bunker Hill Crossing'),(36,'Erinna Ching','echingz@npr.org','1Y8lTik4P5Ib','9653 Hanson Park'),(37,'Rickard Mountney','rmountney10@aboutads.info','hRuq1qZe','714 Fremont Court'),(38,'Sela Knowler','sknowler11@last.fm','Mr4zwg5Qjju','21768 Oak Valley Trail'),(39,'Dulcinea Hatch','dhatch12@wunderground.com','OxxRm8','0069 Kropf Alley'),(40,'Roz McGuiness','rmcguiness13@printfriendly.com','WBggDhcDkh','28 Red Cloud Street'),(41,'Marielle Storres','mstorres14@booking.com','mBQTWKT8','622 Stone Corner Drive'),(42,'Ferdinande Clapton','fclapton15@multiply.com','csrz24zI','4473 Parkside Hill'),(43,'Brok Georger','bgeorger16@npr.org','D4wxRrGhq8Ff','94740 Boyd Parkway'),(44,'Anny Lindemann','alindemann17@cnn.com','ank9o0OzTz8G','438 Leroy Court'),(45,'Kristoffer Humble','khumble18@ucoz.ru','g2T1zSY','193 Merchant Road'),(46,'Margarete Drejer','mdrejer19@wikia.com','FEsPJOgGSDHI','6944 Hovde Plaza'),(47,'Ladonna Rohloff','lrohloff1a@cornell.edu','2m2EeVpyC2','18 Mccormick Road'),(48,'Ara Aron','aaron1b@tumblr.com','TePrYEG','8 Lakewood Gardens Trail'),(49,'Aldon Leinster','aleinster1c@yelp.com','Z7YTvD','1900 Derek Avenue'),(50,'Faber Woffenden','fwoffenden1d@indiegogo.com','3MsHRgzSbW','9 Laurel Place'),(51,'Niels MacAdam','nmacadam1e@bloglines.com','Ay11R2XAP5','96490 Hintze Center'),(52,'Bevan Davidman','bdavidman1f@ucoz.ru','Sb9JhaU5','2728 Ridgeview Alley'),(53,'Sheeree Vreede','svreede1g@blogspot.com','obehiZWdkgi1','7630 Maple Drive'),(54,'Aura Lorenz','alorenz1h@boston.com','AmvwKK','894 Mallory Alley'),(55,'Cort Spottiswood','cspottiswood1i@hatena.ne.jp','eaQdaB','528 Lerdahl Avenue'),(56,'Inez Kupker','ikupker1j@shop-pro.jp','OcY2GHbFbWEs','7738 Barnett Lane'),(57,'Wynny Rosberg','wrosberg1k@mac.com','AVc7mKZkm','84188 Westport Plaza'),(58,'Eleonore Lenox','elenox1l@slate.com','848zMrL7um','8864 Arkansas Pass'),(59,'Sosanna Mattiazzo','smattiazzo1m@msn.com','ctvTTA','4 Ramsey Lane'),(60,'Doralyn Whiteford','dwhiteford1n@netvibes.com','C0FlUi8','680 Stephen Way'),(61,'Osmond Jeakins','ojeakins1o@hc360.com','DQKSND6KU','9 Dorton Place'),(62,'Ailene Hyslop','ahyslop1p@amazon.co.uk','JghaFT','246 Grasskamp Pass'),(63,'Shannon Panas','spanas1q@ihg.com','jdrXz2Y','5652 Sherman Lane'),(64,'Agneta Pulfer','apulfer1r@scribd.com','I0nz9qH3Tn','5 Arrowood Avenue'),(65,'Cirstoforo Flag','cflag1s@xinhuanet.com','BxIIUDWU','9018 Sutherland Place'),(66,'Casar Pagitt','cpagitt1t@bravesites.com','jtcWcvfIYE','02 Kennedy Terrace'),(67,'Jacqui Spennock','jspennock1u@psu.edu','ubnuuMYWMFT','5823 Nelson Alley'),(68,'Kerry Grenshields','kgrenshields1v@illinois.edu','ZiIR6A','592 Forest Dale Point'),(69,'Haleigh Burgwyn','hburgwyn1w@admin.ch','Am4knp','606 Riverside Junction'),(70,'Hettie Gaymar','hgaymar1x@google.es','GUc8uD7jmii','4764 Colorado Park'),(71,'Gerrilee Phillcox','gphillcox1y@huffingtonpost.com','0cwBivtzkZxH','120 Fisk Point'),(72,'Marnia Annies','mannies1z@feedburner.com','jO0cEzH','3664 Parkside Lane'),(73,'Haskell Turrill','hturrill20@yandex.ru','gcVH7s','020 Cascade Park'),(74,'Lindsy Tillard','ltillard21@mail.ru','v0sZaHPH','14 Glacier Hill Park'),(75,'Elga Ellissen','eellissen22@yelp.com','taO6vRhNyCW','09110 Tony Road'),(76,'Rosita Molder','rmolder23@live.com','aBKrupCxF9m','20 Ronald Regan Circle'),(77,'Sophie Bedenham','sbedenham24@rediff.com','bMy2mT8m','44255 Darwin Pass'),(78,'Erma Embra','eembra25@wufoo.com','VK0U2W4A','0 Mifflin Way'),(79,'Jeri Humes','jhumes26@unesco.org','X9TI2t','9980 Mandrake Terrace'),(80,'Teodor Coolbear','tcoolbear27@hao123.com','ruI6uV','74 Sachs Junction'),(81,'Bria Radage','bradage28@vkontakte.ru','oxO2HA','9739 Fieldstone Drive'),(82,'Leicester Chilcotte','lchilcotte29@google.it','unULM2HI','84254 Rowland Junction'),(83,'Keriann Pocklington','kpocklington2a@tinyurl.com','vZtBT6eqoT0','03904 Sachs Drive'),(84,'Pippy Piwell','ppiwell2b@t-online.de','26W8XH4','3545 Express Park'),(85,'Gerardo Palek','gpalek2c@friendfeed.com','s5lOM8Pab','10769 Mccormick Junction'),(86,'Dare Monksfield','dmonksfield2d@jugem.jp','rYIE35moo','0 Waxwing Pass'),(87,'Glynn Gabbitas','ggabbitas2e@posterous.com','SjtyYb3h','05621 Bayside Plaza'),(88,'Sibbie Salter','ssalter2f@php.net','xNYKfDcMhFk','7 Ramsey Pass'),(89,'Nicola Jeske','njeske2g@ifeng.com','Sxso8JXhYR1N','81 Glendale Court'),(90,'Cchaddie Aspinal','caspinal2h@princeton.edu','2IqWHgXj41z','044 Ohio Trail'),(91,'Tobias Karolyi','tkarolyi2i@youtube.com','7NKbxl','04 Anhalt Alley'),(92,'Wash Veelers','wveelers2j@weibo.com','JHALw9gtKQ2','8569 1st Trail'),(93,'Agna Quarlis','aquarlis2k@yahoo.co.jp','tgEiRiKNG5','9 Meadow Valley Point'),(94,'Gene Rozea','grozea2l@pcworld.com','JqmQat6','6 Esker Crossing'),(95,'Benn Doylend','bdoylend2m@hhs.gov','AfKI7Sw9qk','6330 Victoria Center'),(96,'Faye Barnsley','fbarnsley2n@creativecommons.org','VFbjsPUbWBJ','9 Hauk Street'),(97,'Veronica Hance','vhance2o@msn.com','l7Vgb3DzF','899 Fair Oaks Alley'),(98,'Jamal Goudy','jgoudy2p@indiegogo.com','G7mltA','65161 Corry Street'),(99,'Abdel Carradice','acarradice2q@ocn.ne.jp','JS2cDTpKsH','70 Muir Trail'),(100,'Dore Derbyshire','dderbyshire2r@wikimedia.org','gKCL11','86125 Merry Crossing'),(101,'Freida Mulvagh','fmulvagh2s@wikispaces.com','XBiqOlYCD','59 Delaware Center'),(102,'Launce Gossage','lgossage2t@is.gd','Q4VGxYzaD','9828 Beilfuss Circle'),(103,'Bathsheba MacGuffie','bmacguffie2u@people.com.cn','e3j90gg','240 Quincy Circle'),(104,'Paulette Caudelier','pcaudelier2v@yale.edu','F5IzeSG','95222 Reindahl Avenue'),(105,'Hanson Woolley','hwoolley2w@mac.com','5wpaKBYUX','15632 Michigan Center'),(106,'Ardella Crockett','acrockett2x@hao123.com','PIfhkP3Tzm','44 Killdeer Terrace'),(107,'Fowler Muehle','fmuehle2y@vimeo.com','Jhtbi4I8dI','63 Cardinal Center'),(108,'Cole Wentworth','cwentworth2z@surveymonkey.com','QRrpNA','68753 North Avenue'),(109,'Daile McCoveney','dmccoveney30@europa.eu','R1CCTa2nCk6','62 Menomonie Plaza'),(110,'Latrena Chree','lchree31@goodreads.com','bp8czq0','08702 Summit Alley'),(111,'Bronnie Chicken','bchicken32@cafepress.com','u0du8h6N','46 Hermina Drive'),(112,'Tarrance Fourmy','tfourmy33@wisc.edu','zaPV9yfdwZM','731 Towne Lane'),(113,'Danya Gritten','dgritten34@opensource.org','SGVUake','53748 Basil Lane'),(114,'Paulita Brotherhead','pbrotherhead35@ustream.tv','2oiCg0y','31318 Troy Pass'),(115,'Mureil Haddrill','mhaddrill36@engadget.com','CydCXGCa6rfH','1 Reindahl Way'),(116,'Barnie Atkyns','batkyns37@smugmug.com','liv5vO','486 Blue Bill Park Parkway'),(117,'Blanch Goomes','bgoomes38@constantcontact.com','5TXVnV4a','3834 Sommers Court'),(118,'Renard Kenny','rkenny39@about.com','ZhnDfBM','865 American Alley'),(119,'Aida Gallandre','agallandre3a@hubpages.com','H1DU6bPd69G','639 Bay Place'),(120,'Auria Utton','autton3b@digg.com','n0uIBoM9nil','5 Novick Place'),(121,'Neel Doud','ndoud3c@pcworld.com','d1LNQieO73Xg','010 5th Center'),(122,'Geraldine Emanuelov','gemanuelov3d@booking.com','QWhEwspEU2','181 East Way'),(123,'Donnamarie Guenther','dguenther3e@mozilla.com','mJs6GG4','073 Oak Valley Point'),(124,'Jenna Whylie','jwhylie3f@whitehouse.gov','yPRuRi','358 Anhalt Road'),(125,'Spence Biasi','sbiasi3g@sogou.com','1a48xxNVaKX','8 Ronald Regan Drive'),(126,'Tyler Isherwood','tisherwood3h@upenn.edu','9YVePtH9BM','618 Blue Bill Park Alley'),(127,'Brena Hoyes','bhoyes3i@cbsnews.com','udy5lPRV0ded','89540 Texas Hill'),(128,'Trstram Wapple','twapple3j@un.org','Xr2eul3F8','3 Aberg Plaza'),(129,'Nollie Millett','nmillett3k@nasa.gov','SIDnsLSe1','48740 Canary Parkway'),(130,'Pansy Barfitt','pbarfitt3l@china.com.cn','gA9sDjpf','5179 Myrtle Terrace'),(131,'Forester Crissil','fcrissil3m@jalbum.net','xdMlbJNpQYn','0808 Ridgeview Point'),(132,'Mitchel Kiloh','mkiloh3n@miitbeian.gov.cn','wqcPEKvrkXnf','739 Spaight Park'),(133,'Gwenni Matkovic','gmatkovic3o@paypal.com','0xlWRY','06969 Vahlen Hill'),(134,'Adey Jepensen','ajepensen3p@cam.ac.uk','d5EjHR','10 Utah Circle'),(135,'Alwyn Danser','adanser3q@ibm.com','MrCCy6','1013 Katie Avenue'),(136,'Julian Allott','jallott3r@accuweather.com','FBA5Jgv','46 Logan Place'),(137,'Francisca Dudill','fdudill3s@arizona.edu','JqkfH0tbY','132 Quincy Drive'),(138,'Dot McInnerny','dmcinnerny3t@marriott.com','zelB7WCqkN','4 Weeping Birch Junction'),(139,'Sammie Ortner','sortner3u@japanpost.jp','WqP2cMlzW4oL','2 Manitowish Avenue'),(140,'Sharona Roxbrough','sroxbrough3v@guardian.co.uk','XyRjFZTXC2v2','68082 Hoard Pass'),(141,'Reina Crosskell','rcrosskell3w@google.it','7bt7bXmduM','7686 Northridge Parkway'),(142,'Alvy Calven','acalven3x@dailymotion.com','oq0IHgnV','53431 Carberry Plaza'),(143,'Hartwell Longley','hlongley3y@so-net.ne.jp','Eq4bXfRd','56011 Rusk Parkway'),(144,'Bethena Egdal','begdal3z@mapquest.com','R6u3lMY','4899 Sunfield Plaza'),(145,'Glad Mussared','gmussared40@xing.com','PIeSdxHfJRxP','924 Autumn Leaf Drive'),(146,'Laureen Achromov','lachromov41@blog.com','6ImFTkw','67 Swallow Lane'),(147,'Kathi Jakubovits','kjakubovits42@github.io','RisVGwDMZwv8','62 High Crossing Lane'),(148,'Fabe Shattock','fshattock43@list-manage.com','37RnPnw6z','1300 Parkside Terrace'),(149,'Tirrell Brodie','tbrodie44@bravesites.com','kEEzzttsZHxN','321 Sugar Junction'),(150,'Ethelind Wheelton','ewheelton45@yahoo.com','e8v331','48500 Muir Way'),(151,'Karim Hasker','khasker46@wp.com','pmurHYoeT6y','2757 Fisk Crossing'),(152,'Barnabas Alliston','balliston47@gov.uk','Zjc0YbgInW5R','71 Mariners Cove Terrace'),(153,'Darwin Rowland','drowland48@whitehouse.gov','gbQNSdxB','52373 Gale Street'),(154,'El Tween','etween49@tmall.com','QDWK4KzGHCpF','0 Cody Park'),(155,'Iris Brickstock','ibrickstock4a@foxnews.com','ThGQiqubB','704 Anderson Trail'),(156,'Jarrid Trumble','jtrumble4b@sakura.ne.jp','ZWMWeecWtP','66 Saint Paul Way'),(157,'Gwenora Cominetti','gcominetti4c@youtube.com','aJHGroS','0329 Schlimgen Point'),(158,'Joseph Leggin','jleggin4d@ebay.co.uk','acBzPjk','52 Kropf Avenue'),(159,'Fancy Donnersberg','fdonnersberg4e@mayoclinic.com','vifWxZAtZlR','5 Elmside Way'),(160,'Sharona Noorwood','snoorwood4f@squarespace.com','9IVZAwML','975 Park Meadow Point'),(161,'Germana Andreasen','gandreasen4g@ycombinator.com','R6n8Zw','950 Warbler Court'),(162,'Cornall Vannet','cvannet4h@vimeo.com','ptKII3JMgP8l','997 Glendale Point'),(163,'Correy Linnitt','clinnitt4i@latimes.com','ZC7JyrJC','0671 Anthes Center'),(164,'Jimmy Matveichev','jmatveichev4j@google.ru','FqcxtUbW4c','23143 Anniversary Crossing'),(165,'Emilia Nerne','enerne4k@earthlink.net','SqZswHLw7m2','06 Almo Place'),(166,'Vladamir Woodhead','vwoodhead4l@cafepress.com','bloJH9iOkBqo','2402 Independence Place'),(167,'Isabelle Cagan','icagan4m@mac.com','kSyogLtVnV','3887 Debs Center'),(168,'Evered Mcall','emcall4n@foxnews.com','UfO5sfkQh','5 Surrey Parkway'),(169,'Curran Broome','cbroome4o@devhub.com','0Jf9YJjIU','75651 Tomscot Center'),(170,'Pembroke Gerraty','pgerraty4p@hao123.com','Q08RwV','02642 Fulton Road'),(171,'Theodosia Ruddle','truddle4q@ucoz.ru','G4EXtNVEA','6532 Melody Terrace'),(172,'Natala Fasset','nfasset4r@sourceforge.net','nZhCRJDvYp','34 Coolidge Alley'),(173,'Tarrance Eydel','teydel4s@flickr.com','XXQDAyKoq','80 Hollow Ridge Center'),(174,'Ermanno Coneau','econeau4t@comcast.net','u8G43W','259 Homewood Park'),(175,'Brigham Conradsen','bconradsen4u@wiley.com','kYsGvS9ma','6617 Autumn Leaf Hill'),(176,'Sergeant Broadley','sbroadley4v@hostgator.com','UCSwFsvm','01 Raven Place'),(177,'Marion McBeth','mmcbeth4w@redcross.org','JX0EPRANbi','40 Shoshone Drive'),(178,'Yetty Loxly','yloxly4x@hostgator.com','X0U9nh5xi','9 Parkside Street'),(179,'Tobin Iorillo','tiorillo4y@so-net.ne.jp','35JjtP85cJd','65531 Tony Court'),(180,'Dov Bruce','dbruce4z@scribd.com','bOa0dYWx6N','84876 Vahlen Center'),(181,'Gus Sandell','gsandell50@wikipedia.org','ddlgoiq','573 Wayridge Hill'),(182,'Ingaberg Matasov','imatasov51@businessinsider.com','8MbURt','5086 Menomonie Parkway'),(183,'Lowe Giamo','lgiamo52@spiegel.de','3Gc1MDge1Z2E','994 Gateway Alley'),(184,'Tomasine Mee','tmee53@nyu.edu','mgUEY3G','37594 Village Green Pass'),(185,'Haroun Feaveryear','hfeaveryear54@ebay.co.uk','xrIptOioF','001 Forster Point'),(186,'Eliza Quartermain','equartermain55@ted.com','CImbEvH','2256 Fremont Center'),(187,'Emile Dunnan','edunnan56@freewebs.com','tKWSjk2jnE','62371 Rusk Parkway'),(188,'Latia Shucksmith','lshucksmith57@so-net.ne.jp','2Ud1aEza3kV','9222 Oak Valley Court'),(189,'Gauthier Hawson','ghawson58@prnewswire.com','QZvtJKUYQbk','9 Stuart Drive'),(190,'Skippie Friend','sfriend59@spiegel.de','I6o1FMn','44223 Corry Alley'),(191,'Breanne Dedrick','bdedrick5a@cdc.gov','dHClMzYtG','5098 Crescent Oaks Point'),(192,'Minne Girvan','mgirvan5b@columbia.edu','UpUtpCE','27 Prairie Rose Court'),(193,'Clyde Huckerby','chuckerby5c@tamu.edu','EXckj9s','44 Independence Terrace'),(194,'Oralla Birtwhistle','obirtwhistle5d@naver.com','Indb6Aa','8960 Charing Cross Pass'),(195,'Portia Yewdell','pyewdell5e@archive.org','YvVKsL','53 Tomscot Road'),(196,'Reba Dahl','rdahl5f@jigsy.com','ZR4ErWHRClw','14 Bay Court'),(197,'Celinka Jagger','cjagger5g@cbc.ca','d98xBRKrXTH','583 Stone Corner Avenue'),(198,'Paton Richardes','prichardes5h@themeforest.net','tPaJoqC2','452 Warner Plaza'),(199,'Lorri Patington','lpatington5i@twitpic.com','xYT3pPgDS','99493 Almo Court'),(200,'Felecia Golsworthy','fgolsworthy5j@loc.gov','F7oCNNZ','8359 Muir Junction'),(201,'Jeffry Cheine','jcheine5k@quantcast.com','Qzyyf3','4541 Pepper Wood Plaza'),(202,'Orly Grolmann','ogrolmann5l@fc2.com','R5BKC44WD7b','345 Debra Avenue'),(203,'Ody Sijmons','osijmons5m@webmd.com','GoGtrr5','76953 Parkside Junction'),(204,'Vannie Quilty','vquilty5n@goo.ne.jp','0xF5lrBLHsl','96668 Myrtle Point'),(205,'Burtie Verling','bverling5o@google.com','cwiyb5PV5t8v','79 Twin Pines Plaza'),(206,'Genevieve Metzig','gmetzig5p@goodreads.com','Xj4fVEJo','56 Jenifer Lane'),(207,'Elke Pointon','epointon5q@admin.ch','Sd2sCNx','6 Walton Street'),(208,'Adara Francescone','afrancescone5r@mail.ru','OHT3gOa','65 Marcy Junction'),(209,'Franny Raggles','fraggles5s@epa.gov','lp1SB2W','18179 Oxford Court'),(210,'Lexis Cordoba','lcordoba5t@theatlantic.com','PECLWz9G1q5w','7984 Maywood Lane'),(211,'Jeralee Gallimore','jgallimore5u@dmoz.org','dMfKfSBR','355 Vernon Street'),(212,'Adelind Pedri','apedri5v@google.pl','hJwUx0FPZj','4 Columbus Trail'),(213,'Hollie Schimoni','hschimoni5w@mapquest.com','kRnSQ34','4 Grim Pass'),(214,'Paten Gravener','pgravener5x@thetimes.co.uk','ocIyMU','563 Golf View Hill'),(215,'Dottie Hitter','dhitter5y@jigsy.com','ojWAWFSww4u','1004 Graedel Street'),(216,'Gennie Duncanson','gduncanson5z@t.co','fGQtnurN','4306 Columbus Drive'),(217,'Elfrida Sweetmore','esweetmore60@t.co','JT2DBt','1 Utah Way'),(218,'Cale Masterson','cmasterson61@barnesandnoble.com','YrWVI5','743 Surrey Lane'),(219,'Guntar Keniwell','gkeniwell62@netvibes.com','Uxt6HU','80063 Straubel Hill'),(220,'Kile Freezor','kfreezor63@cpanel.net','qliHPBDvFKLg','3 Oxford Place'),(221,'Guido Trayes','gtrayes64@i2i.jp','E29JEAFq','45 Anderson Junction'),(222,'Carmon Mockford','cmockford65@freewebs.com','BYmw1reNYsz','137 4th Place'),(223,'Loutitia Stawell','lstawell66@usnews.com','rbaCR9M','99 South Place'),(224,'Herc Iglesia','higlesia67@omniture.com','UzJlQej9Gl2','78038 Eliot Plaza'),(225,'Kylila Orbell','korbell68@mayoclinic.com','NPiTp4uIBn','103 Bluejay Hill'),(226,'Godfry Manchett','gmanchett69@sitemeter.com','sz3twAt1','96860 Heffernan Avenue'),(227,'Melisse Braunston','mbraunston6a@psu.edu','YX8m6t3','96213 Gale Terrace'),(228,'Lisetta Thomson','lthomson6b@deviantart.com','fZrQ7GRJh','556 Northport Point'),(229,'Eydie Guillford','eguillford6c@blogs.com','k45QBQfhI','8 Lyons Terrace'),(230,'Ricoriki Teaz','rteaz6d@xing.com','gXMHno','74350 Fordem Trail'),(231,'Rip Blaver','rblaver6e@51.la','nPiLx7TGJO','13 Northfield Parkway'),(232,'Waring Twitchett','wtwitchett6f@dailymotion.com','Id1xO3yT0f','1353 Oneill Hill'),(233,'Delmar McNamara','dmcnamara6g@disqus.com','KgLUX69','86575 Utah Trail'),(234,'Ken Moloney','kmoloney6h@ft.com','aq4kPuFT03F','878 Shopko Lane'),(235,'Winnah Yoell','wyoell6i@wikimedia.org','cdkkgfVx7hxv','5134 Bartelt Point'),(236,'Jesse Speaks','jspeaks6j@toplist.cz','uhrtu5','23597 Anderson Park'),(237,'Perl Vivyan','pvivyan6k@imgur.com','Ngc4R6','20948 Hoepker Road'),(238,'Kerr Upson','kupson6l@liveinternet.ru','PjBwnO','1 Kinsman Court'),(239,'Donal Kezor','dkezor6m@intel.com','fk2hZhQJ','30887 Merchant Parkway'),(240,'Justinn Celler','jceller6n@stanford.edu','lwA131Gs0Glj','04 Lien Terrace'),(241,'Deana Surby','dsurby6o@163.com','xeQystFAp6M','89 Bluejay Park'),(242,'Allan Downey','adowney6p@fda.gov','LDGUrp','948 Pawling Lane'),(243,'Darcy Garthside','dgarthside6q@alibaba.com','QE63nC4PRXp','24103 Debs Street'),(244,'Katrine Brownlie','kbrownlie6r@unc.edu','zAnVulFQD1yD','165 Oxford Hill'),(245,'Jamaal Puve','jpuve6s@ustream.tv','YJO5KvOEm','52 Havey Road'),(246,'Merlina Binion','mbinion6t@acquirethisname.com','2B5EA3Bae6','54797 Tennyson Road'),(247,'Danni Seabright','dseabright6u@so-net.ne.jp','TpcTB9cRwj','19 Buhler Pass'),(248,'Evaleen Laffling','elaffling6v@google.ca','pu7cWCwc8LrS','9475 Jenifer Plaza'),(249,'Ursala Albrook','ualbrook6w@arstechnica.com','98R4ynUGw8','948 Onsgard Park'),(250,'Mathian Toffalo','mtoffalo6x@bizjournals.com','EnePGHTL','5 Harbort Junction'),(251,'Aliza Matthieson','amatthieson6y@i2i.jp','OlGVSyaHIaX','6 Jenifer Circle'),(252,'Denice Haberjam','dhaberjam6z@lulu.com','j80k9lRGH','9806 Fisk Trail'),(253,'Toiboid Ellerey','tellerey70@ifeng.com','FxnKwn30dUpB','424 4th Alley'),(254,'Collete Waudby','cwaudby71@ibm.com','7swliKjV','72 Service Street'),(255,'Gordy Brannan','gbrannan72@i2i.jp','eBGFvG6wKmb','11 Towne Junction'),(256,'Janifer Ellicock','jellicock73@netscape.com','OaUU4uRqA','7 Fallview Center'),(257,'Sayers Kellett','skellett74@odnoklassniki.ru','VIroxMbIUTb','44 Continental Drive'),(258,'Grantley Lawleff','glawleff75@de.vu','0wymt0X','63761 Union Point'),(259,'Bryon Birkwood','bbirkwood76@bravesites.com','JvIp33mzqHO','5224 Vidon Lane'),(260,'Forster Gurdon','fgurdon77@bigcartel.com','hJ9BnceWjI','5511 Shoshone Street'),(261,'Felita Garie','fgarie78@reverbnation.com','3iy9up1BbjAr','6 Forest Dale Alley'),(262,'Letti Instock','linstock79@squarespace.com','GLeWHrfpHJ','628 Loomis Circle'),(263,'Ashely Ivashkov','aivashkov7a@chron.com','gIVQaDY','65 2nd Pass'),(264,'Beale Fearneley','bfearneley7b@pbs.org','UyJfi0prh','3 Bartillon Junction'),(265,'Vanny Monkley','vmonkley7c@printfriendly.com','ZlY5SNZ','43 Clarendon Parkway'),(266,'Bryana Noden','bnoden7d@umich.edu','7ED9ZQrnVn','366 Bunting Alley'),(267,'Cordy Everix','ceverix7e@wikimedia.org','RlBf3c4bWa','4612 School Road'),(268,'Maurita Houseman','mhouseman7f@google.com','q2g2RW','599 Messerschmidt Alley'),(269,'Modestine Baumler','mbaumler7g@seesaa.net','lM2ldnpQA','577 Fordem Park'),(270,'Jennette Cabrera','jcabrera7h@loc.gov','Dw0dNzkFK3kA','647 Warbler Drive'),(271,'Saloma Chapple','schapple7i@themeforest.net','6JZHjAv9tcD','240 Paget Center'),(272,'Peterus Phillp','pphillp7j@oracle.com','5vjn5IrSgB0','17 Straubel Point'),(273,'Arabelle Menhci','amenhci7k@live.com','gezzQrPb','21960 Sloan Court'),(274,'Kalle Duchant','kduchant7l@tripod.com','fq239Xf4','89978 Iowa Crossing'),(275,'Manuel Goddert.sf','mgoddertsf7m@businessinsider.com','L2dZuDr','6977 Red Cloud Point'),(276,'Fayth Kyd','fkyd7n@flickr.com','5GT8qwh2Th3J','6 Pearson Park'),(277,'Cloris Sperwell','csperwell7o@ucsd.edu','zlHzE0','20760 Gina Way'),(278,'Chevalier Kidsley','ckidsley7p@joomla.org','DR0sahDp','722 Becker Crossing'),(279,'Shena Coppen','scoppen7q@amazon.co.jp','JkB9Q1bckPy','797 Golden Leaf Circle'),(280,'Haley Denholm','hdenholm7r@yellowpages.com','inMLFwMC','0742 Carioca Trail'),(281,'Arlena Longmuir','alongmuir7s@springer.com','aXRqtNGJwVd','02911 Prairieview Trail'),(282,'Lolita Simacek','lsimacek7t@jigsy.com','9awMORaEF9Ua','3 Bultman Street'),(283,'Cirilo Blakeman','cblakeman7u@prweb.com','TdH8FNn','34 Vidon Junction'),(284,'Suzann Moriarty','smoriarty7v@ovh.net','3cFuz1Lg','947 Sugar Street'),(285,'Chariot Faich','cfaich7w@ovh.net','1oh0AU1','64230 Algoma Park'),(286,'Hugh Shallcrass','hshallcrass7x@youku.com','qPbFayEp','05347 Charing Cross Place'),(287,'Warner Kiraly','wkiraly7y@constantcontact.com','iGapk8xS','86 Loeprich Road'),(288,'Arlette Storrock','astorrock7z@psu.edu','mB0znttaPC3','499 Glendale Pass'),(289,'Steffi McKinna','smckinna80@wp.com','j78mgK','83 Ridgeway Street'),(290,'Mordy Grane','mgrane81@cbslocal.com','qsypVtF3V4I','6797 Lotheville Trail'),(291,'Butch Roarty','broarty82@behance.net','66atVTp9clN4','046 Kinsman Terrace'),(292,'Steffane Hemeret','shemeret83@myspace.com','ltJnyrNDzF4','500 Brown Drive'),(293,'Alphard Alker','aalker84@printfriendly.com','oxq38NRtg7oQ','100 Sycamore Hill'),(294,'Marshall Jelphs','mjelphs85@businessweek.com','jPJmZO6','2 Pennsylvania Place'),(295,'Avivah Gentle','agentle86@t.co','uAnXBs','352 Daystar Street'),(296,'Betsey Matteris','bmatteris87@ucoz.com','kTWHZ2oRxX0D','52 Morningstar Hill'),(297,'Dom Cooney','dcooney88@pbs.org','lU4XGt','6952 Hoard Way'),(298,'Dominga Spandley','dspandley89@delicious.com','j0YrVUnG','66643 American Ash Park'),(299,'Shoshanna Stratton','sstratton8a@netlog.com','7v1kt0N','8 Dakota Road'),(300,'Lynde Sapsforde','lsapsforde8b@t.co','RYxPr244','431 Ohio Way'),(301,'Fransisco Ramelot','framelot8c@goodreads.com','k64Ja4PV','2771 Ridge Oak Plaza'),(302,'Liv Aish','laish8d@bing.com','zPsS4s','81092 Thompson Terrace'),(303,'Edna Doggett','edoggett8e@seattletimes.com','2lphDCSl57y','45637 Beilfuss Court'),(304,'Gusella Scarsbrook','gscarsbrook8f@ifeng.com','92bvHd','02852 Monica Street'),(305,'Cale Daniel','cdaniel8g@reddit.com','u5so9q','34501 Eliot Place'),(306,'Kellyann Dragoe','kdragoe8h@symantec.com','PBn5Mx2oF','873 Shasta Place'),(307,'Lyndsay Kilfoyle','lkilfoyle8i@ezinearticles.com','g5sDRjopIDn','135 Ridgeway Center'),(308,'Timmy Ottey','tottey8j@google.com.au','DrQrPqQP8bS','6733 Glendale Place'),(309,'Fanny Masselin','fmasselin8k@topsy.com','xcCmp5','65204 Cascade Street'),(310,'Graig Richel','grichel8l@ameblo.jp','p1PJKlQ','9 Steensland Crossing'),(311,'Eli McOwan','emcowan8m@chronoengine.com','lQQJjZWwr8','6934 Hooker Point'),(312,'Arliene Allsep','aallsep8n@utexas.edu','n0hLr4G','55546 Lerdahl Hill'),(313,'Benedetta Van\'t Hoff','bvant8o@skyrock.com','cobHZt','2 La Follette Street'),(314,'Kristina Vannini','kvannini8p@tinypic.com','s5ekXLc','8096 Dixon Way'),(315,'Wye Beake','wbeake8q@upenn.edu','SZBlsD2cxbW','87 Forest Trail'),(316,'Valerye Eason','veason8r@paginegialle.it','7Tlnn8OGZl','12417 Hagan Point'),(317,'Lilith MacKissack','lmackissack8s@msu.edu','jtKEeEt','00104 Karstens Street'),(318,'Nalani Blaxland','nblaxland8t@naver.com','QvYDM2','579 Knutson Point'),(319,'Marchall Cropton','mcropton8u@msu.edu','5yrGGR1k18','17326 Melody Way'),(320,'Yves Flatte','yflatte8v@parallels.com','mrP0Ka','55278 Nelson Circle'),(321,'Lilas Ilott','lilott8w@naver.com','CDISbgI','20 Saint Paul Terrace'),(322,'Veda Lacroix','vlacroix8x@va.gov','XHMZVks','10777 Dexter Point'),(323,'Lorrie Sweeten','lsweeten8y@cmu.edu','ilnHkPfYn','926 Center Park'),(324,'Christa Faveryear','cfaveryear8z@army.mil','LKrBbDYRYx2S','41 Emmet Hill'),(325,'Micki Stockbridge','mstockbridge90@plala.or.jp','IUl0VEq','2741 Mesta Hill'),(326,'Herve Ziebart','hziebart91@blogger.com','tHocdN','821 School Trail'),(327,'Melisandra Pendock','mpendock92@cocolog-nifty.com','GDbzxk7zDt','7 Harper Court'),(328,'Constance Berrigan','cberrigan93@stanford.edu','ZVZKSE93fy','535 Barby Alley'),(329,'Georgine Cambling','gcambling94@list-manage.com','rE645dJf','76372 Tony Hill'),(330,'Larry Boome','lboome95@dropbox.com','FV8gRn','20014 Novick Trail'),(331,'Jerry Coxon','jcoxon96@dell.com','KaqPM4KoShl','846 Burning Wood Junction'),(332,'Nikki Oager','noager97@mysql.com','cRD0bOwj7Vo','9625 Westridge Junction'),(333,'Leisha Ciccarelli','lciccarelli98@upenn.edu','UsDGtex0FM','8 Iowa Point'),(334,'Sayres Skeldinge','sskeldinge99@unesco.org','QIVSrq','2 Dixon Drive'),(335,'Modesta Davison','mdavison9a@timesonline.co.uk','qBOKFBGJrBY','1 Bashford Way'),(336,'Danila Gulliman','dgulliman9b@sfgate.com','n0xUuYN0','250 Waxwing Park'),(337,'Berty Phillip','bphillip9c@unblog.fr','H9Iz5jNHlEe','1 Acker Circle'),(338,'Brooks Rallings','brallings9d@hud.gov','Zuq2R3g','629 Crowley Avenue'),(339,'Hube Barratt','hbarratt9e@forbes.com','1ItqyyRzpJLA','712 Calypso Court'),(340,'Ali Williamson','awilliamson9f@scientificamerican.com','LQvFzIfe6t','7816 Daystar Alley'),(341,'Jodee Goodsell','jgoodsell9g@who.int','allHqMWzy','03 Spohn Plaza'),(342,'Berty Danilowicz','bdanilowicz9h@themeforest.net','eV67cfSwIa7i','2 Moose Crossing'),(343,'Byran Bertomeu','bbertomeu9i@devhub.com','ZwAotyLW','20410 Sloan Lane'),(344,'Cyndie Bexley','cbexley9j@wiley.com','xH7dXYuQXHQX','00 Doe Crossing Junction'),(345,'Darya Pollak','dpollak9k@ca.gov','VzomHPVoKE2p','082 Menomonie Way'),(346,'Julee Amsden','jamsden9l@posterous.com','r3yPzpXezWG','84 Eastwood Road'),(347,'Dorey Marris','dmarris9m@histats.com','qWlaH3Zhe4x','5 Kensington Point'),(348,'Morten Drake','mdrake9n@google.fr','hDZVPOLo','15 Magdeline Center'),(349,'Kirbie Dowey','kdowey9o@fc2.com','4fxGgmbN','25091 Crownhardt Place'),(350,'Elsworth Stain','estain9p@icq.com','4vA75vGyYPu','803 Granby Avenue'),(351,'Zarah Bartholomew','zbartholomew9q@wufoo.com','9o7RFJmre38','704 Hazelcrest Point'),(352,'Griffith Kubelka','gkubelka9r@biglobe.ne.jp','vPg8XH3O2zth','03 Helena Center'),(353,'Cristabel Bengle','cbengle9s@admin.ch','3tpLOhWX9OV','87 Hanson Junction'),(354,'Carlin Odby','codby9t@lulu.com','Au9nHUcQ1Q7','63 Twin Pines Lane'),(355,'Addi Bryceson','abryceson9u@tmall.com','JKrLb8ijVD','1 Green Ridge Terrace'),(356,'Nedda Boykett','nboykett9v@wix.com','oyb2bqa','33 Judy Alley'),(357,'Emmye Thunders','ethunders9w@bloglines.com','AdGutcMNLk','977 Morning Center'),(358,'Matthiew McCadden','mmccadden9x@google.com.hk','eaNbfTpeiT','80 Hayes Place'),(359,'Mirella Maccaddie','mmaccaddie9y@un.org','LZztB9UDDa','67 Clyde Gallagher Court'),(360,'Chrysler Hutchins','chutchins9z@washington.edu','gkpy2jJCOkYL','28 Sage Crossing'),(361,'Tonye Yelyashev','tyelyasheva0@squarespace.com','XnGOxZQQ','02698 Fallview Circle'),(362,'Emlyn MacKeig','emackeiga1@macromedia.com','N5JfIUtc3N','5780 Maple Wood Park'),(363,'Kathlin Skaife d\'Ingerthorpe','kskaifea2@nasa.gov','FswDzNz8','8 Valley Edge Park'),(364,'Cass Millen','cmillena3@hhs.gov','dijMZGE','002 Thackeray Way'),(365,'Alexandros Mattsson','amattssona4@amazonaws.com','bCKFDMsULy','4 Clyde Gallagher Street'),(366,'Reagan Magarrell','rmagarrella5@ucoz.ru','taL65y','2 Schiller Place'),(367,'Itch MacSherry','imacsherrya6@xing.com','Xlko12iBKtH','38 Crownhardt Plaza'),(368,'Ambrosi Marskell','amarskella7@harvard.edu','thVDJSSec9ze','275 Ridgeview Park'),(369,'Kasper Dumigan','kdumigana8@yellowbook.com','G0c1hgfRct7I','629 Pierstorff Street'),(370,'Torrance Meigh','tmeigha9@phoca.cz','EnxpdJt8bmJJ','548 Hooker Avenue'),(371,'Amy Oakes','aoakesaa@examiner.com','EEnV1stKCDNM','84 Ridge Oak Park'),(372,'Minor De Beneditti','mdeab@xing.com','qmyRSv9jso','9 Mayer Point'),(373,'Allyce Grinsted','agrinstedac@nps.gov','sNfOs4Ds','2 Center Center'),(374,'Orbadiah Berthon','oberthonad@goodreads.com','VogcZq','61 Pawling Trail'),(375,'Michaeline Capaldo','mcapaldoae@wsj.com','cB2Lt6u','30234 Lake View Point'),(376,'Padgett Cornely','pcornelyaf@ifeng.com','fbkbGOYSdfp','33960 Heath Trail'),(377,'Fina MacCaughey','fmaccaugheyag@tumblr.com','tGadN580Gcw','62 2nd Place'),(378,'Ericha Caneo','ecaneoah@sun.com','671acJDG','9816 Barby Pass'),(379,'Augustus Boulstridge','aboulstridgeai@cloudflare.com','A6Lihk0w','10 Evergreen Plaza'),(380,'Klemens Gipp','kgippaj@huffingtonpost.com','Qy4lT4NR','52 Park Meadow Trail'),(381,'Lorinda Gladdin','lgladdinak@free.fr','wEfg2ukzM','46 Truax Court'),(382,'Korey Scardifield','kscardifieldal@theguardian.com','bxAoP9','0 Columbus Parkway'),(383,'Ferdie Gillitt','fgillittam@ifeng.com','7cDI2e','75 Mesta Pass'),(384,'Urson Hawking','uhawkingan@techcrunch.com','MYH8MzJ','8 Thompson Hill'),(385,'Orelee Cheek','ocheekao@jiathis.com','b6bh3Pfx','7737 Kedzie Crossing'),(386,'Mead Hellewell','mhellewellap@tinyurl.com','P8g2wurXQq','078 Badeau Drive'),(387,'Guglielma Lehr','glehraq@jalbum.net','yZFmX6','93598 Lawn Avenue'),(388,'Judd Shand','jshandar@tinypic.com','GvG66vzcTY','0632 Jana Lane'),(389,'Sallie Josipovic','sjosipovicas@so-net.ne.jp','9RhG2TrACIJa','4278 Sheridan Trail'),(390,'Leigha Batcock','lbatcockat@nationalgeographic.com','r4mIBQFMgX','0472 Bultman Crossing'),(391,'Evelina Bowskill','ebowskillau@wired.com','RkKmKny5LijU','44933 Fremont Street'),(392,'Lora Glenwright','lglenwrightav@illinois.edu','RVyzF9uSYw0g','8 Cody Place'),(393,'Warren Edeler','wedeleraw@delicious.com','eWoNBv7Q','633 Onsgard Trail'),(394,'Karrie Weinberg','kweinbergax@digg.com','tT6MAprUYjn','4097 Eastwood Junction'),(395,'Thomas Souster','tsousteray@posterous.com','13Wrf6ylb','3594 Maryland Avenue'),(396,'Natalee Sharples','nsharplesaz@spiegel.de','pV8F6e','5931 Everett Parkway'),(397,'Elberta Powland','epowlandb0@networksolutions.com','NeOObMHVc','87178 Anniversary Trail'),(398,'Say Bome','sbomeb1@symantec.com','oUiwXMbrMe0','903 Cottonwood Lane'),(399,'Papagena Cawt','pcawtb2@huffingtonpost.com','BZN1cOR','6783 Oriole Drive'),(400,'Donalt Golbourn','dgolbournb3@hubpages.com','zMo3JblwKG','02192 Main Place'),(401,'Gray Bispham','gbisphamb4@ameblo.jp','kuFEZW8','93051 Hagan Point'),(402,'Gaston Ivushkin','givushkinb5@sfgate.com','pDHmF4XUip','7 Clemons Way'),(403,'Marie-ann Wyllcocks','mwyllcocksb6@nih.gov','GmShkrSLjfp','5718 Jenifer Place'),(404,'Anya Guinn','aguinnb7@biglobe.ne.jp','6YBYCzuX3','367 Carey Circle'),(405,'Francine Caulkett','fcaulkettb8@gmpg.org','uaOdU2','4306 Goodland Road'),(406,'Anet Pepin','apepinb9@hp.com','jbaHrKHVefXS','4 Roxbury Place'),(407,'Vonni Hillum','vhillumba@springer.com','x3fA4US4EMqw','40045 Declaration Junction'),(408,'Opaline MacGibbon','omacgibbonbb@simplemachines.org','UytCIN','170 Eliot Lane'),(409,'Quinton Fleckness','qflecknessbc@w3.org','jwnuaqQzCp','83 Melvin Road'),(410,'Yard Brunon','ybrunonbd@comcast.net','86YVvLQ1w','5925 Blackbird Place'),(411,'Alexia Cobb','acobbbe@nifty.com','gdctH8QuXVJ','042 Algoma Pass'),(412,'Clarette Rodder','crodderbf@army.mil','qXkIJpI','103 Victoria Street'),(413,'Concordia Waberer','cwabererbg@google.co.jp','SPx0CIr95R3p','684 Waywood Hill'),(414,'Alice Sposito','aspositobh@paginegialle.it','Jhpkp3FqWN4','27 Springview Avenue'),(415,'Christel Gulk','cgulkbi@diigo.com','ksYO9m83Xa','06193 Crescent Oaks Pass'),(416,'Lyndell Pane','lpanebj@csmonitor.com','MBkgKvsGfZA','8 Onsgard Center'),(417,'Ximenez Dumpleton','xdumpletonbk@bandcamp.com','f1YBae1zMTNW','725 Garrison Drive'),(418,'Tobe Archbald','tarchbaldbl@e-recht24.de','bhfxKAL92o','0 Artisan Lane'),(419,'Truda Caird','tcairdbm@tuttocitta.it','XRjjK4','55700 South Point'),(420,'Wat MacAdam','wmacadambn@newsvine.com','MPuqBszH3bae','078 Warrior Alley'),(421,'Gerda Stollmeyer','gstollmeyerbo@princeton.edu','rRkrrj1Zpeq','942 Swallow Circle'),(422,'Ardis Bonnyson','abonnysonbp@zimbio.com','vcsD8YcVSN','596 Gerald Pass'),(423,'Torey Sumsion','tsumsionbq@patch.com','byIPhAm','0 Kipling Plaza'),(424,'Eleonore Blunden','eblundenbr@tamu.edu','5LuUJ14iEFX','803 Florence Junction'),(425,'Margit Triggs','mtriggsbs@networksolutions.com','tsMqvB09hGEP','784 Logan Circle'),(426,'Celesta MacClure','cmacclurebt@unicef.org','ZW91TDmNmEK','943 High Crossing Center'),(427,'Garrard Cull','gcullbu@google.ru','uzV60Ltao3N','60 Swallow Center'),(428,'Hastie Carverhill','hcarverhillbv@goo.ne.jp','7ibnTMH8y','5 Drewry Hill'),(429,'Guinevere Copcutt','gcopcuttbw@google.it','hZN87xH','60 Bunker Hill Drive'),(430,'Norine Godehard.sf','ngodehardsfbx@nhs.uk','ylpipnI7a','5641 Tomscot Way'),(431,'Atlanta Meese','ameeseby@bigcartel.com','UN0IeZbi7','69 Bobwhite Place'),(432,'Sheilakathryn Rodder','srodderbz@ted.com','PCYYVgLGLV','86318 Hermina Parkway'),(433,'Blythe Muxworthy','bmuxworthyc0@latimes.com','gpKFXRQo4wkE','19716 Vahlen Way'),(434,'Lynn Gittens','lgittensc1@furl.net','ZF2O0NAOdrbs','05 Village Plaza'),(435,'Kristyn Cornelisse','kcornelissec2@cmu.edu','bONo0RIp','65 Eastwood Way'),(436,'Stesha Marian','smarianc3@house.gov','VgU8GGNUXiLf','79 Di Loreto Circle'),(437,'Colet Di Filippo','cdic4@ed.gov','0VDO1d','071 Cody Parkway'),(438,'Robers Dodson','rdodsonc5@jimdo.com','nLE85HDsONG','32727 Arapahoe Circle'),(439,'Briny Fencott','bfencottc6@csmonitor.com','DPeYxfVm92GI','0 Dakota Lane'),(440,'Leif Meadway','lmeadwayc7@ibm.com','9vI6Cmzagu','27 Shelley Pass'),(441,'Adriaens Andreutti','aandreuttic8@chronoengine.com','kr3LQzV7xR','432 Main Lane'),(442,'Kerwinn Yukhnev','kyukhnevc9@nih.gov','UkuZrAI8TxEo','0894 Hazelcrest Terrace'),(443,'Frazer Boulder','fboulderca@opera.com','2IggQJR','0 Transport Parkway'),(444,'Marcia Baseke','mbasekecb@microsoft.com','PZSmfbEs','7492 Towne Crossing'),(445,'Christalle Murch','cmurchcc@domainmarket.com','cT79ENrH','42 Forster Point'),(446,'Ned Van Der Vlies','nvancd@sciencedirect.com','VsINRK2Nrx58','4 Ridge Oak Drive'),(447,'Huntlee Ladlow','hladlowce@engadget.com','PGPQYbGf8T','53 John Wall Center'),(448,'Nina Wilding','nwildingcf@npr.org','QxuUNk9oA','44 Portage Road'),(449,'Anna-diana Alvis','aalviscg@fotki.com','P6uEMORR','282 Michigan Crossing'),(450,'Joye Bleackley','jbleackleych@comsenz.com','VZEaH1','219 Acker Park'),(451,'Cornall Hughf','chughfci@cloudflare.com','S1Jrp1TX','47967 Elgar Pass'),(452,'Ty Murgatroyd','tmurgatroydcj@msu.edu','DWWmLU4S1p','509 Hazelcrest Street'),(453,'Shanna Veryan','sveryanck@sina.com.cn','ZiK0ncgVTeSQ','45526 High Crossing Trail'),(454,'Walt Tichelaar','wtichelaarcl@boston.com','5Hg3NjZqHRE','5 Troy Parkway'),(455,'Valery Holberry','vholberrycm@blogtalkradio.com','tmzlE3','59526 Westridge Point'),(456,'Janeta Arnau','jarnaucn@cyberchimps.com','bhehkwFqhv','64 Westridge Hill'),(457,'Sybilla Vautier','svautierco@ucsd.edu','6uHASI3','097 Pennsylvania Way'),(458,'Orland Breeze','obreezecp@altervista.org','1ihtyhrJ','52283 Old Gate Place'),(459,'Matthew Raubenheim','mraubenheimcq@hhs.gov','8SNbIngPiU','07791 Karstens Junction'),(460,'Moritz Iacoboni','miacobonicr@umich.edu','O9WUzi','15 American Ash Center'),(461,'Taffy Keller','tkellercs@pagesperso-orange.fr','vIYh8I25','7047 Rieder Trail'),(462,'Orran Bullen','obullenct@jimdo.com','fCmDYbIMHm','2128 Crowley Junction'),(463,'Delaney Poleye','dpoleyecu@nsw.gov.au','fWjOiR0','4 Debra Alley'),(464,'Bell Weedenburg','bweedenburgcv@washington.edu','wkneTc','44 Lake View Parkway'),(465,'Holly-anne Capper','hcappercw@dailymail.co.uk','OnhxcBnjbkao','32434 Fieldstone Court'),(466,'Billy Bresner','bbresnercx@marketwatch.com','VjvKZYog8','7 Roxbury Trail'),(467,'Roderigo Corkish','rcorkishcy@furl.net','yPcT4I','705 Dunning Crossing'),(468,'Sallyann Antoniat','santoniatcz@youku.com','xQyqmERR6H','274 Sachs Pass'),(469,'Abagael Fowlds','afowldsd0@msu.edu','g6sQEseL5qK','15143 Holmberg Center'),(470,'Adrea Shimony','ashimonyd1@opera.com','FjVSyyU','39324 Redwing Hill'),(471,'Demeter Burris','dburrisd2@google.com.br','7VNxILUn','86 West Avenue'),(472,'Horton Brahams','hbrahamsd3@oaic.gov.au','l67UNZZ','1204 Parkside Parkway'),(473,'Engracia Doxey','edoxeyd4@bandcamp.com','SxDsWg','090 Ryan Lane'),(474,'Baudoin Gabbatt','bgabbattd5@alexa.com','JXlCcD','27 Anniversary Junction'),(475,'Jarred Hucklesby','jhucklesbyd6@ox.ac.uk','XWJ4fu','44372 Di Loreto Parkway'),(476,'Percival Trahmel','ptrahmeld7@who.int','Nj3gkaQ6P','4379 Golden Leaf Plaza'),(477,'Fredrika Wanden','fwandend8@prlog.org','SuDGebBzrpG8','36 Burrows Trail'),(478,'Jobie Sommerling','jsommerlingd9@i2i.jp','KR6OkL4c','8 Division Avenue'),(479,'Pauletta Carr','pcarrda@eepurl.com','ALQeLtwEHi','2 Troy Parkway'),(480,'Bordy Beardsdale','bbeardsdaledb@facebook.com','EmSa4Z3gDav','3128 Prairieview Place'),(481,'Zorah Dix','zdixdc@networksolutions.com','u6pSUfICAX','693 Roxbury Crossing'),(482,'Zora Morphey','zmorpheydd@tiny.cc','ycuUYTUkvjkT','145 Mcbride Avenue'),(483,'Johnny Coppock.','jcoppockde@nps.gov','Y5fz83','46 8th Trail'),(484,'Cristina Alabastar','calabastardf@google.com.br','5siWmaZAcD','108 Golf View Lane'),(485,'Elbertine Heikkinen','eheikkinendg@vinaora.com','GvwwuGAJB1Z','207 Northport Lane'),(486,'Bailey Pottle','bpottledh@nytimes.com','jJNH9zfgS','346 Morningstar Drive'),(487,'Irma Rylstone','irylstonedi@wp.com','YLoarw5kdAAS','320 Burrows Lane'),(488,'Doy Rigglesford','drigglesforddj@sbwire.com','HYpcPVJ','40585 Anthes Way'),(489,'Chiarra Coniff','cconiffdk@blogger.com','PVTmzUI','01 Charing Cross Park'),(490,'Melicent Andrat','mandratdl@shop-pro.jp','LbfhS0hQeTKX','2975 West Drive'),(491,'Melba Creevy','mcreevydm@vistaprint.com','DzF4tw5','9 Beilfuss Place'),(492,'Ivett Dwelley','idwelleydn@google.co.uk','eh26AmDfP','8 Melby Parkway'),(493,'Penrod Banbrick','pbanbrickdo@arstechnica.com','bz8JdIuptu','9 Green Ridge Park'),(494,'Millicent Labat','mlabatdp@squidoo.com','1VU9YXZ5EmLI','0602 1st Place'),(495,'Carson Filyakov','cfilyakovdq@ustream.tv','q4Vi5mkykp6','4 Vermont Drive'),(496,'Ivy Nacci','inaccidr@themeforest.net','Dhby4Yft','37458 Stoughton Parkway'),(497,'Marillin Romei','mromeids@cpanel.net','NgWtkZCPlk','38961 Lighthouse Bay Alley'),(498,'Clary Le Cornu','cledt@imageshack.us','lrh4L3K','944 Nobel Lane'),(499,'Anne-marie Cerie','aceriedu@stumbleupon.com','nmOJJYv','196 Jenna Crossing'),(500,'Grant Comar','gcomardv@surveymonkey.com','Kuuhdp0U','7 Schlimgen Court'),(501,'Orrin Kop','okopdw@ucoz.com','qTkoM6L1S','2882 Di Loreto Hill'),(502,'Kennedy Braidwood','kbraidwooddx@toplist.cz','TZUBqZjl9m','69791 Texas Alley'),(503,'Maye Rideout','mrideoutdy@paginegialle.it','oavMwWw1s','54 Warbler Place'),(504,'Brigitta Skivington','bskivingtondz@biblegateway.com','x2Q6nvwG','1449 Dottie Court'),(505,'Manda Althorp','malthorpe0@t-online.de','tu4eJ5nE9g','8473 Stone Corner Circle'),(506,'Bev Sharples','bsharplese1@princeton.edu','OMGyNIpyts','556 Waywood Terrace'),(507,'Bellina Ucceli','buccelie2@google.com.br','Ey6nrCJyqLn','81594 Fulton Parkway'),(508,'Celestia Jasiak','cjasiake3@twitter.com','guy113y','68 Crownhardt Road'),(509,'Colly Howlett','chowlette4@sbwire.com','IKdFtZD4','20791 Spaight Crossing'),(510,'Annabela Styles','astylese5@bbb.org','XTu9cVgL05gE','41510 Summit Park'),(511,'Pen Pont','pponte6@psu.edu','vkbLxzlih','95 South Drive'),(512,'Ruby Mikalski','rmikalskie7@flavors.me','QVloNK','27 Maryland Road'),(513,'Luisa Daltry','ldaltrye8@rakuten.co.jp','KlimgyN','88 Commercial Avenue'),(514,'Caldwell Avramovic','cavramovice9@sogou.com','bS9ZXEAVuq','4 Mitchell Lane'),(515,'Wally Valdes','wvaldesea@reference.com','2UIXGqIo7CB','93336 Delaware Drive'),(516,'Amberly Szymonowicz','aszymonowiczeb@gizmodo.com','GcUqvEJA6','170 Grover Way'),(517,'Jemmie Ravenscroft','jravenscroftec@pinterest.com','2nB9AJTq0mj','4506 Milwaukee Road'),(518,'Jorrie Carlson','jcarlsoned@shutterfly.com','ct5H43bT','2817 Cordelia Park'),(519,'Meredeth Bithany','mbithanyee@freewebs.com','c9G1Q93K','55 Gina Circle'),(520,'Mirelle Hansell','mhansellef@chron.com','4U33vmt','34 Rusk Drive'),(521,'Leroi Braycotton','lbraycottoneg@behance.net','1UxPGnS','70130 North Way'),(522,'Sigfrid Toby','stobyeh@zdnet.com','waNJAuxJns','925 Moland Street'),(523,'Bertie Giscken','bgisckenei@hhs.gov','JLJ5qSjQu','97533 Russell Terrace'),(524,'Odessa Lisle','olisleej@pcworld.com','vAnovrj97','3899 Vidon Avenue'),(525,'Elysee Vivyan','evivyanek@icq.com','G4Lneq','01 Kenwood Avenue'),(526,'Dulci Harg','dhargel@imgur.com','J6rSftueGbu','5 Clemons Avenue'),(527,'Sinclair Ramsby','sramsbyem@arstechnica.com','Xoim0aD','1 Gerald Trail'),(528,'Amos Brazel','abrazelen@si.edu','81uY7o','89 Sherman Place'),(529,'Hamlen Kelloch','hkellocheo@scientificamerican.com','onjHgYJNBb','2158 Shelley Street'),(530,'Frayda Pickin','fpickinep@craigslist.org','za7zWqv','7 Maryland Pass'),(531,'Bonnie Burress','bburresseq@chronoengine.com','iftEsT5NOLpl','0 Jenna Junction'),(532,'Angy Crysell','acryseller@vinaora.com','EWU7PM1C','0 Warrior Court'),(533,'Dorette Mackinder','dmackinderes@scientificamerican.com','5bIm4OR8','1103 Holy Cross Place'),(534,'Joshuah Scholer','jscholeret@wix.com','LKTLzQxrNDFf','14 Crowley Center'),(535,'Maury Doumer','mdoumereu@zimbio.com','RkJIqtUzFll','015 Forster Plaza'),(536,'Hillel Newall','hnewallev@photobucket.com','JvbTfG','8812 Sundown Terrace'),(537,'Cece Grovier','cgrovierew@earthlink.net','asKqxM','5 2nd Way'),(538,'Brose Cogin','bcoginex@si.edu','w6PcWYKwwnSy','424 Continental Trail'),(539,'Nissa Kermode','nkermodeey@angelfire.com','c3WfEH9QFE9U','93008 7th Court'),(540,'Dominick Sammonds','dsammondsez@canalblog.com','9AOXuaF','7 Hauk Point'),(541,'Britni Fidoe','bfidoef0@adobe.com','IuiOm7wHzZo','9 Hagan Road'),(542,'Jennee Birley','jbirleyf1@ovh.net','svpLA7mk','807 Sullivan Lane'),(543,'Kaylyn Verbrugge','kverbruggef2@sohu.com','4bXDvs','8 Transport Terrace'),(544,'Petra Fairpool','pfairpoolf3@netscape.com','t4z3JKlF7v','07299 Merry Center'),(545,'Lura Mearns','lmearnsf4@cnbc.com','R8AjUqeL','1 Stuart Crossing'),(546,'Georgi Meiner','gmeinerf5@last.fm','j8s4FY0RKZ','8463 Truax Crossing'),(547,'Edwin Twatt','etwattf6@wordpress.org','nxLcsSKlfx','8 Lerdahl Plaza'),(548,'Justine Bursell','jbursellf7@php.net','JhiDVYRP','942 Old Shore Trail'),(549,'Perl Winnister','pwinnisterf8@nydailynews.com','drNhT1meqw','3229 Straubel Court'),(550,'Cleo Allmark','callmarkf9@amazon.com','8AWcs90sf','471 Oneill Parkway'),(551,'Dusty Troutbeck','dtroutbeckfa@theguardian.com','84N6yAqiK','90114 Novick Plaza'),(552,'Derrick Jencken','djenckenfb@usatoday.com','eoTAzKOuAY','8 Almo Place'),(553,'Kerianne Barehead','kbareheadfc@google.pl','aJkg7cdghYgE','56158 Spaight Point'),(554,'Wanda Mantrup','wmantrupfd@census.gov','GuNyeDfc','52 Pawling Point'),(555,'Gerianne Brient','gbrientfe@newyorker.com','d1AdCb','90 La Follette Pass'),(556,'Lissa Corrin','lcorrinff@msn.com','homHjWKm','145 Dunning Drive'),(557,'Marna Gascoine','mgascoinefg@cloudflare.com','MmVSgheLb','8 Rusk Center'),(558,'Sampson Beeston','sbeestonfh@mozilla.org','fvQPBHrrbe','0467 Sunbrook Circle'),(559,'Viviana Scott','vscottfi@deviantart.com','uo3MfALsuV2d','7 Village Green Street'),(560,'Hildegaard Clarkin','hclarkinfj@google.it','SkLRiA','1 Quincy Point'),(561,'Brig Sayton','bsaytonfk@independent.co.uk','jsLrUTCyL','750 Golf Street'),(562,'Jay Wenman','jwenmanfl@slate.com','YgGhXOMl','04159 Springview Road'),(563,'Jazmin Mechic','jmechicfm@cmu.edu','irl4bJ7l','71 Gale Circle'),(564,'Loralyn Pawlyn','lpawlynfn@linkedin.com','tqxDhhRo','84 Banding Terrace'),(565,'Barbey Casina','bcasinafo@engadget.com','fvrVnN','90 Toban Road'),(566,'Teresita Vasentsov','tvasentsovfp@simplemachines.org','TYjImR8AG','93 Carpenter Court'),(567,'Roobbie MacMenamin','rmacmenaminfq@tinyurl.com','AwgmJNicryY','13182 Golden Leaf Terrace'),(568,'Odille Birchenough','obirchenoughfr@twitpic.com','WD0ctiL0','40 Del Mar Junction'),(569,'Saundra Heiden','sheidenfs@cmu.edu','HK56A4r','0206 Knutson Trail'),(570,'Tamarah Lambrook','tlambrookft@biblegateway.com','1S52YUBd','67997 Blue Bill Park Plaza'),(571,'Devy Larne','dlarnefu@psu.edu','yJFBTFFJ','1742 Scoville Street'),(572,'Arabel Storre','astorrefv@answers.com','P4OzsaJ','0 Veith Point'),(573,'Leigh Stuchbury','lstuchburyfw@wp.com','N9l17PPHxrO','721 Schmedeman Terrace'),(574,'Ceil Garcia','cgarciafx@list-manage.com','HnOz4kOtdA','3 Judy Park'),(575,'Cyndi Tromans','ctromansfy@wordpress.com','vxeqP3wzzLb','2030 Dixon Road'),(576,'Cort Guillem','cguillemfz@devhub.com','vrikpMHa','30195 Ilene Center'),(577,'Josi Pudge','jpudgeg0@cnn.com','zFtKkgI','22 Sauthoff Parkway'),(578,'Rockey Crim','rcrimg1@privacy.gov.au','pEvOmR','9452 Dapin Drive'),(579,'Kimberlee Alelsandrovich','kalelsandrovichg2@spiegel.de','Gcn1Mv6Q1','90895 Eastwood Parkway'),(580,'Humfrid Howick','hhowickg3@webmd.com','IRmHYmpYV','55282 Burrows Circle'),(581,'Paton Micah','pmicahg4@gizmodo.com','MdgbwVZC','4033 Kings Avenue'),(582,'Lib Caton','lcatong5@ifeng.com','LbrbCs','54852 Coleman Terrace'),(583,'Caresse Yeowell','cyeowellg6@slashdot.org','VC9psRLEpSh','7305 Shoshone Avenue'),(584,'Barbabas Stoves','bstovesg7@ebay.co.uk','dBjGw2Ws83p','15 Redwing Pass'),(585,'Krystyna Seabrooke','kseabrookeg8@japanpost.jp','r8exW9EwT','96 Village Green Way'),(586,'Francine Crafter','fcrafterg9@desdev.cn','ih3TRmhacG','8 Vera Avenue'),(587,'Virgie Feirn','vfeirnga@clickbank.net','7lfIH3R6eJG','496 Emmet Hill'),(588,'Lelia MacFarlane','lmacfarlanegb@wordpress.com','JGxBXhu','35198 Westridge Circle'),(589,'Fonz Firmager','ffirmagergc@seattletimes.com','g7X5wltj','09 Mendota Court'),(590,'Rosabella Gaymar','rgaymargd@networkadvertising.org','NJLiNAU','30 Northfield Place'),(591,'Dela Legrave','dlegravege@studiopress.com','wPAnA9qHLKVp','9376 Springview Crossing'),(592,'Gerard Vaskov','gvaskovgf@blogger.com','Xml18LGuxjw','63 Express Center'),(593,'Gran Chsteney','gchsteneygg@webs.com','nd2kHt67CGBt','4123 Green Junction'),(594,'Fay Wartonby','fwartonbygh@histats.com','3I7ETuY3Jcvw','346 Dunning Plaza'),(595,'Milly McQuilliam','mmcquilliamgi@dropbox.com','4ZtB4NXkpp','91 Moulton Pass'),(596,'Bobbi Verdun','bverdungj@census.gov','C9oRn4VId3','348 Luster Point'),(597,'Arv Di Bartolomeo','adigk@biblegateway.com','WA3qKi','65 Schmedeman Road'),(598,'Rachael Bailes','rbailesgl@github.com','iiedlX','5867 Sauthoff Lane'),(599,'Saba Griniov','sgriniovgm@biblegateway.com','5wOrQsSEB7','73 Dayton Circle'),(600,'Silvio Ratlee','sratleegn@naver.com','YHNHLcHh','216 South Way'),(601,'Bev Bidmead','bbidmeadgo@imdb.com','1PyZch74Um6','1 Bashford Drive'),(602,'Geordie Torel','gtorelgp@wunderground.com','iSj4Uh','9714 Manitowish Park'),(603,'Antonietta Pfleger','apflegergq@clickbank.net','OFvWOlcqc','3865 Merrick Trail'),(604,'Bernardina Varah','bvarahgr@google.com.hk','13rFeA','110 Dennis Point'),(605,'Robbert Rubens','rrubensgs@g.co','b8oqW8TXi7DI','26137 Dunning Road'),(606,'Sammy Leverich','sleverichgt@msu.edu','IYX8NCqCkHxE','046 Commercial Avenue'),(607,'Ximenes Chazier','xchaziergu@vkontakte.ru','9y9TNc','2430 Montana Trail'),(608,'Gus Roylance','groylancegv@eepurl.com','xr1zw5v65Z','670 Marquette Center'),(609,'Florry Edworthye','fedworthyegw@goodreads.com','a5raExbmOQ','037 Maple Hill'),(610,'Dixie Pietrzak','dpietrzakgx@netlog.com','TEd05Rh65wC','17 Roth Alley'),(611,'Gerry Audibert','gaudibertgy@discovery.com','QaiCpWqfRj','14917 Vernon Street'),(612,'Hillie Leighfield','hleighfieldgz@google.com.au','1Y5Nwm','5427 Towne Lane'),(613,'Christiana Element','celementh0@meetup.com','nYWdcABXxW','4356 Artisan Drive'),(614,'Elwira Barnsdale','ebarnsdaleh1@smugmug.com','cnzlaJUxA5','7960 Transport Crossing'),(615,'Raine D\'Antonio','rdantonioh2@opensource.org','SFgv7N1Hk04y','9 Fisk Place'),(616,'Sholom Bedells','sbedellsh3@wp.com','rhtHwMGS','8 Grasskamp Parkway'),(617,'Augustin MacSween','amacsweenh4@tinypic.com','LM11OI1VDA','0 Nevada Park'),(618,'Alexa Philip','aphiliph5@cpanel.net','ZjGiFZRVKo','581 Division Circle'),(619,'Annabal Venny','avennyh6@hubpages.com','0XNQjp4OC','45 Browning Parkway'),(620,'Parrnell Minards','pminardsh7@intel.com','Ap01sb','0450 Fulton Alley'),(621,'Nickolas Sarney','nsarneyh8@github.io','jio6fmz16Z','7 Pond Lane'),(622,'Madel Tilby','mtilbyh9@clickbank.net','iofJeyUOQo','2495 Ronald Regan Pass'),(623,'Jerri Piris','jpirisha@sohu.com','vn9MrsU','27 Loomis Point'),(624,'Jude Stooke','jstookehb@nih.gov','bmWZPF','43 Southridge Lane'),(625,'Vicki Borman','vbormanhc@japanpost.jp','QYBTzOS56','55 Beilfuss Street'),(626,'Danni Matthias','dmatthiashd@jalbum.net','OMfO1c','46656 Tennyson Lane'),(627,'Barris Pettengell','bpettengellhe@craigslist.org','bsLTBDyTH','0583 Schlimgen Lane'),(628,'Winny Tapenden','wtapendenhf@cpanel.net','ZuzndBM6H','50 Dottie Terrace'),(629,'Dolorita Stile','dstilehg@constantcontact.com','b2ZOPILMW4C','69482 Russell Pass'),(630,'Lucio Dering','lderinghh@de.vu','0VBFK029qq','1686 Summerview Plaza'),(631,'Edith Cobbald','ecobbaldhi@eepurl.com','NLxIMoPlj','596 Glacier Hill Avenue'),(632,'Kerrie Nibley','knibleyhj@netvibes.com','JLu7altz','0202 Talisman Pass'),(633,'Catherine Ascroft','cascrofthk@reference.com','DaH1iNQMZF','34 Melvin Alley'),(634,'Erik Halwood','ehalwoodhl@domainmarket.com','Qkwmxlj','043 Mendota Way'),(635,'Bliss Flaws','bflawshm@blogs.com','QTOevOoyBYl2','1 Petterle Junction'),(636,'Matthew De Brett','mdehn@state.tx.us','VGDnV9W50lGM','45051 Starling Place'),(637,'Dorothy Schnitter','dschnitterho@geocities.com','BRj70C','348 Golf Drive'),(638,'Anthea Minigo','aminigohp@bloglovin.com','Ulzagkk6','72031 Nevada Point'),(639,'Viviene Claessens','vclaessenshq@google.nl','iycloNl9fgD','663 Doe Crossing Court'),(640,'Angel Janus','ajanushr@businessweek.com','9QSPZ6','33 Moose Place'),(641,'Werner Bradbrook','wbradbrookhs@homestead.com','BYXtOs9oim','60 Rusk Place'),(642,'Dael Dutton','dduttonht@psu.edu','p2YAqJEO','4 Heath Park'),(643,'Zedekiah Whayman','zwhaymanhu@slate.com','f1Edh3','4 Forest Dale Way'),(644,'Nomi Rembaud','nrembaudhv@eepurl.com','DPuyyxcqD','8 Ramsey Park'),(645,'Brittni Elijah','belijahhw@jimdo.com','tzij80bGj','0536 Rusk Center'),(646,'Rhoda Houten','rhoutenhx@woothemes.com','WvKf3IBmyx','353 Del Mar Avenue'),(647,'Clarisse Bothie','cbothiehy@guardian.co.uk','ipWGoV1','43 Declaration Lane'),(648,'Hermione Clementel','hclementelhz@theglobeandmail.com','bI7Mge','78 Forest Run Trail'),(649,'Antoine Fish','afishi0@pen.io','6RtO3tsVu','0 Duke Hill'),(650,'Anna-diane O\' Hanvey','aoi1@ehow.com','ZgABt4QbUlE','91656 Badeau Alley'),(651,'Rustin Dadswell','rdadswelli2@sogou.com','XUz47ST','50 Menomonie Road'),(652,'Hodge Heyfield','hheyfieldi3@exblog.jp','56NOdA','278 Lawn Way'),(653,'Malcolm Winspear','mwinspeari4@soup.io','sBXJXM2fdlx','886 Eastlawn Center'),(654,'Rutter Boc','rboci5@parallels.com','Tlsg8ndG','51 Heath Pass'),(655,'Lark Ellings','lellingsi6@wisc.edu','U6aE3eRmU','55243 Ryan Lane'),(656,'Elvera Grigoire','egrigoirei7@pen.io','oKWoS53ov5mj','5 Harper Junction'),(657,'Karina Krook','kkrooki8@cdc.gov','MAypGbl','890 Parkside Court'),(658,'Joshia Klimes','jklimesi9@qq.com','SifKTapvg','9 Moulton Street'),(659,'Cobb Willimott','cwillimottia@scientificamerican.com','GqHXJS0NuQJ1','0742 Forest Trail'),(660,'Chauncey Strick','cstrickib@ovh.net','tyHfI8TfriY','31 Texas Terrace'),(661,'Irvine Rumgay','irumgayic@cdc.gov','ZZIkivy1Y','0 Oak Valley Circle'),(662,'Helen-elizabeth Loach','hloachid@hubpages.com','4ABEMpn5r','61509 Fisk Parkway'),(663,'James Connerly','jconnerlyie@digg.com','VsuJHeCa','6 Blaine Pass'),(664,'Abagail Yakushkev','ayakushkevif@virginia.edu','GUVQZZU','853 Truax Parkway'),(665,'Diannne Beeck','dbeeckig@lulu.com','KJyyYY8bW','237 Morningstar Alley'),(666,'Gill Wressell','gwressellih@engadget.com','PJgRmKtc','43 Stuart Lane'),(667,'Kellby Ahmed','kahmedii@tiny.cc','FkUbIj','734 Rigney Center'),(668,'Pincus Proback','pprobackij@spiegel.de','P9OnDemeAW7O','578 Melrose Park'),(669,'Ediva Sketcher','esketcherik@webmd.com','E22Bp2f2','33287 Nova Junction'),(670,'Kelley Ellesworthe','kelleswortheil@bbb.org','lQitVY6Er8T','89104 Claremont Court'),(671,'Minny Cranson','mcransonim@pagesperso-orange.fr','5YSKiX','1 Arkansas Center'),(672,'Farand Sloley','fsloleyin@businessinsider.com','pYoXXNB','09 Forster Road'),(673,'Thomasa Burle','tburleio@blogger.com','84Ucqk','736 Cardinal Trail'),(674,'Arlen Pointon','apointonip@deliciousdays.com','E5IOcVrN','73461 Colorado Terrace'),(675,'Jenna Tillot','jtillotiq@desdev.cn','rNJjqMt1wm','0360 Lake View Drive'),(676,'Diann Uden','dudenir@ezinearticles.com','jrVK0DH','44 Novick Street'),(677,'Dina Pond','dpondis@icq.com','JrQ361Zs','9336 Anniversary Alley'),(678,'Ronda Moss','rmossit@dell.com','Z8BghozlqO','42864 Burrows Court'),(679,'Aviva Dufaur','adufauriu@cafepress.com','5eh7Ah8dI','17 South Lane'),(680,'Val Renault','vrenaultiv@g.co','nzBFKZWtJ','3 Colorado Place'),(681,'Fayina Gibbings','fgibbingsiw@prlog.org','96kPui','236 Barby Plaza'),(682,'Sid Skalls','sskallsix@dailymotion.com','WU2O1cNm','906 Corben Drive'),(683,'Sarajane Guarin','sguariniy@craigslist.org','mRehr26LPJa','99 Warner Avenue'),(684,'Celinda Godly','cgodlyiz@elpais.com','KxGMKY','38 Birchwood Parkway'),(685,'Claudine Vedenyapin','cvedenyapinj0@mayoclinic.com','mXoWZA','74101 Daystar Circle'),(686,'Terri Hamments','thammentsj1@goodreads.com','A0sib8e6','265 Amoth Crossing'),(687,'Gert Orrobin','gorrobinj2@fotki.com','f2N7NlGH','5 Parkside Center'),(688,'Elbertina Knightsbridge','eknightsbridgej3@dagondesign.com','JLqhh5ObEO','5847 Browning Trail'),(689,'Waring Laycock','wlaycockj4@4shared.com','EBOy5P7','98622 Birchwood Pass'),(690,'Nikolaus Mushart','nmushartj5@clickbank.net','r3EyNgLOQT','3 Everett Circle'),(691,'Terri Carver','tcarverj6@time.com','Jjb2R3w7J64d','01 Granby Alley'),(692,'Kristan Verrall','kverrallj7@trellian.com','rwBjSTH6ZI','94413 Roxbury Court'),(693,'Margarethe LLelweln','mllelwelnj8@bloglines.com','5ZIypIe4Sv','688 Muir Alley'),(694,'Nadiya Atherton','nathertonj9@spotify.com','cC6B4gAJiNZw','2217 Prentice Center'),(695,'Mahmoud Larman','mlarmanja@icio.us','JUMXEe','32 Dahle Junction'),(696,'Robbie Simpkiss','rsimpkissjb@google.es','5UPVv6a4sW','97072 5th Alley'),(697,'Agnella Jupe','ajupejc@google.co.jp','eAcEVPEA3OMC','80 Tennyson Way'),(698,'Tabby Engledow','tengledowjd@fda.gov','skX7C8lVnGAK','93516 Ridgeway Way'),(699,'Cass Lampen','clampenje@skype.com','9fElYwzBB','63 7th Hill'),(700,'Ric Meneely','rmeneelyjf@dot.gov','Gfrin5','22799 Ilene Avenue'),(701,'Myriam Skyrme','mskyrmejg@blogger.com','dbeo9ERWZGo2','3345 Northwestern Parkway'),(702,'Brita Rolls','brollsjh@lulu.com','HcGN6uGiI3','65337 Ramsey Hill'),(703,'Fernanda Freathy','ffreathyji@google.nl','F95AP43e','4541 Oriole Terrace'),(704,'Farleigh De Francesco','fdejj@dyndns.org','YKfokVGyVqBG','00 Debs Terrace'),(705,'Lanita Alldre','lalldrejk@psu.edu','5ZLxJGGp','317 Sherman Circle'),(706,'Ericka Sisneros','esisnerosjl@123-reg.co.uk','sXmttSplg1H','465 Vermont Road'),(707,'Cesar Summersby','csummersbyjm@dyndns.org','6nSdy5Je','7 Monica Hill'),(708,'Padriac Timlin','ptimlinjn@ebay.com','rQWYPY','015 David Terrace'),(709,'Florri Wigfall','fwigfalljo@behance.net','64NzkEEQ','00218 Spaight Circle'),(710,'Rhett Preist','rpreistjp@epa.gov','rrUATt33ZGF','506 Old Shore Center'),(711,'Daren Parr','dparrjq@acquirethisname.com','a8IUNacV2vN','8 Walton Hill'),(712,'Ivan Brinsford','ibrinsfordjr@purevolume.com','kiIlA27uBp','48264 Prentice Avenue'),(713,'Wynn Bauman','wbaumanjs@devhub.com','2W9j9FOkmQ','09571 Rieder Circle'),(714,'Barney Grinval','bgrinvaljt@stumbleupon.com','OUzQLr2zKBQU','11950 Golf Course Plaza'),(715,'Annabela Cocksedge','acocksedgeju@vkontakte.ru','zaPXPRDzd1','7 South Court'),(716,'Tibold Trevain','ttrevainjv@prnewswire.com','WMBruHpJD6hD','63 Mosinee Terrace'),(717,'Meredith Shadrach','mshadrachjw@phoca.cz','OQVtwxtWmvPX','72186 Leroy Road'),(718,'Eduardo Benka','ebenkajx@joomla.org','t7KZKtPsJd','6255 Holmberg Plaza'),(719,'Rachele Varley','rvarleyjy@amazon.co.uk','XISMH7i11vt','65 Farmco Plaza'),(720,'Shandeigh Beals','sbealsjz@e-recht24.de','6gXY0WxvDvD','832 Grayhawk Crossing'),(721,'Anett Bakeup','abakeupk0@photobucket.com','QxNkBmAL','2 Glacier Hill Circle'),(722,'Lucian Peakman','lpeakmank1@abc.net.au','kdYmDq','46488 Oak Valley Point'),(723,'Doroteya Seivwright','dseivwrightk2@bloomberg.com','2wj12Iv7tZxU','39 Fuller Center'),(724,'Torie Perkinson','tperkinsonk3@ebay.com','HArriHEEVZ','775 Huxley Place'),(725,'Katine Drennan','kdrennank4@liveinternet.ru','zVhFSsBOrAyi','0 Debra Terrace'),(726,'Ladonna Spinello','lspinellok5@slate.com','G8IMoIO','286 Glacier Hill Way'),(727,'Megan Stonhard','mstonhardk6@gravatar.com','HpnoT4a','523 Ruskin Hill'),(728,'Gwyneth Chaloner','gchalonerk7@t.co','fsxeIi','6148 Kedzie Center'),(729,'Reamonn Breissan','rbreissank8@plala.or.jp','rKeWfLD3Z','6647 Esker Court'),(730,'Libbey Ironmonger','lironmongerk9@e-recht24.de','XBfh1jyJe','5780 Thompson Point'),(731,'Richmond Dachey','rdacheyka@noaa.gov','h3Rvg9q','981 Merrick Avenue'),(732,'Teodor Lampen','tlampenkb@forbes.com','CoftdiOo','41 Westridge Crossing'),(733,'Darline Leavry','dleavrykc@miibeian.gov.cn','gqNnNi9SYF','92369 Pennsylvania Street'),(734,'Noreen Lethieulier','nlethieulierkd@bizjournals.com','B0ikcj14Crs','79091 Raven Terrace'),(735,'Guthrie Gettins','ggettinske@vinaora.com','VNqolc','1021 Holmberg Circle'),(736,'Jaquelyn Gornal','jgornalkf@dot.gov','SqWwKkn','5850 Holy Cross Place'),(737,'Prue Cashell','pcashellkg@wikia.com','GtYPehJ','349 Chive Avenue'),(738,'Packston Kinneally','pkinneallykh@squidoo.com','OLb2h8ll8','89728 Crownhardt Court'),(739,'Alvis Bulter','abulterki@comsenz.com','Qt64tPft','7 Warrior Point'),(740,'Merill Abrahamoff','mabrahamoffkj@simplemachines.org','s33wHSgP1','6876 Fallview Drive'),(741,'Doralynn Dantesia','ddantesiakk@cdbaby.com','aFgUoeSgp5Q','1059 Loomis Drive'),(742,'Wilbur Beckerleg','wbeckerlegkl@furl.net','GNsJ9copEQx5','780 Brentwood Circle'),(743,'Yvon Matyukon','ymatyukonkm@networksolutions.com','fyTjepD','9 Rowland Point'),(744,'Hilly Potzold','hpotzoldkn@wired.com','jQvrVQI','8481 Mallory Point'),(745,'Frazer Sketch','fsketchko@nytimes.com','pVbqerVaK','243 Memorial Way'),(746,'Krissie Granleese','kgranleesekp@barnesandnoble.com','Dis2BUEU','4 Bobwhite Circle'),(747,'Kellsie Allward','kallwardkq@4shared.com','xyhOxyd3R7aB','6 Loftsgordon Pass'),(748,'Christy Ohrtmann','cohrtmannkr@163.com','xjILhA9susx','85013 Golden Leaf Court'),(749,'Blinny Drage','bdrageks@irs.gov','SLtksRjcAEX3','0 Delladonna Crossing'),(750,'Ivar Ridd','iriddkt@squarespace.com','s1fwaLE5MQ','52204 Holmberg Center'),(751,'Claudie Dermot','cdermotku@cmu.edu','yKE9kbEVAI','45 Caliangt Crossing'),(752,'Jonathon Sparshett','jsparshettkv@last.fm','MAiS08A9','674 Pepper Wood Drive'),(753,'Bridie O\'Heaney','boheaneykw@wufoo.com','t9fI3XO','5534 Mccormick Center'),(754,'Mollee Vasyutochkin','mvasyutochkinkx@delicious.com','Lmmmks','64 Lakeland Park'),(755,'Chevy Daish','cdaishky@ustream.tv','FbHCIgqy1uz','2 Mallory Court'),(756,'Luci Brodway','lbrodwaykz@kickstarter.com','ekNHF3EZQo','7228 Portage Crossing'),(757,'Portia Milesap','pmilesapl0@tripadvisor.com','gbRVtOJSQCTQ','793 Barby Junction'),(758,'Rebeka Lazenbury','rlazenburyl1@scribd.com','PYjem8kWPbz','2 Vahlen Crossing'),(759,'Terrijo Antrum','tantruml2@xrea.com','WzVICPJhf','950 Dennis Crossing'),(760,'Ollie O\'Nions','oonionsl3@domainmarket.com','6fI23wzKqJR','0215 Spaight Lane'),(761,'Marlow Salatino','msalatinol4@drupal.org','sORxSlR','180 Independence Park'),(762,'Faythe Crilly','fcrillyl5@about.me','5oNuGkateR','1949 Fulton Junction'),(763,'Robinetta Gatlin','rgatlinl6@dailymotion.com','Sx5HRaYu','748 Hoffman Crossing'),(764,'Aurea Deboy','adeboyl7@sitemeter.com','P4BRNOVfKM','9487 Anzinger Circle'),(765,'Andee Rigglesford','arigglesfordl8@scientificamerican.com','Vg2qUUXC','84029 Ilene Pass'),(766,'Ophelia Dalgliesh','odalglieshl9@guardian.co.uk','qsCTOZloEP','0055 Manley Street'),(767,'Nicolais Gaythor','ngaythorla@guardian.co.uk','Oh8qzeckOYaf','693 Hauk Park'),(768,'Jasun Beadel','jbeadellb@home.pl','OU0TGTVrSx','312 5th Junction'),(769,'Seward Tripney','stripneylc@yelp.com','w2WVkjbQ','46 Scoville Street'),(770,'Raphaela Hellewell','rhellewellld@shop-pro.jp','ineO6qew','41 Dixon Road'),(771,'Constancia Scrancher','cscrancherle@yahoo.com','mpEYpXkBRRs','91957 Porter Road'),(772,'Gardener Hamblett','ghamblettlf@ox.ac.uk','KIPszad8INQT','1 Mccormick Circle'),(773,'Corenda Hawgood','chawgoodlg@jalbum.net','AOhuOC','4 Starling Parkway'),(774,'Torrin Seebert','tseebertlh@bandcamp.com','lQhmvPh','221 Waubesa Circle'),(775,'Wells Menelaws','wmenelawsli@prlog.org','7FSrJHEUgw3','0156 Washington Court'),(776,'Rafferty Tal','rtallj@opera.com','VzJNvzKYtXI2','25 Dexter Trail'),(777,'Modesta Cometto','mcomettolk@freewebs.com','zC0IaHHGnR','1 Heffernan Alley'),(778,'Dorian Joe','djoell@nyu.edu','6K3xKmhYv9Y','0 Cody Plaza'),(779,'Jedediah Mathwin','jmathwinlm@scribd.com','b4bpSDAYSq3G','903 Pennsylvania Center'),(780,'Hew Poulsum','hpoulsumln@t.co','qUzP0xBNxhBA','14928 Westend Trail'),(781,'Noe Abrahami','nabrahamilo@ehow.com','NnfyCWzOYAS','3 Duke Crossing'),(782,'Madelon MacDavitt','mmacdavittlp@virginia.edu','t6inFWw4CtrV','6 Messerschmidt Plaza'),(783,'Curr Crowson','ccrowsonlq@cmu.edu','XbsuO81','4 Oak Street'),(784,'Cordi Hare','charelr@diigo.com','egwuv7UQsAO5','63422 Vahlen Point'),(785,'Eirena Norway','enorwayls@china.com.cn','7OAu1PV','877 Sunnyside Pass'),(786,'Galina Foldes','gfoldeslt@cdbaby.com','lpySrbbb','076 Forest Alley'),(787,'Larine Becconsall','lbecconsalllu@godaddy.com','ZoxgwXP7','2020 Esker Park'),(788,'Lazare Blunden','lblundenlv@cisco.com','O0URwNiDxgP','1 Mariners Cove Terrace'),(789,'Julieta Shemwell','jshemwelllw@dailymail.co.uk','1yn7ctHKOY4','7768 Bluejay Alley'),(790,'Virginie Josse','vjosselx@salon.com','OODZHUOxp','7016 Toban Park'),(791,'Bradford Laurentino','blaurentinoly@comcast.net','Wlu9TA5TCm','9744 East Hill'),(792,'Barret Towner','btownerlz@mapy.cz','PCk62hTb4xi','828 Browning Court'),(793,'Benoite Camelli','bcamellim0@cocolog-nifty.com','oNuwEEN1','8332 Sage Avenue'),(794,'Ethelind Goodday','egooddaym1@virginia.edu','CTriTaFlct','74615 North Plaza'),(795,'Clarey Wincer','cwincerm2@columbia.edu','NHSsAkgH','1209 8th Plaza'),(796,'Eloise Asher','easherm3@edublogs.org','uadPefCrFEP','5519 Johnson Drive'),(797,'Vinnie Pulteneye','vpulteneyem4@symantec.com','zECSfuJQj','52895 Cambridge Point'),(798,'Marlee Blain','mblainm5@youtu.be','0mznJQN6Ly','53176 Forest Dale Plaza'),(799,'Mendy Bareford','mbarefordm6@jimdo.com','1OfquLFVcd','4894 Union Road'),(800,'Margaret Medmore','mmedmorem7@examiner.com','dSS52c','8947 Oak Valley Pass');
/*!40000 ALTER TABLE `customer` ENABLE KEYS */;
UNLOCK TABLES;

--
-- Table structure for table `customer_contact`
--

DROP TABLE IF EXISTS `customer_contact`;
/*!40101 SET @saved_cs_client     = @@character_set_client */;
/*!50503 SET character_set_client = utf8mb4 */;
CREATE TABLE `customer_contact` (
  `Customer_ID` int NOT NULL,
  `Phone_Number` varchar(10) NOT NULL,
  PRIMARY KEY (`Customer_ID`,`Phone_Number`),
  UNIQUE KEY `Phone_Number` (`Phone_Number`),
  CONSTRAINT `customer_contact_ibfk_1` FOREIGN KEY (`Customer_ID`) REFERENCES `customer` (`Customer_ID`)
) ENGINE=InnoDB DEFAULT CHARSET=utf8mb4 COLLATE=utf8mb4_0900_ai_ci;
/*!40101 SET character_set_client = @saved_cs_client */;

--
-- Dumping data for table `customer_contact`
--

LOCK TABLES `customer_contact` WRITE;
/*!40000 ALTER TABLE `customer_contact` DISABLE KEYS */;
INSERT INTO `customer_contact` VALUES (29,'1008811403'),(548,'1015462542'),(115,'1019011346'),(567,'1071866201'),(50,'1072975318'),(283,'1076894736'),(614,'1088767741'),(721,'1093003259'),(129,'1096824251'),(755,'1099124415'),(144,'1102452031'),(372,'1104208843'),(365,'1119700183'),(408,'1134068226'),(199,'1148979613'),(130,'1149736586'),(658,'1154310825'),(284,'1156627849'),(377,'1175065659'),(250,'1182450397'),(268,'1183833362'),(669,'1183982404'),(113,'1208007661'),(314,'1213979301'),(712,'1215202024'),(101,'1229118274'),(89,'1238023667'),(388,'1244233958'),(780,'1244968844'),(33,'1257187098'),(616,'1258541621'),(621,'1259662348'),(326,'1278640076'),(80,'1307209934'),(437,'1308372795'),(467,'1318202979'),(412,'1326617762'),(777,'1333055870'),(124,'1334606606'),(344,'1341975845'),(262,'1344877376'),(439,'1362098341'),(743,'1381427037'),(146,'1387242133'),(650,'1388932819'),(286,'1392829168'),(99,'1395909043'),(507,'1396048400'),(54,'1398589309'),(512,'1424271272'),(258,'1452608177'),(468,'1453888463'),(478,'1472511153'),(660,'1473532272'),(232,'1473983133'),(328,'1475061861'),(747,'1482207217'),(492,'1496956989'),(175,'1503726487'),(739,'1534651505'),(163,'1564896332'),(307,'1566160060'),(390,'1567375061'),(584,'1586629408'),(784,'1592017756'),(555,'1607539568'),(360,'1615565401'),(648,'1617911928'),(455,'1618115275'),(754,'1626614330'),(69,'1659583074'),(487,'1672292788'),(513,'1672467241'),(12,'1675488379'),(47,'1693257034'),(225,'1719346766'),(670,'1729146280'),(703,'1744483634'),(663,'1748221371'),(190,'1756062100'),(742,'1773473091'),(5,'1787392252'),(609,'1794783353'),(201,'1821649845'),(708,'1822336213'),(713,'1825325485'),(539,'1832243381'),(398,'1835753293'),(714,'1861570758'),(397,'1864267707'),(36,'1869883528'),(656,'1878930014'),(370,'1883075963'),(454,'1898255411'),(119,'1903958633'),(172,'1907025226'),(130,'1907628215'),(798,'1917254019'),(200,'1923422830'),(386,'1923873144'),(289,'1928473693'),(278,'1938648903'),(797,'1942914417'),(357,'1964265694'),(409,'1974731932'),(114,'1975749068'),(446,'1995323683'),(82,'1996837476'),(430,'1998573365'),(42,'2011928416'),(681,'2023613635'),(768,'2026060907'),(246,'2026101065'),(299,'2027263089'),(665,'2029847159'),(740,'2044789033'),(56,'2048778361'),(229,'2061848374'),(384,'2065772858'),(321,'2077875028'),(19,'2086404354'),(636,'2094265238'),(461,'2095554846'),(212,'2123871376'),(317,'2137013227'),(622,'2148000122'),(450,'2164301577'),(596,'2166683210'),(510,'2182937923'),(25,'2186766147'),(116,'2186899967'),(84,'2201192951'),(106,'2209549531'),(441,'2218151745'),(74,'2221940793'),(340,'2233242640'),(595,'2248311016'),(322,'2266795987'),(779,'2272586094'),(705,'2273100017'),(244,'2291148321'),(510,'2295246444'),(148,'2301221649'),(620,'2305470570'),(643,'2312052631'),(714,'2315750557'),(551,'2338737066'),(459,'2339141550'),(708,'2353721802'),(206,'2374780098'),(290,'2375345674'),(424,'2378294447'),(615,'2404139579'),(161,'2434635035'),(166,'2452959381'),(359,'2459875928'),(550,'2471423342'),(68,'2477153081'),(546,'2489587605'),(126,'2519674273'),(618,'2536899735'),(112,'2553446411'),(569,'2589953570'),(558,'2595648469'),(481,'2599544876'),(554,'2601699514'),(107,'2606083843'),(273,'2621240435'),(566,'2622801980'),(761,'2631402090'),(666,'2638563571'),(696,'2655467169'),(150,'2671118288'),(711,'2679244895'),(154,'2695810274'),(60,'2701133888'),(626,'2723596185'),(104,'2757734600'),(110,'2801310211'),(416,'2804224811'),(793,'2805312036'),(460,'2811770246'),(451,'2835536618'),(364,'2839225290'),(111,'2861127223'),(592,'2892592641'),(680,'2894970538'),(43,'2897860754'),(209,'2921064052'),(421,'2928633997'),(417,'2933638088'),(452,'2933802356'),(42,'2943722349'),(640,'2946319077'),(757,'2946551950'),(323,'2947369896'),(65,'2951788615'),(40,'2953270553'),(655,'2961229915'),(476,'2967648550'),(187,'2975047680'),(766,'2977710917'),(131,'2984118626'),(647,'3008682689'),(576,'3016323180'),(668,'3018660118'),(298,'3038552847'),(8,'3042552594'),(193,'3044475025'),(744,'3074158287'),(625,'3086201892'),(490,'3086406273'),(557,'3096298970'),(271,'3116814091'),(505,'3151747993'),(540,'3159078387'),(3,'3174480011'),(422,'3176085483'),(395,'3185005766'),(274,'3192158967'),(203,'3193249786'),(381,'3196314140'),(785,'3201627283'),(652,'3204418692'),(745,'3212977180'),(542,'3237995384'),(683,'3247969382'),(53,'3291692944'),(562,'3312043754'),(261,'3314753669'),(444,'3316486167'),(215,'3317505502'),(85,'3365708381'),(387,'3381540106'),(266,'3386722328'),(648,'3389780979'),(540,'3408713579'),(230,'3419302271'),(575,'3444399374'),(480,'3445398291'),(741,'3456312259'),(139,'3484629541'),(631,'3487779454'),(195,'3501227227'),(382,'3515706607'),(227,'3521612863'),(378,'3537316659'),(580,'3574997690'),(259,'3575079871'),(211,'3579598647'),(32,'3581604850'),(753,'3587238496'),(334,'3625390378'),(325,'3639583257'),(623,'3642293836'),(686,'3663693834'),(575,'3667320036'),(56,'3678509817'),(415,'3679187926'),(517,'3682558895'),(23,'3692598881'),(188,'3693152619'),(303,'3696467521'),(377,'3707673229'),(632,'3708015124'),(239,'3714015004'),(662,'3737902181'),(159,'3738375636'),(790,'3746231164'),(746,'3768620259'),(19,'3768958423'),(674,'3771334940'),(457,'3784066282'),(606,'3789629707'),(28,'3798571470'),(241,'3803901115'),(7,'3807925951'),(425,'3811092863'),(667,'3813804286'),(665,'3825235517'),(320,'3834773739'),(544,'3851334549'),(308,'3871671458'),(371,'3872943896'),(9,'3899573840'),(153,'3934948448'),(176,'3936441259'),(423,'3938503061'),(727,'3952402493'),(219,'4026904861'),(692,'4052388361'),(749,'4055953151'),(222,'4071555690'),(332,'4071954506'),(358,'4079073307'),(783,'4079205872'),(102,'4081412612'),(234,'4083248934'),(373,'4097114456'),(285,'4106429821'),(499,'4108418216'),(698,'4114045127'),(362,'4128174671'),(184,'4128605190'),(251,'4135995648'),(98,'4146809026'),(158,'4161813139'),(783,'4177355179'),(520,'4184437064'),(694,'4192701314'),(645,'4198946541'),(149,'4213338431'),(538,'4236321426'),(210,'4237573608'),(770,'4267069477'),(118,'4269499563'),(682,'4289002537'),(435,'4295972628'),(610,'4303157515'),(433,'4304754701'),(535,'4306796684'),(367,'4349090118'),(240,'4366660153'),(634,'4391320143'),(697,'4396079518'),(679,'4411096415'),(279,'4414909073'),(369,'4422215425'),(64,'4423156542'),(642,'4427145555'),(737,'4427645889'),(46,'4431520318'),(324,'4449190464'),(483,'4468561678'),(659,'4469490054'),(383,'4475986562'),(718,'4488673647'),(726,'4492006183'),(693,'4499146305'),(2,'4502916756'),(775,'4519459748'),(651,'4532934345'),(62,'4535610922'),(162,'4542585987'),(655,'4555496565'),(304,'4557351411'),(702,'4564106274'),(598,'4565925321'),(782,'4581148348'),(87,'4585179863'),(155,'4591741605'),(532,'4594936168'),(235,'4595823596'),(329,'4654113250'),(191,'4657220384'),(248,'4669448519'),(788,'4676362231'),(236,'4681975126'),(78,'4691221502'),(121,'4715014440'),(109,'4721123013'),(628,'4724620751'),(181,'4735950920'),(396,'4753030456'),(796,'4773443375'),(350,'4774055868'),(312,'4776019310'),(787,'4784666387'),(649,'4787348457'),(103,'4789327932'),(664,'4793736717'),(117,'4796802625'),(519,'4824985092'),(495,'4838709616'),(16,'4841717910'),(599,'4845555866'),(376,'4853293382'),(173,'4863908351'),(484,'4893722545'),(605,'4902364789'),(105,'4903680496'),(684,'4907442135'),(39,'4908643441'),(570,'4908731900'),(125,'4911614509'),(91,'4912599843'),(333,'4912667803'),(672,'4962760738'),(582,'4974089627'),(732,'4977742795'),(337,'4991074783'),(147,'4994968305'),(379,'4997004319'),(671,'5006252460'),(418,'5015991869'),(356,'5036989420'),(470,'5042158955'),(759,'5043251323'),(361,'5044158284'),(342,'5051946145'),(208,'5057157312'),(429,'5093383821'),(502,'5094005137'),(673,'5098556440'),(306,'5111986862'),(4,'5116034856'),(411,'5118240020'),(350,'5129508398'),(151,'5133305630'),(185,'5145514616'),(143,'5162904995'),(568,'5181378419'),(86,'5186575089'),(316,'5187486375'),(282,'5203868571'),(233,'5208247922'),(736,'5231724909'),(710,'5234109750'),(765,'5244582193'),(96,'5246174981'),(305,'5256282663'),(391,'5257036748'),(469,'5257128127'),(587,'5265632956'),(763,'5266244265'),(220,'5268020820'),(676,'5269324519'),(603,'5276032570'),(756,'5293828152'),(17,'5305976522'),(353,'5311624109'),(295,'5345770323'),(38,'5368883020'),(762,'5372255372'),(511,'5372432067'),(18,'5388669057'),(183,'5394136937'),(602,'5398514614'),(778,'5414365230'),(586,'5431321986'),(238,'5432459406'),(338,'5434384391'),(88,'5449140894'),(92,'5449934128'),(118,'5458263858'),(496,'5459960645'),(20,'5466847919'),(473,'5475391196'),(530,'5478705528'),(475,'5493474961'),(794,'5508234656'),(498,'5508435886'),(385,'5522581545'),(294,'5522902702'),(456,'5531846046'),(428,'5564278221'),(179,'5574850139'),(71,'5579676512'),(709,'5586646611'),(771,'5612500137'),(21,'5615001198'),(456,'5615196075'),(180,'5639529170'),(791,'5655805619'),(315,'5665198423'),(142,'5685471184'),(685,'5695004741'),(612,'5701857855'),(399,'5732177717'),(133,'5733783431'),(301,'5746732885'),(242,'5747673984'),(760,'5749208482'),(48,'5762646955'),(497,'5764398828'),(689,'5766997050'),(506,'5767510373'),(795,'5798517471'),(489,'5801646224'),(594,'5811652531'),(431,'5812935922'),(547,'5823492988'),(226,'5827144048'),(335,'5832323349'),(680,'5836478909'),(368,'5842929092'),(341,'5846830993'),(706,'5864309740'),(440,'5867097816'),(214,'5881347147'),(471,'5895268050'),(152,'5903957051'),(119,'5905650979'),(24,'5914385134'),(120,'5921413101'),(224,'5939753424'),(264,'5949390271'),(189,'5971462899'),(343,'5978347155'),(563,'5978624046'),(565,'5983834062'),(720,'5988117122'),(404,'5998536481'),(611,'6013108718'),(125,'6024234608'),(37,'6078170839'),(392,'6086519118'),(21,'6091171707'),(504,'6096286818'),(327,'6115422731'),(500,'6133655838'),(52,'6139654933'),(494,'6162502279'),(448,'6165305481'),(604,'6168237906'),(474,'6171915255'),(23,'6177383865'),(479,'6195153250'),(280,'6234156195'),(719,'6241352453'),(520,'6245517473'),(653,'6245743698'),(633,'6249858628'),(402,'6279143965'),(641,'6288686988'),(269,'6304598189'),(83,'6307572806'),(260,'6323469913'),(255,'6327272915'),(41,'6331251759'),(521,'6387164399'),(414,'6392540813'),(44,'6427106561'),(132,'6448613580'),(452,'6449098015'),(202,'6464543158'),(330,'6468542415'),(389,'6478726866'),(300,'6481683177'),(789,'6497522300'),(136,'6506057261'),(699,'6515850197'),(470,'6525857797'),(572,'6538194478'),(789,'6559540238'),(644,'6563931868'),(297,'6564328191'),(112,'6586221724'),(482,'6588106809'),(287,'6591551837'),(140,'6616750228'),(346,'6621018094'),(524,'6622816696'),(197,'6637492383'),(213,'6637621819'),(675,'6644208348'),(267,'6674105888'),(485,'6674828890'),(277,'6684081608'),(432,'6688673178'),(137,'6711156890'),(512,'6725721020'),(749,'6735150751'),(519,'6751650508'),(186,'6753156823'),(168,'6753925906'),(695,'6764285127'),(774,'6769014881'),(607,'6771642816'),(160,'6792759274'),(366,'6794423339'),(436,'6794530007'),(217,'6815399685'),(715,'6822079089'),(619,'6823864167'),(102,'6836711991'),(453,'6837322452'),(527,'6852693711'),(523,'6856649821'),(199,'6865676476'),(157,'6873991931'),(63,'6894685859'),(351,'6896360899'),(177,'6897225713'),(309,'6931002877'),(464,'6932619399'),(600,'6939876780'),(167,'6944266402'),(486,'6944989819'),(73,'6952486455'),(463,'6959634788'),(445,'6969218639'),(543,'6981096043'),(495,'6983665748'),(537,'7003651002'),(49,'7047729649'),(59,'7055077066'),(319,'7067902472'),(30,'7076567311'),(345,'7077976985'),(161,'7091622654'),(375,'7095104500'),(406,'7096297508'),(630,'7125736375'),(624,'7128329944'),(308,'7133993365'),(627,'7143689816'),(331,'7143804443'),(622,'7146151728'),(128,'7146543368'),(135,'7169365722'),(76,'7175898214'),(374,'7176423076'),(723,'7177084008'),(391,'7184043268'),(462,'7197595955'),(700,'7198625385'),(799,'7204476847'),(528,'7207416752'),(318,'7226967412'),(691,'7243254366'),(607,'7254228931'),(256,'7257869652'),(638,'7266147608'),(577,'7277546919'),(659,'7277938737'),(57,'7279746845'),(588,'7281132769'),(449,'7288556675'),(583,'7295869385'),(98,'7312790961'),(288,'7315158506'),(216,'7324799013'),(192,'7324888595'),(769,'7325040561'),(466,'7327172189'),(237,'7341879583'),(581,'7344315358'),(629,'7361660400'),(361,'7377299177'),(690,'7381434598'),(105,'7383348144'),(499,'7396400202'),(235,'7396610530'),(420,'7399995657'),(221,'7404521798'),(10,'7411506631'),(9,'7412721588'),(738,'7418365955'),(182,'7422159556'),(91,'7433156382'),(657,'7438894536'),(593,'7441336620'),(412,'7473530036'),(108,'7488698646'),(522,'7519697698'),(654,'7519854782'),(85,'7535610596'),(196,'7542128884'),(722,'7562679786'),(545,'7582683503'),(355,'7588781948'),(734,'7596397495'),(712,'7615602728'),(254,'7618421592'),(477,'7622042314'),(408,'7629565803'),(422,'7636291360'),(152,'7636547934'),(270,'7654901358'),(728,'7657379080'),(6,'7661537264'),(94,'7672631084'),(751,'7731437446'),(541,'7747346863'),(58,'7747418102'),(800,'7757755253'),(231,'7758178429'),(478,'7779615881'),(618,'7782729664'),(247,'7783225453'),(579,'7791380957'),(55,'7797526594'),(419,'7823464425'),(529,'7833465205'),(123,'7852386631'),(639,'7864872330'),(573,'7865481559'),(343,'7866602837'),(252,'7883741775'),(22,'7905403998'),(438,'7913732718'),(13,'7915864679'),(170,'7931797126'),(434,'7936542135'),(534,'7944941014'),(51,'7947680049'),(122,'7953830923'),(67,'7955720765'),(473,'7959148892'),(515,'7968836168'),(730,'7988168627'),(716,'7991315458'),(516,'7996541264'),(426,'8005196596'),(296,'8011158121'),(29,'8014813945'),(256,'8029373846'),(635,'8032766664'),(647,'8036207461'),(97,'8037951783'),(750,'8052143059'),(253,'8057403012'),(171,'8074052264'),(276,'8074053395'),(45,'8082270926'),(503,'8092311148'),(265,'8101972979'),(567,'8107207189'),(245,'8114712773'),(145,'8135962513'),(79,'8139698578'),(758,'8156419890'),(394,'8175179775'),(281,'8186302065'),(597,'8186645993'),(376,'8187472452'),(403,'8188647064'),(363,'8191871078'),(465,'8199375180'),(31,'8212893365'),(352,'8223063437'),(223,'8231901928'),(571,'8246456672'),(733,'8266458245'),(662,'8276718955'),(564,'8281631077'),(90,'8285486254'),(740,'8337263363'),(559,'8356098540'),(401,'8359188389'),(15,'8367515777'),(543,'8422752607'),(707,'8435438569'),(291,'8456749893'),(544,'8459328759'),(781,'8468785479'),(243,'8482096333'),(380,'8498866271'),(767,'8521209853'),(560,'8525987768'),(26,'8527143185'),(533,'8533797932'),(585,'8558643840'),(263,'8566422188'),(329,'8574254029'),(776,'8588941234'),(617,'8592348732'),(27,'8596353089'),(518,'8601588596'),(95,'8609112295'),(339,'8644731269'),(572,'8689189340'),(127,'8694592476'),(637,'8706092301'),(787,'8708851889'),(104,'8711206757'),(430,'8721143612'),(522,'8732340635'),(218,'8751686599'),(405,'8801112525'),(724,'8815936991'),(729,'8836516098'),(646,'8839522823'),(1,'8839750154'),(207,'8843364943'),(100,'8854635302'),(508,'8863885944'),(283,'8875162306'),(257,'8892068487'),(687,'8894104692'),(442,'8895659287'),(272,'8915643669'),(501,'8919551330'),(164,'8919667275'),(165,'8926573186'),(651,'8954214031'),(46,'8955393753'),(407,'8957004188'),(71,'8961437277'),(395,'8973167677'),(369,'8976066293'),(764,'8981551896'),(336,'8981973456'),(748,'8983310856'),(599,'9011524648'),(735,'9014077412'),(752,'9016443779'),(228,'9021672927'),(573,'9036107140'),(178,'9045882484'),(72,'9068200525'),(561,'9091650082'),(556,'9092468027'),(552,'9093936687'),(536,'9105628850'),(13,'9142433844'),(347,'9166375284'),(415,'9179637840'),(348,'9192277451'),(661,'9195736856'),(366,'9199434923'),(410,'9202773919'),(472,'9211223268'),(413,'9216558637'),(292,'9232055020'),(613,'9232999601'),(427,'9259221845'),(688,'9264682919'),(608,'9266630298'),(338,'9284536956'),(614,'9285070015'),(786,'9292903351'),(147,'9314610087'),(349,'9318917154'),(514,'9325011183'),(156,'9332338549'),(205,'9342778121'),(636,'9349970604'),(108,'9367295807'),(293,'9384551522'),(141,'9395780014'),(677,'9398081452'),(731,'9407247213'),(249,'9407452811'),(275,'9409799452'),(400,'9422531773'),(61,'9423090401'),(70,'9434804391'),(174,'9446059518'),(556,'9449561742'),(797,'9479981596'),(589,'9484082718'),(553,'9499190683'),(458,'9511786248'),(34,'9514401517'),(11,'9516384212'),(421,'9518759925'),(198,'9521108834'),(138,'9524415271'),(134,'9527661750'),(610,'9532230354'),(402,'9533456626'),(493,'9543862664'),(313,'9545349210'),(35,'9546060468'),(232,'9546913354'),(354,'9562785013'),(204,'9567811851'),(509,'9584003189'),(488,'9587508459'),(701,'9598268718'),(75,'9621490105'),(14,'9625621523'),(605,'9645881094'),(77,'9658286659'),(601,'9674562445'),(311,'9674614270'),(446,'9685901215'),(578,'9695508693'),(237,'9698721363'),(66,'9707550058'),(88,'9716269299'),(526,'9722702839'),(93,'9753936285'),(491,'9786792236'),(169,'9789769506'),(393,'9794733893'),(591,'9823551204'),(574,'9825357425'),(81,'9836839219'),(531,'9837930267'),(772,'9839899557'),(194,'9844030496'),(447,'9847537151'),(525,'9857648677'),(704,'9871363257'),(310,'9885829020'),(549,'9892052019'),(331,'9893333531'),(678,'9937011025'),(443,'9939119420'),(590,'9954261649'),(725,'9968708268'),(717,'9971506565'),(792,'9974446619'),(547,'9984367052'),(302,'9986457610'),(500,'9988290540'),(773,'9988986033');
/*!40000 ALTER TABLE `customer_contact` ENABLE KEYS */;
UNLOCK TABLES;

--
-- Table structure for table `deliverydriver`
--

DROP TABLE IF EXISTS `deliverydriver`;
/*!40101 SET @saved_cs_client     = @@character_set_client */;
/*!50503 SET character_set_client = utf8mb4 */;
CREATE TABLE `deliverydriver` (
  `Driver_ID` int NOT NULL AUTO_INCREMENT,
  `Full_Name` varchar(50) NOT NULL,
  `Phone_Number` varchar(10) NOT NULL,
  `Delivery_Date` varchar(50) NOT NULL,
  PRIMARY KEY (`Driver_ID`),
  UNIQUE KEY `Phone_Number` (`Phone_Number`)
) ENGINE=InnoDB AUTO_INCREMENT=101 DEFAULT CHARSET=utf8mb4 COLLATE=utf8mb4_0900_ai_ci;
/*!40101 SET character_set_client = @saved_cs_client */;

--
-- Dumping data for table `deliverydriver`
--

LOCK TABLES `deliverydriver` WRITE;
/*!40000 ALTER TABLE `deliverydriver` DISABLE KEYS */;
INSERT INTO `deliverydriver` VALUES (1,'Margret Tennock','3532268493','28/12/2022'),(2,'Dennie Prothero','9074364720','16/07/2022'),(3,'Roarke Caslin','6031805233','01/02/2023'),(4,'Florida Vassel','7335816556','06/03/2022'),(5,'Bil Abbie','6135206400','05/02/2023'),(6,'Vinni Swinnerton','6811163303','12/11/2022'),(7,'Arda Bridgewood','6797283888','30/08/2022'),(8,'Marmaduke Stearn','2236762631','25/03/2022'),(9,'Drucie Kienl','9917900302','15/08/2022'),(10,'Teodora Blade','2368672226','13/11/2022'),(11,'Aubree Howlett','3703702944','08/04/2022'),(12,'Hadleigh Kopf','5052820502','02/10/2022'),(13,'Ogden Cammack','9513832568','16/04/2022'),(14,'Ruben Eagers','3519189945','17/10/2022'),(15,'Garth Whitney','5645649792','08/07/2022'),(16,'Maury Spitell','2837898458','25/09/2022'),(17,'Cathrin Wayland','1809287878','22/02/2022'),(18,'Birgit Crecy','8756887987','31/05/2022'),(19,'Marie-jeanne Bartholomew','6784081111','20/07/2022'),(20,'Indira Dallewater','5828450512','11/05/2022'),(21,'Eydie Darragon','1251094407','05/01/2023'),(22,'Petronilla Rotherforth','1284937948','09/10/2022'),(23,'Faber Sambath','2657328514','04/06/2022'),(24,'Tito Harms','1332262567','16/12/2022'),(25,'Fanny O\'Sheerin','9458553806','03/09/2022'),(26,'Griselda Rodd','2252974848','18/12/2022'),(27,'Chrissie Burcombe','9249979040','11/10/2022'),(28,'Marthena Stodd','1642065802','04/02/2023'),(29,'Edie Real','9524862627','11/09/2022'),(30,'Jodie Domoney','5185412908','22/06/2022'),(31,'Tracy Jakov','3122541803','30/10/2022'),(32,'Radcliffe Mauvin','5134762909','10/01/2023'),(33,'Margeaux Sulter','4571181913','01/12/2022'),(34,'Elyn Voak','8879224041','29/03/2022'),(35,'Galina Finessy','5954565664','16/10/2022'),(36,'Teddi Bullman','7616827963','23/02/2022'),(37,'Alexi Lukock','4226141671','25/10/2022'),(38,'Kirstyn Pears','7297652960','25/02/2022'),(39,'Sarene Gouldstone','7976228002','13/07/2022'),(40,'Fairleigh Keesman','1222761959','22/05/2022'),(41,'Bruis Kryska','9843079550','18/03/2022'),(42,'Christal Oppy','2274579260','02/10/2022'),(43,'Tab Durnill','1843886471','10/11/2022'),(44,'Torr Pettyfer','8953613328','21/04/2022'),(45,'Brittany Stoffel','1472920979','23/10/2022'),(46,'Louie Coule','1861318823','07/06/2022'),(47,'Denyse Jeness','7797007987','12/05/2022'),(48,'Carena Agg','6023091729','23/05/2022'),(49,'Charline Shales','2472577869','03/02/2023'),(50,'Stanford Lamar','8279029001','21/12/2022'),(51,'Gwen Llewellin','6445451106','07/07/2022'),(52,'Hilary Top','1314412341','13/02/2022'),(53,'Shannon Shovelbottom','9085175126','20/04/2022'),(54,'Midge Fairy','2601017732','20/03/2022'),(55,'Dulcea Cisneros','2603268520','26/10/2022'),(56,'Lynette MacIlurick','4846703849','08/10/2022'),(57,'Britt Postan','6479758047','28/07/2022'),(58,'Hyacinthe Bainbridge','2218717611','07/04/2022'),(59,'Fabien Stanway','9372558818','09/12/2022'),(60,'Latashia Goroni','1068197760','07/03/2022'),(61,'Fern Killigrew','6412503282','27/09/2022'),(62,'Oliviero Saipy','1813853007','24/04/2022'),(63,'Felipa Watsham','1367545960','13/08/2022'),(64,'Cleopatra Scrase','3266624496','22/10/2022'),(65,'Maryrose Jope','7152026574','16/12/2022'),(66,'Evonne Leake','5705986133','24/07/2022'),(67,'Nichole Griswaite','5675933832','06/09/2022'),(68,'Sondra Charlo','7039445915','22/01/2023'),(69,'Emlyn Legan','3107156633','28/05/2022'),(70,'Rickey Atter','2444109899','08/07/2022'),(71,'Isidoro Kimm','8607462582','27/10/2022'),(72,'Yvon Thew','7939651999','20/10/2022'),(73,'Odilia Gilardoni','5288949296','22/08/2022'),(74,'Taffy Buckeridge','6392881743','06/02/2023'),(75,'Ruthann Bockmaster','8608168076','27/01/2023'),(76,'Yorke Butland','7635249380','03/07/2022'),(77,'Scotti MacGinley','3369913705','18/03/2022'),(78,'Pepe Phette','3345924038','28/04/2022'),(79,'Benedikt Wardingly','4209491211','21/06/2022'),(80,'Edee Folini','3572049291','04/08/2022'),(81,'Brandy Janczewski','9963030056','11/10/2022'),(82,'Kristoforo Deller','8183173438','12/08/2022'),(83,'Analise Laetham','4562247216','28/12/2022'),(84,'Giacomo Barrass','9551667060','25/12/2022'),(85,'Niko Grunder','8649132554','16/02/2022'),(86,'Emmeline Casolla','7128820633','28/02/2022'),(87,'Shirlene McOrkill','5401626701','11/11/2022'),(88,'Peyton Palk','2341069459','24/10/2022'),(89,'Cherrita Rawsthorn','9034329634','21/01/2023'),(90,'Clarissa Jonathon','9381708962','24/07/2022'),(91,'Almeta Cowern','1305128486','14/07/2022'),(92,'Damita Barkaway','4058841685','24/12/2022'),(93,'Alon De Caroli','5706828568','30/10/2022'),(94,'Parrnell Rainard','6144700955','30/07/2022'),(95,'Katine Alfuso','8294086464','15/05/2022'),(96,'Brittney Delmonti','7307560728','14/04/2022'),(97,'Latrina Jasper','5719074092','15/01/2023'),(98,'Ewell McCraine','3239103342','01/03/2022'),(99,'Vikki Brewins','5291860190','18/02/2022'),(100,'Susann de Keep','6088973221','07/01/2023');
/*!40000 ALTER TABLE `deliverydriver` ENABLE KEYS */;
UNLOCK TABLES;

--
-- Table structure for table `email_notifications`
--

DROP TABLE IF EXISTS `email_notifications`;
/*!40101 SET @saved_cs_client     = @@character_set_client */;
/*!50503 SET character_set_client = utf8mb4 */;
CREATE TABLE `email_notifications` (
  `To_Email` varchar(100) DEFAULT NULL,
  `Subject_` varchar(200) DEFAULT NULL,
  `Message` varchar(1000) DEFAULT NULL
) ENGINE=InnoDB DEFAULT CHARSET=utf8mb4 COLLATE=utf8mb4_0900_ai_ci;
/*!40101 SET character_set_client = @saved_cs_client */;

--
-- Dumping data for table `email_notifications`
--

LOCK TABLES `email_notifications` WRITE;
/*!40000 ALTER TABLE `email_notifications` DISABLE KEYS */;
INSERT INTO `email_notifications` VALUES ('kverbruggef2@sohu.com','Order Shipped!','Dear Customer, your order with Order ID 2 has been shipped!');
/*!40000 ALTER TABLE `email_notifications` ENABLE KEYS */;
UNLOCK TABLES;

--
-- Table structure for table `employee`
--

DROP TABLE IF EXISTS `employee`;
/*!40101 SET @saved_cs_client     = @@character_set_client */;
/*!50503 SET character_set_client = utf8mb4 */;
CREATE TABLE `employee` (
  `Employee_ID` int NOT NULL AUTO_INCREMENT,
  `Username` varchar(50) NOT NULL,
  `Employee_Password` varchar(100) NOT NULL,
  PRIMARY KEY (`Employee_ID`),
  UNIQUE KEY `Username` (`Username`)
) ENGINE=InnoDB AUTO_INCREMENT=201 DEFAULT CHARSET=utf8mb4 COLLATE=utf8mb4_0900_ai_ci;
/*!40101 SET character_set_client = @saved_cs_client */;

--
-- Dumping data for table `employee`
--

LOCK TABLES `employee` WRITE;
/*!40000 ALTER TABLE `employee` DISABLE KEYS */;
INSERT INTO `employee` VALUES (1,'chearon0','YDzdPf'),(2,'maviss1','K1q5jgF'),(3,'fcanner2','4V9K0udd'),(4,'mfrankcomb3','fFLE5jJyfGt'),(5,'emckibben4','4jSxcE'),(6,'fbangle5','sL3DFv3n5cWI'),(7,'caldridge6','ZrsgiYVwxJdq'),(8,'cformby7','aoX986ol'),(9,'dreddle8','DDADc3Nw'),(10,'gocannavan9','orDjyS'),(11,'oadriaana','20HlE7'),(12,'ltrimeb','z2NnaAaty9'),(13,'dpatrisksonc','ASSrNQv'),(14,'jlengletd','2BADTEfM'),(15,'fliepmanne','RWRJcm9vVg'),(16,'fbortolinif','TPXGWhvBJEt'),(17,'adouthwaiteg','DVF5VzkGTx'),(18,'pbowsherh','l5duVgNfk'),(19,'mhovendeni','bbgysMjUAF'),(20,'bdraceyj','3OqCTh'),(21,'mhannigerk','I1X5htXeM3Ka'),(22,'tmedlarl','pf9TkiNS'),(23,'kbreadonm','IH8RBgDnn3et'),(24,'mludlown','SMTZZ7nAa98'),(25,'hdoryo','FdTqekCenh'),(26,'mpaigep','gcUC8o'),(27,'mmccafferkyq','2p4pQRe1IP'),(28,'sfyfer','LXAzPEOyfs'),(29,'sleveys','FhabLBqdo'),(30,'mweint','x0lgGrqP'),(31,'dingeru','bmoAM0FLXII'),(32,'psilberv','Y595F1'),(33,'rivakhnow','bqP1gv'),(34,'sswinnardx','p1miZlLRRzk'),(35,'edunkerleyy','o3IzpkSq'),(36,'cantonioniz','jLTzOw5qD7K'),(37,'hspeedy10','fJLaUfoyjH'),(38,'rtirone11','YswZX8CM'),(39,'jrubin12','pz698foy7'),(40,'clesek13','lPo8eboc'),(41,'tarrighi14','EgUdt4w'),(42,'dheys15','DjTVmb5TFZE'),(43,'gjacqueminet16','68poXX'),(44,'ngostridge17','h2pawu'),(45,'wgull18','2MBdJI9O'),(46,'cjaniak19','GXmJyqn1F'),(47,'overtigan1a','rVbRdqal4Zyi'),(48,'tborthe1b','TmUihYQz'),(49,'aferrige1c','SqtupWQcA61H'),(50,'ahaughin1d','JUUKoruFNATp'),(51,'ucakes1e','sJQFjJ9'),(52,'tverrico1f','TQwdSl'),(53,'sfoskin1g','qROtJ6d'),(54,'ayeude1h','1kMUjaS05fX'),(55,'bjowle1i','pzR6qBKFXS'),(56,'kgwatkin1j','oVPp63MQOhL'),(57,'nferrier1k','Wid5uhmxJ91'),(58,'kmerryman1l','fjz0as'),(59,'cbudibent1m','0j3SPp4G3'),(60,'tgreenlees1n','hxfD1s6WYw'),(61,'rfinlason1o','fewazzXXS4'),(62,'hpatkin1p','OGiDdmiHpHe'),(63,'igoor1q','RnUqXzdmcLN'),(64,'bgyorffy1r','uObm94KGP0fe'),(65,'aflaubert1s','ZwIyI3Eo8r'),(66,'switson1t','Tvmqpz'),(67,'establer1u','7bfcyN'),(68,'cgrishinov1v','gfgtWcBG'),(69,'bmctrustram1w','5tzyvJC4qHq'),(70,'ebridgen1x','mvmef3Lcg'),(71,'smckirdy1y','mlF9vS1phg'),(72,'kramos1z','3QO2GE'),(73,'cbenedyktowicz20','UQBDaqQJ3j9F'),(74,'kbainton21','qi7WMVzA'),(75,'rtrayhorn22','Bi8cGZO7sJ'),(76,'mjoice23','9QBj80'),(77,'afaich24','Sbtn6wi'),(78,'dtimeby25','1SqnEs'),(79,'gcrosby26','YhoGddsUkdy'),(80,'sklugel27','mJQcp9aG'),(81,'aernke28','aFbcsDfn'),(82,'bvasyatkin29','M22owvFnqr'),(83,'ptremollet2a','Bq1eM5jFf3ab'),(84,'acraster2b','9vQSKYAAU9lO'),(85,'arhys2c','XBwf8C4AjpuA'),(86,'mdinkin2d','7XiO0rA'),(87,'kocahey2e','yqx78NT'),(88,'pphilipart2f','2olUO1WgDPv'),(89,'mgrinley2g','iRWpyk'),(90,'dpigford2h','pb6xMOR'),(91,'ningham2i','Gv6YB71'),(92,'rgrendon2j','XFpqo90'),(93,'rparmeter2k','CJM0p11xgpe'),(94,'mmorritt2l','cvQj6SQ'),(95,'dilyenko2m','FeF0udTgV9Y'),(96,'mvanoort2n','SfTAIK6'),(97,'mfanton2o','eU6RIDX'),(98,'jhoward2p','nUPMBV97'),(99,'vletixier2q','MOfK9vPH'),(100,'lcumberlidge2r','qHiORQJSq'),(101,'ccruces2s','qZiwt3'),(102,'sribey2t','N8zYXSyIQD'),(103,'sheskey2u','6KJ31j'),(104,'kmachans2v','6Yab1M'),(105,'mflye2w','LydnlNjo0ir'),(106,'kblinde2x','ROYliSCGF'),(107,'mjosephsen2y','pLrIBnbvjU'),(108,'chernik2z','UjQ74S'),(109,'smaclucais30','8YaDVO9'),(110,'mgilbeart31','wFhvd1gO02n'),(111,'etams32','YonQd9Ewtq8'),(112,'mterrett33','Ed8TvIDFlpNH'),(113,'inuemann34','J29KJvh0U'),(114,'csutherden35','0xPOvd12Pmq7'),(115,'ylundbech36','qysSCJBcm6'),(116,'mklicher37','vOEHaeRww0k'),(117,'iharower38','8PBO1gnLVhG'),(118,'pwrennall39','0daVHE4TCx'),(119,'gpeartree3a','70RsQIgDfDC'),(120,'ablenkharn3b','7OgnC9vhzITw'),(121,'omarcu3c','JmzZqaQuE6'),(122,'tlimpkin3d','WoKPO1EQww'),(123,'ledghinn3e','BjvNEVTqQv'),(124,'mdeans3f','waRfZSLW'),(125,'bogus3g','j2xY4qK4P'),(126,'cgregson3h','Pf3eJrzCtEd'),(127,'atrenear3i','9DIIRHBbjN'),(128,'dmcginnell3j','h2T1VTkjoT'),(129,'sjillions3k','ZaBJJ5SFE'),(130,'lcavey3l','26GSQ7'),(131,'jlorman3m','ctT6ViD4AI'),(132,'jattoc3n','pucVtPQdg'),(133,'lannell3o','IvQoEH'),(134,'fglanton3p','DL53k0p'),(135,'imell3q','FPweTOsir'),(136,'abonnette3r','JXFT8cze6JW'),(137,'purwen3s','ULB5Dfa3'),(138,'usmythe3t','JwR6WQO'),(139,'tcarde3u','qpmwP52'),(140,'fgreensitt3v','F6WyULbgw'),(141,'hham3w','kM762t6pQI'),(142,'pkenright3x','DzmTQPK'),(143,'dyare3y','Jw8TFXmvBn7'),(144,'tormston3z','rD9Fkgxeb8a'),(145,'lohrtmann40','gj5RsfTA'),(146,'dgalliard41','14zGNaA8I'),(147,'semons42','6mixMZ8'),(148,'rbourdice43','Dgimrg'),(149,'spietruszka44','mzi4ejjS'),(150,'ustitle45','Dke38U'),(151,'bspino46','4orJMJ9AjCP'),(152,'waiton47','3YmEVqErRd'),(153,'kmaddy48','G0D3h1'),(154,'dmaytum49','cEHM6BtLPv'),(155,'fcattermole4a','O6LUZu1k1p'),(156,'hstickels4b','33c2kF3UL'),(157,'hpoynter4c','HSo8WYseSEd'),(158,'scowill4d','CRJMibAs1oMi'),(159,'nhousecroft4e','hRa1fmRdKDa'),(160,'nbauduccio4f','CmMlTFN'),(161,'ewride4g','oW00jfeq'),(162,'fmurrish4h','cookee0A'),(163,'vgummary4i','CZVE35hoQ'),(164,'bsandever4j','fgVrICuHF7'),(165,'cwray4k','auEwVepDX8Ng'),(166,'amchirrie4l','rxaqQ0mQotx'),(167,'nkarpov4m','UF0cI1o'),(168,'dtithacott4n','CIaUThxbH'),(169,'nmintoft4o','lCmEBwqZSqe'),(170,'fflucks4p','oTxe5vdUnCxE'),(171,'achristofor4q','33c4lqLFMlc'),(172,'mloughlan4r','LKFeaKt'),(173,'aphare4s','I3sadK4eu'),(174,'vcottam4t','gEh0BNu'),(175,'jdopson4u','czBl49G1vXw'),(176,'lgoracci4v','OqaxMT5pv'),(177,'rmeadowcroft4w','UBazOZ'),(178,'mbathowe4x','npcAoYyvYO'),(179,'gcapelen4y','NZkhw7Dt'),(180,'tdance4z','eIagL6cv'),(181,'cpopeley50','fYKDjpCbR'),(182,'jhainge51','Ls22ctAbZ'),(183,'mdaymond52','Rf7fQbW2'),(184,'aarbon53','WVcUzjtZA'),(185,'dkinze54','u9LeZRntkiSm'),(186,'kbanville55','fAfC3ISAx7oP'),(187,'bcovington56','gMT776HV'),(188,'ssloyan57','IpoecU'),(189,'lhasted58','SzPFBDK'),(190,'gdarley59','elO0ZDgwxwS'),(191,'bsiggee5a','Baef91ddLu8'),(192,'rpackwood5b','OsR3e6Ory'),(193,'giacobini5c','1GoqAfwCuHa'),(194,'jperview5d','hSTqee01D'),(195,'jglendza5e','nu0rhdWKPcgn'),(196,'dfollan5f','isAJmj4qfYjM'),(197,'hrobuchon5g','uMaQgeRUhuH'),(198,'wprestwich5h','f9eaeWn'),(199,'pchasier5i','9FTN1iA2d8G'),(200,'jchartres5j','A41Rb3');
/*!40000 ALTER TABLE `employee` ENABLE KEYS */;
UNLOCK TABLES;

--
-- Table structure for table `inventory`
--

DROP TABLE IF EXISTS `inventory`;
/*!40101 SET @saved_cs_client     = @@character_set_client */;
/*!50503 SET character_set_client = utf8mb4 */;
CREATE TABLE `inventory` (
  `Inventory_ID` int NOT NULL AUTO_INCREMENT,
  `Reorder` varchar(10) NOT NULL,
  PRIMARY KEY (`Inventory_ID`)
) ENGINE=InnoDB AUTO_INCREMENT=446 DEFAULT CHARSET=utf8mb4 COLLATE=utf8mb4_0900_ai_ci;
/*!40101 SET character_set_client = @saved_cs_client */;

--
-- Dumping data for table `inventory`
--

LOCK TABLES `inventory` WRITE;
/*!40000 ALTER TABLE `inventory` DISABLE KEYS */;
INSERT INTO `inventory` VALUES (1,'False'),(2,'False'),(3,'False'),(4,'False'),(5,'True'),(6,'False'),(7,'False'),(8,'True'),(9,'True'),(10,'False'),(11,'False'),(12,'False'),(13,'False'),(14,'False'),(15,'True'),(16,'False'),(17,'False'),(18,'False'),(19,'True'),(20,'False');
/*!40000 ALTER TABLE `inventory` ENABLE KEYS */;
UNLOCK TABLES;

--
-- Table structure for table `manages`
--

DROP TABLE IF EXISTS `manages`;
/*!40101 SET @saved_cs_client     = @@character_set_client */;
/*!50503 SET character_set_client = utf8mb4 */;
CREATE TABLE `manages` (
  `Order_ID` int NOT NULL,
  `Inventory_ID` int NOT NULL,
  `Employee_ID` int NOT NULL,
  PRIMARY KEY (`Order_ID`,`Inventory_ID`),
  UNIQUE KEY `Order_ID` (`Order_ID`),
  UNIQUE KEY `Employee_ID` (`Employee_ID`),
  KEY `Inventory_ID` (`Inventory_ID`),
  CONSTRAINT `manages_ibfk_1` FOREIGN KEY (`Employee_ID`) REFERENCES `employee` (`Employee_ID`),
  CONSTRAINT `manages_ibfk_2` FOREIGN KEY (`Order_ID`) REFERENCES `order_` (`Order_ID`),
  CONSTRAINT `manages_ibfk_3` FOREIGN KEY (`Inventory_ID`) REFERENCES `inventory` (`Inventory_ID`)
) ENGINE=InnoDB DEFAULT CHARSET=utf8mb4 COLLATE=utf8mb4_0900_ai_ci;
/*!40101 SET character_set_client = @saved_cs_client */;

--
-- Dumping data for table `manages`
--

LOCK TABLES `manages` WRITE;
/*!40000 ALTER TABLE `manages` DISABLE KEYS */;
INSERT INTO `manages` VALUES (286,12,1),(155,18,2),(391,8,3),(78,20,4),(305,9,5),(91,6,6),(87,15,7),(205,6,8),(103,10,9),(228,7,10),(212,2,11),(74,7,12),(203,19,13),(296,7,14),(371,20,15),(211,18,16),(236,1,17),(22,11,18),(143,20,19),(86,18,20),(196,17,21),(100,3,22),(84,12,23),(116,7,24),(88,1,25),(394,3,26),(333,11,27),(379,1,28),(156,7,29),(200,5,30),(72,18,31),(345,16,32),(331,9,33),(219,3,34),(32,19,35),(105,18,36),(399,16,37),(234,16,38),(358,2,39),(279,8,40),(149,16,41),(213,15,42),(352,1,43),(209,15,44),(181,3,45),(304,4,46),(122,10,47),(110,17,48),(69,8,49),(101,13,50),(92,12,51),(363,20,52),(12,15,53),(397,1,54),(320,16,55),(139,7,56),(168,5,57),(261,6,58),(265,7,59),(71,12,60),(226,11,61),(113,18,62),(245,13,63),(207,14,64),(243,19,65),(38,1,66),(249,1,67),(117,15,68),(257,18,69),(6,14,70),(338,1,71),(324,19,72),(308,14,73),(301,9,74),(9,3,75),(351,19,76),(344,2,77),(369,12,78),(121,14,79),(260,14,80),(4,12,81),(311,2,82),(65,8,83),(126,5,84),(142,2,85),(240,13,86),(255,20,87),(233,20,88),(199,11,89),(388,13,90),(115,14,91),(11,17,92),(307,2,93),(187,2,94),(302,8,95),(64,18,96),(138,5,97),(16,10,98),(366,9,99),(280,16,100),(59,2,101),(251,10,102),(291,18,103),(186,4,104),(15,4,105),(329,4,106),(10,17,107),(170,8,108),(52,5,109),(346,3,110),(41,17,111),(374,6,112),(185,5,113),(161,16,114),(77,12,115),(327,10,116),(210,3,117),(152,15,118),(189,14,119),(359,5,120),(317,9,121),(39,13,122),(28,10,123),(95,6,124),(175,10,125),(114,16,126),(195,8,127),(48,9,128),(244,5,129),(349,4,130),(362,19,131),(130,16,132),(377,4,133),(80,14,134),(99,13,135),(217,20,136),(53,12,137),(332,15,138),(131,17,139),(89,9,140),(309,13,141),(148,11,142),(231,13,143),(386,6,144),(218,6,145),(31,2,146),(268,4,147),(198,13,148),(266,19,149),(336,10,150),(173,4,151),(75,10,152),(334,11,153),(66,8,154),(254,1,155),(368,12,156),(239,19,157),(276,7,158),(282,9,159),(360,19,160),(222,17,161),(256,17,162),(328,7,163),(137,3,164),(174,13,165),(172,3,166),(169,11,167),(111,15,168),(147,4,169),(45,5,170),(274,11,171),(382,7,172),(83,8,173),(223,20,174),(312,16,175),(262,20,176),(124,9,177),(214,15,178),(216,6,179),(364,14,180),(339,4,181),(109,8,182),(376,9,183),(90,11,184),(21,17,185),(241,19,186),(178,12,187),(247,3,188),(51,18,189),(154,17,190),(70,14,191),(197,15,192),(50,1,193),(191,6,194),(42,6,195),(120,5,196),(24,20,197),(310,11,198),(146,2,199),(350,10,200);
/*!40000 ALTER TABLE `manages` ENABLE KEYS */;
UNLOCK TABLES;

--
-- Table structure for table `order_`
--

DROP TABLE IF EXISTS `order_`;
/*!40101 SET @saved_cs_client     = @@character_set_client */;
/*!50503 SET character_set_client = utf8mb4 */;
CREATE TABLE `order_` (
  `Order_ID` int NOT NULL AUTO_INCREMENT,
  `Order_Date` varchar(10) NOT NULL,
  `Order_Status` varchar(100) NOT NULL,
  `Customer_ID` int NOT NULL,
  `Driver_ID` int NOT NULL,
  PRIMARY KEY (`Order_ID`),
  KEY `Customer_ID` (`Customer_ID`),
  KEY `Driver_ID` (`Driver_ID`),
  CONSTRAINT `order__ibfk_1` FOREIGN KEY (`Customer_ID`) REFERENCES `customer` (`Customer_ID`),
  CONSTRAINT `order__ibfk_2` FOREIGN KEY (`Driver_ID`) REFERENCES `deliverydriver` (`Driver_ID`)
) ENGINE=InnoDB AUTO_INCREMENT=401 DEFAULT CHARSET=utf8mb4 COLLATE=utf8mb4_0900_ai_ci;
/*!40101 SET character_set_client = @saved_cs_client */;

--
-- Dumping data for table `order_`
--

LOCK TABLES `order_` WRITE;
/*!40000 ALTER TABLE `order_` DISABLE KEYS */;
INSERT INTO `order_` VALUES (1,'19/3/2022','Confirmed',590,55),(2,'29/6/2022','Pending',543,46),(3,'18/9/2022','Shipped',320,1),(4,'16/3/2022','Shipped',552,76),(5,'14/11/2022','Pending',35,60),(6,'10/9/2022','Confirmed',464,84),(7,'18/9/2022','Confirmed',594,25),(8,'24/4/2022','Shipped',408,31),(9,'24/10/2022','Shipped',437,4),(10,'16/7/2022','Pending',498,23),(11,'2/10/2022','Pending',535,73),(12,'10/1/2023','Confirmed',37,5),(13,'27/12/2022','Confirmed',742,36),(14,'24/6/2022','Confirmed',347,90),(15,'14/7/2022','Confirmed',719,49),(16,'27/1/2023','Pending',82,69),(17,'28/4/2022','Shipped',296,48),(18,'11/10/2022','Pending',363,82),(19,'13/2/2022','Pending',687,27),(20,'4/7/2022','Shipped',482,49),(21,'21/12/2022','Confirmed',730,18),(22,'3/11/2022','Pending',724,30),(23,'20/9/2022','Confirmed',562,74),(24,'12/3/2022','Confirmed',714,57),(25,'25/5/2022','Shipped',724,71),(26,'6/9/2022','Confirmed',584,67),(27,'18/10/2022','Confirmed',373,82),(28,'11/1/2023','Shipped',193,49),(29,'12/2/2022','Pending',609,32),(30,'8/5/2022','Pending',180,80),(31,'20/3/2022','Shipped',259,71),(32,'6/6/2022','Pending',621,55),(33,'17/2/2022','Confirmed',301,84),(34,'3/7/2022','Shipped',447,88),(35,'20/9/2022','Confirmed',257,35),(36,'15/3/2022','Shipped',766,37),(37,'19/8/2022','Pending',346,63),(38,'15/12/2022','Confirmed',35,49),(39,'17/5/2022','Confirmed',9,37),(40,'12/8/2022','Shipped',769,11),(41,'14/10/2022','Confirmed',505,55),(42,'19/1/2023','Shipped',404,61),(43,'9/4/2022','Pending',474,67),(44,'2/11/2022','Shipped',98,4),(45,'6/4/2022','Confirmed',704,7),(46,'22/8/2022','Pending',590,30),(47,'15/5/2022','Shipped',86,63),(48,'29/3/2022','Confirmed',286,54),(49,'23/5/2022','Shipped',266,43),(50,'9/5/2022','Pending',616,40),(51,'29/5/2022','Pending',366,52),(52,'27/10/2022','Shipped',274,48),(53,'20/11/2022','Shipped',161,7),(54,'2/3/2022','Pending',344,82),(55,'10/12/2022','Confirmed',329,92),(56,'17/10/2022','Shipped',94,99),(57,'23/11/2022','Pending',79,22),(58,'19/2/2022','Shipped',57,75),(59,'18/4/2022','Pending',551,74),(60,'29/6/2022','Pending',575,29),(61,'1/2/2023','Pending',464,62),(62,'13/5/2022','Confirmed',632,19),(63,'15/12/2022','Confirmed',561,17),(64,'20/6/2022','Shipped',41,55),(65,'2/9/2022','Pending',53,4),(66,'9/7/2022','Pending',461,66),(67,'4/12/2022','Confirmed',124,44),(68,'6/10/2022','Shipped',742,66),(69,'30/1/2023','Pending',663,62),(70,'24/12/2022','Confirmed',758,71),(71,'6/11/2022','Shipped',447,98),(72,'6/10/2022','Shipped',476,91),(73,'7/3/2022','Confirmed',689,48),(74,'5/7/2022','Shipped',700,38),(75,'11/12/2022','Shipped',373,1),(76,'25/2/2022','Confirmed',771,4),(77,'9/11/2022','Shipped',521,88),(78,'16/2/2022','Pending',721,36),(79,'23/4/2022','Pending',776,7),(80,'13/4/2022','Pending',94,92),(81,'20/6/2022','Shipped',786,66),(82,'26/6/2022','Pending',374,87),(83,'29/4/2022','Pending',461,27),(84,'15/12/2022','Confirmed',81,37),(85,'8/8/2022','Shipped',9,19),(86,'18/3/2022','Shipped',404,16),(87,'21/6/2022','Confirmed',771,64),(88,'6/12/2022','Shipped',464,84),(89,'2/10/2022','Pending',375,60),(90,'11/2/2022','Confirmed',245,26),(91,'29/11/2022','Pending',152,78),(92,'16/3/2022','Shipped',314,12),(93,'5/4/2022','Shipped',53,35),(94,'23/6/2022','Shipped',5,75),(95,'10/6/2022','Confirmed',591,73),(96,'15/6/2022','Confirmed',716,92),(97,'20/5/2022','Pending',305,48),(98,'25/12/2022','Confirmed',152,17),(99,'29/3/2022','Pending',787,26),(100,'7/3/2022','Pending',485,16),(101,'13/2/2022','Pending',359,52),(102,'26/12/2022','Pending',521,87),(103,'10/9/2022','Confirmed',456,3),(104,'7/11/2022','Pending',299,61),(105,'4/7/2022','Pending',347,16),(106,'18/8/2022','Confirmed',589,67),(107,'23/7/2022','Pending',408,57),(108,'22/5/2022','Shipped',766,3),(109,'4/11/2022','Confirmed',631,80),(110,'9/6/2022','Pending',459,80),(111,'20/11/2022','Confirmed',341,96),(112,'6/10/2022','Confirmed',162,68),(113,'29/1/2023','Pending',763,4),(114,'1/1/2023','Pending',566,83),(115,'5/10/2022','Confirmed',222,89),(116,'16/3/2022','Pending',39,36),(117,'28/7/2022','Confirmed',97,5),(118,'22/8/2022','Shipped',90,8),(119,'28/9/2022','Shipped',796,67),(120,'26/7/2022','Pending',719,44),(121,'6/6/2022','Pending',632,31),(122,'21/9/2022','Pending',474,63),(123,'19/4/2022','Shipped',678,35),(124,'22/5/2022','Pending',649,96),(125,'5/1/2023','Confirmed',367,91),(126,'11/2/2022','Pending',363,81),(127,'12/10/2022','Pending',346,60),(128,'24/10/2022','Pending',117,76),(129,'28/5/2022','Pending',294,51),(130,'17/4/2022','Confirmed',541,83),(131,'17/12/2022','Pending',366,89),(132,'24/10/2022','Pending',689,92),(133,'15/6/2022','Pending',232,27),(134,'17/10/2022','Shipped',673,96),(135,'17/1/2023','Pending',325,69),(136,'28/12/2022','Shipped',696,83),(137,'13/8/2022','Shipped',535,21),(138,'10/9/2022','Shipped',600,17),(139,'17/9/2022','Shipped',636,88),(140,'11/5/2022','Pending',165,40),(141,'29/12/2022','Confirmed',170,16),(142,'16/11/2022','Confirmed',123,68),(143,'30/1/2023','Shipped',170,55),(144,'9/6/2022','Shipped',372,39),(145,'30/9/2022','Pending',729,91),(146,'12/6/2022','Pending',719,5),(147,'14/2/2022','Confirmed',79,82),(148,'6/3/2022','Pending',225,61),(149,'23/10/2022','Confirmed',151,36),(150,'14/6/2022','Confirmed',336,98),(151,'12/2/2022','Confirmed',79,20),(152,'12/3/2022','Pending',260,59),(153,'11/1/2023','Pending',489,4),(154,'1/2/2023','Pending',711,1),(155,'29/4/2022','Pending',704,35),(156,'12/5/2022','Shipped',535,80),(157,'29/5/2022','Confirmed',299,50),(158,'25/7/2022','Confirmed',49,29),(159,'28/4/2022','Confirmed',781,28),(160,'9/1/2023','Shipped',35,12),(161,'16/5/2022','Shipped',424,67),(162,'22/2/2022','Pending',735,88),(163,'13/7/2022','Confirmed',446,74),(164,'5/11/2022','Confirmed',451,82),(165,'1/12/2022','Confirmed',594,36),(166,'3/6/2022','Confirmed',606,42),(167,'14/2/2022','Shipped',76,38),(168,'8/10/2022','Shipped',101,62),(169,'5/9/2022','Pending',138,32),(170,'27/1/2023','Confirmed',794,70),(171,'7/12/2022','Confirmed',63,67),(172,'25/1/2023','Pending',451,11),(173,'7/2/2023','Pending',219,20),(174,'16/8/2022','Shipped',18,16),(175,'2/3/2022','Confirmed',161,53),(176,'29/9/2022','Pending',241,76),(177,'6/5/2022','Shipped',519,39),(178,'15/4/2022','Shipped',495,78),(179,'30/1/2023','Pending',428,25),(180,'8/10/2022','Pending',498,62),(181,'2/1/2023','Shipped',523,4),(182,'10/7/2022','Shipped',334,99),(183,'3/6/2022','Confirmed',712,16),(184,'9/6/2022','Pending',456,24),(185,'27/9/2022','Shipped',373,75),(186,'20/2/2022','Pending',47,98),(187,'2/3/2022','Shipped',519,31),(188,'8/12/2022','Confirmed',613,47),(189,'24/10/2022','Confirmed',464,91),(190,'6/4/2022','Confirmed',227,98),(191,'16/10/2022','Pending',436,19),(192,'28/8/2022','Confirmed',447,46),(193,'20/10/2022','Shipped',248,76),(194,'21/2/2022','Confirmed',592,77),(195,'30/4/2022','Pending',227,25),(196,'2/3/2022','Pending',48,63),(197,'10/5/2022','Shipped',535,9),(198,'5/3/2022','Pending',672,3),(199,'29/7/2022','Shipped',388,95),(200,'11/3/2022','Shipped',455,35),(201,'17/10/2022','Shipped',768,54),(202,'12/12/2022','Confirmed',168,30),(203,'13/1/2023','Confirmed',59,35),(204,'17/11/2022','Shipped',90,12),(205,'1/4/2022','Pending',716,11),(206,'1/4/2022','Shipped',202,35),(207,'1/10/2022','Pending',216,55),(208,'3/4/2022','Shipped',355,66),(209,'29/12/2022','Shipped',616,37),(210,'27/10/2022','Confirmed',37,94),(211,'3/7/2022','Confirmed',763,66),(212,'23/10/2022','Shipped',668,40),(213,'25/9/2022','Shipped',448,43),(214,'29/5/2022','Confirmed',661,38),(215,'23/7/2022','Confirmed',690,95),(216,'28/10/2022','Confirmed',435,36),(217,'6/4/2022','Confirmed',438,99),(218,'26/8/2022','Confirmed',521,99),(219,'1/1/2023','Confirmed',358,95),(220,'15/9/2022','Confirmed',184,49),(221,'13/4/2022','Confirmed',338,50),(222,'1/4/2022','Confirmed',640,44),(223,'1/3/2022','Shipped',241,29),(224,'25/5/2022','Shipped',451,12),(225,'18/7/2022','Pending',536,17),(226,'20/1/2023','Confirmed',676,11),(227,'8/4/2022','Pending',53,47),(228,'19/2/2022','Confirmed',735,39),(229,'29/12/2022','Shipped',423,56),(230,'14/5/2022','Pending',338,81),(231,'22/11/2022','Shipped',109,48),(232,'7/7/2022','Shipped',475,83),(233,'24/9/2022','Confirmed',370,96),(234,'9/12/2022','Shipped',106,57),(235,'4/5/2022','Shipped',338,26),(236,'20/2/2022','Shipped',198,74),(237,'24/1/2023','Confirmed',776,76),(238,'21/6/2022','Pending',236,46),(239,'30/7/2022','Pending',267,73),(240,'13/12/2022','Confirmed',352,39),(241,'14/8/2022','Pending',188,31),(242,'11/10/2022','Pending',560,26),(243,'31/5/2022','Shipped',763,59),(244,'11/10/2022','Pending',740,35),(245,'23/3/2022','Shipped',421,18),(246,'13/11/2022','Confirmed',750,40),(247,'2/4/2022','Shipped',167,47),(248,'2/10/2022','Pending',71,21),(249,'26/10/2022','Confirmed',291,83),(250,'16/3/2022','Confirmed',548,31),(251,'10/12/2022','Pending',560,38),(252,'13/8/2022','Shipped',312,9),(253,'7/2/2023','Pending',714,41),(254,'27/7/2022','Pending',531,38),(255,'24/3/2022','Confirmed',752,93),(256,'19/8/2022','Shipped',363,38),(257,'18/7/2022','Shipped',70,16),(258,'14/2/2022','Confirmed',134,48),(259,'1/3/2022','Confirmed',552,45),(260,'4/10/2022','Pending',7,39),(261,'8/6/2022','Confirmed',786,59),(262,'20/1/2023','Confirmed',591,20),(263,'16/9/2022','Confirmed',63,62),(264,'6/4/2022','Confirmed',647,60),(265,'18/4/2022','Shipped',168,81),(266,'17/1/2023','Confirmed',98,26),(267,'16/4/2022','Shipped',423,69),(268,'6/11/2022','Shipped',210,78),(269,'8/6/2022','Shipped',404,88),(270,'1/12/2022','Shipped',421,14),(271,'15/6/2022','Shipped',712,89),(272,'19/7/2022','Confirmed',566,22),(273,'23/3/2022','Confirmed',530,20),(274,'12/8/2022','Confirmed',38,66),(275,'23/4/2022','Shipped',751,82),(276,'12/11/2022','Shipped',646,82),(277,'20/3/2022','Confirmed',721,58),(278,'21/10/2022','Pending',176,7),(279,'24/8/2022','Shipped',698,55),(280,'1/10/2022','Confirmed',98,92),(281,'4/10/2022','Confirmed',654,67),(282,'23/8/2022','Shipped',397,57),(283,'25/7/2022','Pending',502,7),(284,'3/4/2022','Pending',149,20),(285,'11/9/2022','Pending',723,88),(286,'26/6/2022','Confirmed',19,66),(287,'18/6/2022','Pending',277,47),(288,'30/11/2022','Pending',621,64),(289,'1/7/2022','Confirmed',616,55),(290,'28/6/2022','Confirmed',207,82),(291,'17/1/2023','Confirmed',313,35),(292,'20/10/2022','Confirmed',193,47),(293,'10/11/2022','Confirmed',485,4),(294,'11/4/2022','Shipped',628,48),(295,'16/2/2022','Shipped',651,46),(296,'9/7/2022','Shipped',535,29),(297,'31/1/2023','Confirmed',521,37),(298,'18/7/2022','Pending',51,89),(299,'11/12/2022','Confirmed',785,2),(300,'25/12/2022','Shipped',607,48),(301,'7/4/2022','Shipped',456,31),(302,'8/6/2022','Shipped',337,44),(303,'29/10/2022','Shipped',366,41),(304,'9/9/2022','Confirmed',363,84),(305,'28/12/2022','Confirmed',756,6),(306,'6/8/2022','Pending',564,60),(307,'13/3/2022','Confirmed',590,39),(308,'30/12/2022','Shipped',497,83),(309,'8/5/2022','Shipped',277,17),(310,'17/8/2022','Confirmed',502,54),(311,'1/6/2022','Confirmed',273,74),(312,'26/7/2022','Shipped',116,84),(313,'14/8/2022','Shipped',653,2),(314,'10/9/2022','Pending',97,35),(315,'15/9/2022','Pending',334,12),(316,'19/8/2022','Shipped',246,4),(317,'8/6/2022','Pending',763,7),(318,'31/1/2023','Shipped',365,59),(319,'4/11/2022','Confirmed',602,14),(320,'14/3/2022','Pending',239,22),(321,'27/5/2022','Confirmed',599,39),(322,'5/8/2022','Pending',523,74),(323,'14/1/2023','Pending',626,28),(324,'11/12/2022','Confirmed',700,39),(325,'1/7/2022','Pending',11,28),(326,'11/1/2023','Pending',515,35),(327,'4/1/2023','Pending',531,87),(328,'31/8/2022','Pending',75,19),(329,'26/4/2022','Pending',421,43),(330,'4/12/2022','Shipped',250,89),(331,'24/2/2022','Shipped',636,49),(332,'27/12/2022','Pending',128,11),(333,'21/8/2022','Shipped',458,24),(334,'6/5/2022','Confirmed',723,49),(335,'22/9/2022','Shipped',678,93),(336,'24/8/2022','Shipped',495,9),(337,'19/12/2022','Shipped',63,51),(338,'21/12/2022','Shipped',421,81),(339,'22/6/2022','Shipped',383,29),(340,'27/7/2022','Pending',123,80),(341,'2/6/2022','Confirmed',391,93),(342,'11/6/2022','Pending',507,87),(343,'4/4/2022','Shipped',515,69),(344,'12/2/2022','Shipped',76,95),(345,'3/12/2022','Confirmed',682,36),(346,'23/7/2022','Pending',114,46),(347,'20/8/2022','Shipped',323,60),(348,'15/7/2022','Pending',566,68),(349,'20/6/2022','Pending',451,73),(350,'10/12/2022','Shipped',178,37),(351,'5/7/2022','Pending',781,91),(352,'13/2/2022','Shipped',86,93),(353,'16/9/2022','Shipped',408,35),(354,'6/4/2022','Pending',110,49),(355,'6/1/2023','Confirmed',411,29),(356,'11/6/2022','Pending',39,46),(357,'7/10/2022','Confirmed',686,35),(358,'12/4/2022','Shipped',350,49),(359,'30/10/2022','Confirmed',197,64),(360,'27/1/2023','Shipped',447,57),(361,'4/3/2022','Confirmed',191,52),(362,'15/4/2022','Confirmed',745,11),(363,'27/7/2022','Pending',448,81),(364,'27/7/2022','Pending',213,49),(365,'25/1/2023','Shipped',687,77),(366,'27/10/2022','Pending',631,53),(367,'23/8/2022','Confirmed',123,93),(368,'20/7/2022','Shipped',455,43),(369,'17/3/2022','Pending',189,64),(370,'9/2/2023','Pending',86,57),(371,'9/7/2022','Confirmed',25,18),(372,'23/9/2022','Pending',421,6),(373,'6/5/2022','Pending',664,47),(374,'20/1/2023','Confirmed',787,54),(375,'20/3/2022','Confirmed',116,24),(376,'3/4/2022','Shipped',784,24),(377,'2/8/2022','Shipped',236,37),(378,'25/7/2022','Pending',591,35),(379,'15/2/2022','Confirmed',67,26),(380,'11/2/2022','Shipped',174,25),(381,'25/5/2022','Shipped',230,35),(382,'5/2/2023','Shipped',35,41),(383,'21/5/2022','Shipped',450,9),(384,'27/5/2022','Pending',86,18),(385,'19/1/2023','Pending',706,63),(386,'17/9/2022','Pending',551,36),(387,'23/10/2022','Shipped',143,66),(388,'19/2/2022','Pending',549,71),(389,'2/8/2022','Pending',151,84),(390,'23/5/2022','Confirmed',328,40),(391,'11/3/2022','Shipped',82,51),(392,'22/12/2022','Shipped',552,43),(393,'31/12/2022','Pending',506,81),(394,'26/7/2022','Shipped',128,24),(395,'8/9/2022','Pending',76,98),(396,'10/3/2022','Pending',323,50),(397,'17/1/2023','Confirmed',236,6),(398,'22/7/2022','Pending',750,82),(399,'27/4/2022','Shipped',689,28),(400,'9/7/2022','Confirmed',352,33);
/*!40000 ALTER TABLE `order_` ENABLE KEYS */;
UNLOCK TABLES;

--
-- Table structure for table `payment`
--

DROP TABLE IF EXISTS `payment`;
/*!40101 SET @saved_cs_client     = @@character_set_client */;
/*!50503 SET character_set_client = utf8mb4 */;
CREATE TABLE `payment` (
  `Payment_Date` varchar(10) NOT NULL,
  `Order_ID` int NOT NULL,
  `Amount` int NOT NULL,
  `Payment_Status` varchar(50) NOT NULL,
  `Method` varchar(50) NOT NULL,
  PRIMARY KEY (`Payment_Date`,`Order_ID`),
  UNIQUE KEY `Order_ID` (`Order_ID`),
  CONSTRAINT `payment_ibfk_1` FOREIGN KEY (`Order_ID`) REFERENCES `order_` (`Order_ID`)
) ENGINE=InnoDB DEFAULT CHARSET=utf8mb4 COLLATE=utf8mb4_0900_ai_ci;
/*!40101 SET character_set_client = @saved_cs_client */;

--
-- Dumping data for table `payment`
--

LOCK TABLES `payment` WRITE;
/*!40000 ALTER TABLE `payment` DISABLE KEYS */;
INSERT INTO `payment` VALUES ('1/1/2023',304,0,'Processed','Debit Card'),('1/10/2022',129,0,'Processed','Credit Card'),('1/10/2022',235,0,'Pending','Credit Card'),('1/10/2022',396,0,'Processed','PayPal'),('1/11/2022',21,0,'Pending','Debit Card'),('1/11/2022',197,0,'Pending','Debit Card'),('1/2/2023',97,0,'Declined','Debit Card'),('1/2/2023',248,0,'Processed','PayPal'),('1/2/2023',316,0,'Pending','Cash on Delivery'),('1/3/2022',187,0,'Processed','Credit Card'),('1/3/2022',374,0,'Processed','Cash on Delivery'),('1/6/2022',55,0,'Processed','Cash on Delivery'),('1/6/2022',294,0,'Declined','Cash on Delivery'),('1/6/2022',348,0,'Declined','Credit Card'),('1/7/2022',154,0,'Declined','Credit Card'),('1/7/2022',353,0,'Processed','Debit Card'),('1/9/2022',147,0,'Pending','PayPal'),('10/10/2022',57,0,'Pending','Debit Card'),('10/10/2022',91,0,'Processed','Cash on Delivery'),('10/11/2022',329,0,'Declined','Credit Card'),('10/11/2022',337,0,'Processed','Credit Card'),('10/11/2022',381,0,'Processed','Debit Card'),('10/3/2022',116,0,'Pending','Cash on Delivery'),('10/5/2022',80,0,'Pending','Cash on Delivery'),('10/5/2022',159,0,'Declined','Cash on Delivery'),('10/5/2022',302,0,'Processed','Debit Card'),('10/6/2022',146,0,'Processed','Debit Card'),('10/7/2022',75,0,'Processed','Debit Card'),('10/8/2022',86,0,'Pending','Cash on Delivery'),('10/8/2022',185,0,'Processed','Cash on Delivery'),('10/9/2022',312,0,'Pending','Debit Card'),('11/1/2023',272,0,'Pending','Credit Card'),('11/10/2022',99,0,'Processed','Debit Card'),('11/11/2022',198,0,'Processed','Debit Card'),('11/12/2022',92,0,'Pending','Debit Card'),('11/3/2022',42,0,'Declined','Debit Card'),('11/3/2022',200,0,'Pending','Credit Card'),('11/5/2022',237,0,'Pending','Cash on Delivery'),('11/6/2022',9,0,'Processed','Credit Card'),('11/7/2022',252,0,'Pending','Credit Card'),('11/7/2022',290,0,'Processed','Debit Card'),('11/9/2022',166,0,'Declined','PayPal'),('12/1/2023',137,0,'Pending','Cash on Delivery'),('12/10/2022',342,0,'Pending','Cash on Delivery'),('12/11/2022',220,0,'Declined','PayPal'),('12/2/2022',215,0,'Processed','Credit Card'),('12/3/2022',88,0,'Declined','Cash on Delivery'),('12/4/2022',38,0,'Pending','PayPal'),('12/4/2022',164,0,'Processed','Debit Card'),('12/7/2022',101,0,'Declined','Credit Card'),('12/9/2022',181,0,'Processed','Cash on Delivery'),('12/9/2022',399,0,'Declined','Credit Card'),('13/1/2023',51,0,'Declined','PayPal'),('13/10/2022',173,0,'Declined','PayPal'),('13/10/2022',318,0,'Declined','Debit Card'),('13/12/2022',214,0,'Processed','Cash on Delivery'),('13/12/2022',251,0,'Processed','PayPal'),('13/2/2022',143,0,'Pending','Credit Card'),('13/3/2022',14,0,'Declined','Cash on Delivery'),('13/3/2022',58,0,'Declined','Cash on Delivery'),('13/6/2022',138,0,'Processed','PayPal'),('13/6/2022',309,0,'Pending','Cash on Delivery'),('13/7/2022',305,0,'Declined','Debit Card'),('13/7/2022',351,0,'Pending','Debit Card'),('14/10/2022',34,0,'Pending','Credit Card'),('14/10/2022',108,0,'Pending','Debit Card'),('14/2/2022',94,0,'Pending','Debit Card'),('14/3/2022',133,0,'Processed','Credit Card'),('14/3/2022',277,0,'Pending','Cash on Delivery'),('14/3/2022',340,0,'Processed','Cash on Delivery'),('14/4/2022',31,0,'Processed','PayPal'),('14/5/2022',258,0,'Pending','PayPal'),('14/7/2022',66,0,'Declined','Debit Card'),('14/7/2022',73,0,'Processed','PayPal'),('14/7/2022',179,0,'Processed','Cash on Delivery'),('14/8/2022',174,0,'Declined','Credit Card'),('14/8/2022',192,0,'Pending','PayPal'),('15/1/2023',3,0,'Processed','PayPal'),('15/1/2023',23,0,'Processed','PayPal'),('15/10/2022',362,0,'Pending','Cash on Delivery'),('15/2/2022',341,0,'Processed','Debit Card'),('15/2/2022',390,0,'Processed','Credit Card'),('15/3/2022',222,0,'Processed','Debit Card'),('15/4/2022',124,0,'Declined','PayPal'),('15/4/2022',300,0,'Processed','Cash on Delivery'),('15/4/2022',331,0,'Processed','PayPal'),('15/4/2022',345,0,'Declined','Credit Card'),('15/4/2022',372,0,'Declined','Credit Card'),('15/4/2022',395,0,'Pending','Credit Card'),('15/5/2022',145,0,'Declined','PayPal'),('15/6/2022',280,0,'Pending','Credit Card'),('15/7/2022',180,0,'Pending','Credit Card'),('15/8/2022',263,0,'Declined','PayPal'),('16/1/2023',347,0,'Processed','PayPal'),('16/11/2022',126,0,'Pending','Credit Card'),('16/2/2022',41,0,'Pending','Debit Card'),('16/2/2022',369,0,'Processed','Debit Card'),('16/3/2022',127,0,'Declined','PayPal'),('16/3/2022',373,0,'Pending','Debit Card'),('16/6/2022',343,0,'Pending','Credit Card'),('16/6/2022',400,0,'Processed','Cash on Delivery'),('16/7/2022',113,0,'Processed','Debit Card'),('16/8/2022',28,0,'Pending','Cash on Delivery'),('16/8/2022',333,0,'Pending','Credit Card'),('16/8/2022',371,0,'Processed','PayPal'),('16/9/2022',96,0,'Pending','Credit Card'),('16/9/2022',206,0,'Pending','Debit Card'),('17/11/2022',20,0,'Declined','Debit Card'),('17/11/2022',87,0,'Declined','Cash on Delivery'),('17/11/2022',223,0,'Declined','Cash on Delivery'),('17/12/2022',110,0,'Processed','Debit Card'),('17/2/2022',107,0,'Declined','Debit Card'),('17/2/2022',289,0,'Declined','Debit Card'),('17/4/2022',367,0,'Declined','Debit Card'),('17/5/2022',183,0,'Processed','Cash on Delivery'),('17/7/2022',191,0,'Pending','Debit Card'),('17/9/2022',148,0,'Pending','PayPal'),('18/1/2023',209,0,'Processed','Credit Card'),('18/10/2022',5,0,'Pending','Debit Card'),('18/10/2022',259,0,'Pending','Credit Card'),('18/11/2022',207,0,'Processed','Credit Card'),('18/12/2022',114,0,'Declined','PayPal'),('18/2/2022',36,0,'Processed','Credit Card'),('18/2/2022',78,0,'Declined','PayPal'),('18/2/2022',140,0,'Declined','Debit Card'),('18/2/2022',158,0,'Declined','Cash on Delivery'),('18/3/2022',54,0,'Declined','PayPal'),('18/3/2022',172,0,'Pending','Debit Card'),('18/4/2022',240,0,'Processed','PayPal'),('18/5/2022',32,0,'Declined','PayPal'),('18/5/2022',273,0,'Pending','Credit Card'),('18/6/2022',256,0,'Declined','Debit Card'),('18/7/2022',327,0,'Pending','PayPal'),('19/1/2023',109,0,'Processed','Credit Card'),('19/1/2023',282,0,'Pending','PayPal'),('19/1/2023',356,0,'Processed','Credit Card'),('19/11/2022',254,0,'Processed','Debit Card'),('19/3/2022',330,0,'Pending','PayPal'),('19/4/2022',139,0,'Declined','Debit Card'),('19/5/2022',1,0,'Pending','PayPal'),('19/5/2022',37,0,'Declined','Credit Card'),('19/5/2022',278,0,'Declined','Credit Card'),('19/6/2022',25,0,'Processed','Credit Card'),('19/6/2022',103,0,'Processed','Cash on Delivery'),('19/8/2022',389,0,'Declined','Cash on Delivery'),('2/1/2023',43,0,'Processed','Cash on Delivery'),('2/11/2022',77,0,'Processed','PayPal'),('2/2/2023',134,0,'Processed','Cash on Delivery'),('2/2/2023',328,0,'Pending','PayPal'),('2/4/2022',141,0,'Declined','Debit Card'),('2/5/2022',225,0,'Pending','Credit Card'),('2/6/2022',168,0,'Processed','Credit Card'),('2/7/2022',322,0,'Declined','PayPal'),('2/8/2022',195,0,'Pending','Debit Card'),('2/8/2022',226,0,'Pending','Credit Card'),('2/9/2022',184,0,'Processed','Credit Card'),('2/9/2022',224,0,'Declined','PayPal'),('20/10/2022',48,0,'Pending','Cash on Delivery'),('20/10/2022',288,0,'Declined','PayPal'),('20/10/2022',387,0,'Pending','Credit Card'),('20/12/2022',364,0,'Pending','Credit Card'),('20/4/2022',90,0,'Processed','Debit Card'),('20/4/2022',165,0,'Processed','PayPal'),('20/4/2022',233,0,'Pending','PayPal'),('20/5/2022',112,0,'Declined','PayPal'),('20/7/2022',317,0,'Declined','Debit Card'),('20/8/2022',334,0,'Processed','Cash on Delivery'),('21/1/2023',210,0,'Processed','Credit Card'),('21/10/2022',161,0,'Declined','PayPal'),('21/11/2022',151,0,'Processed','Credit Card'),('21/12/2022',56,0,'Pending','Debit Card'),('21/12/2022',212,0,'Processed','Cash on Delivery'),('21/3/2022',230,0,'Pending','Cash on Delivery'),('21/6/2022',265,0,'Pending','Credit Card'),('22/1/2023',243,0,'Declined','Credit Card'),('22/10/2022',156,0,'Pending','Credit Card'),('22/10/2022',177,0,'Declined','PayPal'),('22/10/2022',241,0,'Pending','PayPal'),('22/10/2022',335,0,'Processed','Credit Card'),('22/11/2022',285,0,'Declined','Credit Card'),('22/2/2022',153,0,'Processed','Debit Card'),('22/2/2022',269,0,'Declined','Debit Card'),('22/3/2022',8,0,'Declined','Debit Card'),('22/3/2022',392,0,'Pending','Debit Card'),('22/4/2022',122,0,'Pending','Cash on Delivery'),('22/4/2022',211,0,'Pending','Cash on Delivery'),('22/5/2022',115,0,'Pending','Debit Card'),('23/1/2023',295,0,'Declined','PayPal'),('23/1/2023',299,0,'Processed','Credit Card'),('23/1/2023',398,0,'Declined','Credit Card'),('23/10/2022',10,0,'Processed','Cash on Delivery'),('23/11/2022',85,0,'Processed','PayPal'),('23/11/2022',182,0,'Processed','Debit Card'),('23/12/2022',44,0,'Processed','PayPal'),('23/12/2022',255,0,'Processed','Debit Card'),('23/2/2022',27,0,'Pending','Debit Card'),('23/4/2022',253,0,'Processed','PayPal'),('23/4/2022',332,0,'Declined','Cash on Delivery'),('23/6/2022',72,0,'Declined','Debit Card'),('23/7/2022',283,0,'Processed','Credit Card'),('23/8/2022',249,0,'Processed','Credit Card'),('23/8/2022',321,0,'Processed','Credit Card'),('23/8/2022',350,0,'Pending','Credit Card'),('23/9/2022',169,0,'Processed','Cash on Delivery'),('24/1/2023',19,0,'Processed','Cash on Delivery'),('24/1/2023',219,0,'Processed','Debit Card'),('24/10/2022',105,0,'Processed','PayPal'),('24/12/2022',175,0,'Processed','Cash on Delivery'),('24/3/2022',84,0,'Pending','PayPal'),('24/5/2022',194,0,'Declined','Debit Card'),('24/7/2022',71,0,'Declined','Credit Card'),('24/8/2022',271,0,'Declined','Credit Card'),('24/9/2022',308,0,'Declined','Credit Card'),('25/10/2022',205,0,'Processed','PayPal'),('25/11/2022',270,0,'Processed','PayPal'),('25/11/2022',360,0,'Pending','PayPal'),('25/3/2022',50,0,'Processed','Debit Card'),('25/8/2022',365,0,'Processed','Cash on Delivery'),('25/9/2022',264,0,'Pending','Debit Card'),('26/10/2022',325,0,'Declined','Credit Card'),('26/11/2022',203,0,'Declined','PayPal'),('26/6/2022',18,0,'Declined','PayPal'),('26/8/2022',64,0,'Pending','Debit Card'),('26/9/2022',121,0,'Declined','Cash on Delivery'),('27/1/2023',242,0,'Declined','PayPal'),('27/1/2023',349,0,'Declined','PayPal'),('27/11/2022',142,0,'Processed','Cash on Delivery'),('27/11/2022',315,0,'Processed','Cash on Delivery'),('27/11/2022',354,0,'Pending','PayPal'),('27/11/2022',366,0,'Pending','Cash on Delivery'),('27/12/2022',106,0,'Pending','Debit Card'),('27/3/2022',76,0,'Declined','Debit Card'),('27/4/2022',125,0,'Pending','Credit Card'),('27/4/2022',388,0,'Declined','PayPal'),('27/6/2022',250,0,'Pending','Debit Card'),('27/6/2022',382,0,'Declined','Credit Card'),('28/10/2022',45,0,'Pending','Debit Card'),('28/10/2022',186,0,'Processed','PayPal'),('28/11/2022',68,0,'Declined','Debit Card'),('28/11/2022',236,0,'Pending','PayPal'),('28/11/2022',338,0,'Pending','PayPal'),('28/11/2022',391,0,'Pending','Cash on Delivery'),('28/12/2022',244,0,'Pending','Cash on Delivery'),('28/12/2022',301,0,'Processed','Debit Card'),('28/2/2022',24,0,'Pending','Cash on Delivery'),('28/2/2022',213,0,'Declined','Cash on Delivery'),('28/3/2022',144,0,'Declined','PayPal'),('28/3/2022',268,0,'Declined','Cash on Delivery'),('28/4/2022',30,0,'Declined','PayPal'),('28/5/2022',357,0,'Declined','Debit Card'),('28/7/2022',286,0,'Pending','Credit Card'),('29/10/2022',157,0,'Declined','Cash on Delivery'),('29/10/2022',229,0,'Declined','Credit Card'),('29/10/2022',247,0,'Processed','Cash on Delivery'),('29/11/2022',311,0,'Pending','Credit Card'),('29/12/2022',61,0,'Pending','Credit Card'),('29/12/2022',199,0,'Pending','PayPal'),('29/3/2022',63,0,'Pending','Debit Card'),('29/4/2022',15,0,'Processed','Cash on Delivery'),('29/4/2022',22,0,'Pending','Credit Card'),('29/4/2022',152,0,'Pending','Credit Card'),('29/4/2022',189,0,'Declined','Cash on Delivery'),('29/5/2022',167,0,'Declined','Debit Card'),('29/7/2022',29,0,'Processed','Debit Card'),('29/7/2022',370,0,'Pending','Cash on Delivery'),('29/8/2022',119,0,'Pending','PayPal'),('3/1/2023',346,0,'Processed','PayPal'),('3/10/2022',238,0,'Pending','PayPal'),('3/12/2022',53,0,'Declined','Debit Card'),('3/12/2022',149,0,'Declined','Cash on Delivery'),('3/2/2023',98,0,'Processed','PayPal'),('3/2/2023',136,0,'Declined','Cash on Delivery'),('3/2/2023',234,0,'Processed','Credit Card'),('3/4/2022',193,0,'Processed','Credit Card'),('3/4/2022',221,0,'Declined','Credit Card'),('3/4/2022',227,0,'Declined','Credit Card'),('3/5/2022',83,0,'Pending','Debit Card'),('3/5/2022',239,0,'Declined','Debit Card'),('3/6/2022',190,0,'Processed','PayPal'),('3/6/2022',284,0,'Processed','Cash on Delivery'),('3/6/2022',339,0,'Declined','PayPal'),('3/7/2022',377,0,'Pending','Cash on Delivery'),('3/8/2022',279,0,'Processed','Credit Card'),('3/8/2022',326,0,'Processed','PayPal'),('30/1/2023',132,0,'Pending','Debit Card'),('30/11/2022',216,0,'Processed','PayPal'),('30/11/2022',218,0,'Processed','Debit Card'),('30/12/2022',150,0,'Declined','Credit Card'),('30/4/2022',74,0,'Declined','Credit Card'),('30/4/2022',130,0,'Processed','Cash on Delivery'),('30/5/2022',2,0,'Processed','Credit Card'),('30/6/2022',33,0,'Declined','Credit Card'),('30/6/2022',261,0,'Processed','Credit Card'),('30/6/2022',359,0,'Pending','Debit Card'),('30/7/2022',16,0,'Processed','Debit Card'),('30/8/2022',70,0,'Processed','Credit Card'),('30/8/2022',232,0,'Declined','Debit Card'),('30/8/2022',303,0,'Pending','Debit Card'),('30/9/2022',40,0,'Pending','Credit Card'),('30/9/2022',46,0,'Processed','PayPal'),('31/10/2022',13,0,'Declined','Credit Card'),('31/10/2022',59,0,'Declined','PayPal'),('31/10/2022',118,0,'Processed','PayPal'),('31/12/2022',131,0,'Processed','Credit Card'),('31/3/2022',231,0,'Processed','Credit Card'),('31/3/2022',292,0,'Processed','Credit Card'),('31/3/2022',320,0,'Pending','PayPal'),('31/7/2022',60,0,'Pending','Debit Card'),('31/7/2022',266,0,'Pending','Debit Card'),('31/8/2022',155,0,'Pending','Debit Card'),('4/10/2022',344,0,'Pending','Credit Card'),('4/11/2022',262,0,'Processed','PayPal'),('4/11/2022',319,0,'Declined','Cash on Delivery'),('4/3/2022',128,0,'Processed','PayPal'),('4/4/2022',95,0,'Pending','Credit Card'),('4/5/2022',196,0,'Pending','PayPal'),('4/5/2022',306,0,'Processed','Credit Card'),('4/5/2022',361,0,'Declined','Debit Card'),('4/6/2022',123,0,'Pending','Debit Card'),('4/6/2022',291,0,'Declined','Debit Card'),('4/6/2022',384,0,'Pending','PayPal'),('4/8/2022',178,0,'Pending','Credit Card'),('4/8/2022',383,0,'Declined','Debit Card'),('4/9/2022',12,0,'Declined','PayPal'),('4/9/2022',81,0,'Processed','Debit Card'),('5/1/2023',313,0,'Processed','PayPal'),('5/1/2023',385,0,'Declined','Debit Card'),('5/10/2022',49,0,'Declined','Cash on Delivery'),('5/10/2022',100,0,'Declined','Credit Card'),('5/10/2022',368,0,'Processed','Credit Card'),('5/12/2022',217,0,'Pending','PayPal'),('5/12/2022',393,0,'Declined','Debit Card'),('5/12/2022',394,0,'Pending','Credit Card'),('5/4/2022',336,0,'Pending','PayPal'),('5/5/2022',35,0,'Declined','PayPal'),('5/5/2022',281,0,'Processed','Credit Card'),('5/8/2022',11,0,'Pending','Credit Card'),('5/8/2022',324,0,'Processed','Credit Card'),('6/1/2023',358,0,'Pending','Debit Card'),('6/11/2022',171,0,'Declined','PayPal'),('6/11/2022',246,0,'Pending','Cash on Delivery'),('6/12/2022',275,0,'Pending','Cash on Delivery'),('6/3/2022',135,0,'Processed','Credit Card'),('6/3/2022',245,0,'Processed','Debit Card'),('6/4/2022',310,0,'Processed','Credit Card'),('6/5/2022',298,0,'Declined','Debit Card'),('6/5/2022',307,0,'Processed','Debit Card'),('6/6/2022',104,0,'Declined','Credit Card'),('6/6/2022',120,0,'Declined','PayPal'),('6/6/2022',363,0,'Processed','Cash on Delivery'),('6/7/2022',4,0,'Pending','Cash on Delivery'),('6/7/2022',82,0,'Processed','Debit Card'),('6/7/2022',117,0,'Declined','Debit Card'),('6/9/2022',162,0,'Declined','Debit Card'),('6/9/2022',176,0,'Pending','Debit Card'),('6/9/2022',188,0,'Declined','Credit Card'),('6/9/2022',201,0,'Pending','Debit Card'),('7/1/2023',62,0,'Processed','Cash on Delivery'),('7/10/2022',47,0,'Pending','PayPal'),('7/10/2022',163,0,'Processed','Debit Card'),('7/11/2022',297,0,'Pending','Credit Card'),('7/12/2022',26,0,'Processed','Debit Card'),('7/12/2022',89,0,'Declined','Credit Card'),('7/12/2022',111,0,'Processed','Credit Card'),('7/12/2022',160,0,'Processed','Credit Card'),('7/2/2023',7,0,'Declined','Debit Card'),('7/2/2023',397,0,'Pending','Cash on Delivery'),('7/3/2022',276,0,'Processed','Debit Card'),('7/6/2022',202,0,'Processed','Credit Card'),('7/9/2022',208,0,'Processed','Cash on Delivery'),('8/1/2023',267,0,'Declined','Debit Card'),('8/11/2022',378,0,'Declined','Cash on Delivery'),('8/5/2022',65,0,'Pending','Debit Card'),('8/5/2022',293,0,'Processed','Debit Card'),('8/6/2022',323,0,'Processed','Debit Card'),('8/7/2022',102,0,'Declined','Debit Card'),('8/7/2022',228,0,'Processed','Credit Card'),('8/8/2022',17,0,'Pending','Debit Card'),('8/8/2022',376,0,'Pending','PayPal'),('8/8/2022',386,0,'Pending','Debit Card'),('8/9/2022',260,0,'Declined','Debit Card'),('9/1/2023',79,0,'Pending','PayPal'),('9/1/2023',375,0,'Declined','Debit Card'),('9/10/2022',67,0,'Declined','PayPal'),('9/10/2022',204,0,'Declined','Credit Card'),('9/10/2022',257,0,'Declined','Cash on Delivery'),('9/11/2022',52,0,'Declined','Cash on Delivery'),('9/12/2022',39,0,'Processed','Credit Card'),('9/2/2023',93,0,'Declined','Debit Card'),('9/5/2022',6,0,'Processed','Cash on Delivery'),('9/6/2022',287,0,'Pending','Cash on Delivery'),('9/6/2022',355,0,'Declined','Credit Card'),('9/7/2022',69,0,'Processed','Cash on Delivery'),('9/7/2022',170,0,'Processed','PayPal'),('9/7/2022',314,0,'Processed','Debit Card'),('9/7/2022',380,0,'Declined','Cash on Delivery'),('9/8/2022',274,0,'Declined','Debit Card'),('9/8/2022',296,0,'Pending','Cash on Delivery'),('9/8/2022',352,0,'Processed','Debit Card'),('9/8/2022',379,101040,'Pending','Cash on Delivery');
/*!40000 ALTER TABLE `payment` ENABLE KEYS */;
UNLOCK TABLES;

--
-- Table structure for table `product`
--

DROP TABLE IF EXISTS `product`;
/*!40101 SET @saved_cs_client     = @@character_set_client */;
/*!50503 SET character_set_client = utf8mb4 */;
CREATE TABLE `product` (
  `Product_id` int NOT NULL AUTO_INCREMENT,
  `Availability` varchar(50) NOT NULL,
  `Product_Description` varchar(1000) NOT NULL,
  `Customer_ID` int NOT NULL,
  `Inventory_ID` int NOT NULL,
  `Price` int unsigned DEFAULT NULL,
  `Cart_Quantity` int NOT NULL,
  `ProductName` varchar(100) DEFAULT NULL,
  `Inventory_Quantity` int unsigned DEFAULT NULL,
  PRIMARY KEY (`Product_id`),
  KEY `Customer_ID` (`Customer_ID`),
  KEY `Inventory_ID` (`Inventory_ID`),
  CONSTRAINT `product_ibfk_1` FOREIGN KEY (`Customer_ID`) REFERENCES `customer` (`Customer_ID`),
  CONSTRAINT `product_ibfk_2` FOREIGN KEY (`Inventory_ID`) REFERENCES `inventory` (`Inventory_ID`),
  CONSTRAINT `non_negative_product_price` CHECK ((`Price` > 0)),
  CONSTRAINT `non_negative_product_quantity` CHECK ((`Price` >= 0))
) ENGINE=InnoDB AUTO_INCREMENT=1001 DEFAULT CHARSET=utf8mb4 COLLATE=utf8mb4_0900_ai_ci;
/*!40101 SET character_set_client = @saved_cs_client */;

--
-- Dumping data for table `product`
--

LOCK TABLES `product` WRITE;
/*!40000 ALTER TABLE `product` DISABLE KEYS */;
INSERT INTO `product` VALUES (1,'Not Available','Pellentesque at nulla. Suspendisse potenti. Cras in purus eu magna vulputate luctus.',502,12,3819,17,'Vacuum Bags 12x16',50),(2,'Available','Proin eu mi. Nulla ac enim. In tempor, turpis nec euismod scelerisque, quam turpis adipiscing lorem, vitae mattis nibh ligula nec sem.',141,10,3932,17,'Oil - Shortening - All - Purpose',50),(3,'Not Available','In quis justo. Maecenas rhoncus aliquam lacus. Morbi quis tortor id nulla ultrices aliquet.',337,17,9659,29,'Cotton Wet Mop 16 Oz',50),(4,'Available','Maecenas ut massa quis augue luctus tincidunt. Nulla mollis molestie lorem. Quisque ut erat.',160,5,8039,5,'Ranchero - Primerba, Paste',50),(5,'Available','Duis aliquam convallis nunc. Proin at turpis a pede posuere nonummy. Integer non velit.',705,7,7978,34,'Cheese - Swiss',50),(6,'Not Available','In quis justo. Maecenas rhoncus aliquam lacus. Morbi quis tortor id nulla ultrices aliquet.',633,18,6215,6,'Seedlings - Buckwheat, Organic',50),(7,'Available','Fusce posuere felis sed lacus. Morbi sem mauris, laoreet ut, rhoncus aliquet, pulvinar sed, nisl. Nunc rhoncus dui vel sem.',222,4,145,32,'Vinegar - Champagne',50),(8,'Not Available','Phasellus in felis. Donec semper sapien a libero. Nam dui.',634,16,2892,6,'Strawberries',50),(9,'Available','In hac habitasse platea dictumst. Morbi vestibulum, velit id pretium iaculis, diam erat fermentum justo, nec condimentum neque sapien placerat ante. Nulla justo.',714,19,7245,48,'Salmon - Atlantic, No Skin',50),(10,'Available','Duis bibendum. Morbi non quam nec dui luctus rutrum. Nulla tellus.',527,8,5061,5,'Lumpfish Black',50),(11,'Available','Proin eu mi. Nulla ac enim. In tempor, turpis nec euismod scelerisque, quam turpis adipiscing lorem, vitae mattis nibh ligula nec sem.',533,1,2623,2,'Muffin Mix - Carrot',50),(12,'Not Available','In hac habitasse platea dictumst. Morbi vestibulum, velit id pretium iaculis, diam erat fermentum justo, nec condimentum neque sapien placerat ante. Nulla justo.',623,2,4723,40,'Schnappes Peppermint - Walker',50),(13,'Available','In quis justo. Maecenas rhoncus aliquam lacus. Morbi quis tortor id nulla ultrices aliquet.',555,15,2508,1,'Salami - Genova',50),(14,'Available','Morbi porttitor lorem id ligula. Suspendisse ornare consequat lectus. In est risus, auctor sed, tristique in, tempus sit amet, sem.',746,3,5603,4,'Halibut - Fletches',50),(15,'Not Available','Duis bibendum, felis sed interdum venenatis, turpis enim blandit mi, in porttitor pede justo eu massa. Donec dapibus. Duis at velit eu est congue elementum.',569,20,3623,5,'Chevril',50),(16,'Available','In hac habitasse platea dictumst. Etiam faucibus cursus urna. Ut tellus.',597,9,5630,2,'Neckerchief Blck',50),(17,'Not Available','Curabitur at ipsum ac tellus semper interdum. Mauris ullamcorper purus sit amet nulla. Quisque arcu libero, rutrum ac, lobortis vel, dapibus at, diam.',268,6,7852,40,'Chick Peas - Dried',50),(18,'Available','Integer tincidunt ante vel ipsum. Praesent blandit lacinia erat. Vestibulum sed magna at nunc commodo placerat.',22,14,3719,5,'Kiwano',50),(19,'Not Available','Duis bibendum. Morbi non quam nec dui luctus rutrum. Nulla tellus.',441,13,4016,37,'Rice - Basmati',50),(20,'Not Available','Fusce consequat. Nulla nisl. Nunc nisl.',267,11,1164,9,'Pork - Side Ribs',50),(21,'Available','Morbi non lectus. Aliquam sit amet diam in magna bibendum imperdiet. Nullam orci pede, venenatis non, sodales sed, tincidunt eu, felis.',365,12,311,40,'Pate - Liver',50),(22,'Not Available','Praesent id massa id nisl venenatis lacinia. Aenean sit amet justo. Morbi ut odio.',248,10,5342,6,'Milkettes - 2%',50),(23,'Available','Fusce consequat. Nulla nisl. Nunc nisl.',464,17,6165,5,'Sauce - Thousand Island',50),(24,'Available','Proin eu mi. Nulla ac enim. In tempor, turpis nec euismod scelerisque, quam turpis adipiscing lorem, vitae mattis nibh ligula nec sem.',42,5,1611,47,'Fennel - Seeds',50),(25,'Available','Fusce consequat. Nulla nisl. Nunc nisl.',243,7,8008,24,'Dr. Pepper - 355ml',50),(26,'Not Available','Maecenas ut massa quis augue luctus tincidunt. Nulla mollis molestie lorem. Quisque ut erat.',535,18,792,12,'Soup - Campbells Mac N Cheese',50),(27,'Available','Cras non velit nec nisi vulputate nonummy. Maecenas tincidunt lacus at velit. Vivamus vel nulla eget eros elementum pellentesque.',317,4,217,27,'Halibut - Steaks',50),(28,'Available','Proin interdum mauris non ligula pellentesque ultrices. Phasellus id sapien in sapien iaculis congue. Vivamus metus arcu, adipiscing molestie, hendrerit at, vulputate vitae, nisl.',599,16,1058,5,'Soup - French Onion',50),(29,'Not Available','Maecenas ut massa quis augue luctus tincidunt. Nulla mollis molestie lorem. Quisque ut erat.',267,19,7463,33,'Bread Ww Cluster',50),(30,'Available','In hac habitasse platea dictumst. Etiam faucibus cursus urna. Ut tellus.',513,8,7510,17,'Pasta - Penne, Rigate, Dry',50),(31,'Available','Praesent blandit. Nam nulla. Integer pede justo, lacinia eget, tincidunt eget, tempus vel, pede.',11,1,7780,6,'Cod - Salted, Boneless',50),(32,'Available','In hac habitasse platea dictumst. Morbi vestibulum, velit id pretium iaculis, diam erat fermentum justo, nec condimentum neque sapien placerat ante. Nulla justo.',248,2,6380,48,'Nacho Chips',50),(33,'Not Available','Duis aliquam convallis nunc. Proin at turpis a pede posuere nonummy. Integer non velit.',720,15,7668,21,'Table Cloth - 53x69 Colour',50),(34,'Available','Aenean lectus. Pellentesque eget nunc. Donec quis orci eget orci vehicula condimentum.',608,3,7865,42,'Muffins - Assorted',50),(35,'Available','Curabitur in libero ut massa volutpat convallis. Morbi odio odio, elementum eu, interdum eu, tincidunt in, leo. Maecenas pulvinar lobortis est.',127,20,8172,40,'Potatoes - Pei 10 Oz',50),(36,'Not Available','Sed sagittis. Nam congue, risus semper porta volutpat, quam pede lobortis ligula, sit amet eleifend pede libero quis orci. Nullam molestie nibh in lectus.',522,9,9757,27,'Wine - Champagne Brut Veuve',50),(37,'Available','Curabitur in libero ut massa volutpat convallis. Morbi odio odio, elementum eu, interdum eu, tincidunt in, leo. Maecenas pulvinar lobortis est.',699,6,585,5,'Veal - Eye Of Round',50),(38,'Not Available','Proin interdum mauris non ligula pellentesque ultrices. Phasellus id sapien in sapien iaculis congue. Vivamus metus arcu, adipiscing molestie, hendrerit at, vulputate vitae, nisl.',332,14,1275,6,'Wasabi Powder',50),(39,'Not Available','Sed sagittis. Nam congue, risus semper porta volutpat, quam pede lobortis ligula, sit amet eleifend pede libero quis orci. Nullam molestie nibh in lectus.',428,13,357,32,'Sugar - White Packet',50),(40,'Available','Sed ante. Vivamus tortor. Duis mattis egestas metus.',298,11,6610,27,'Bandage - Flexible Neon',50),(41,'Available','Duis consequat dui nec nisi volutpat eleifend. Donec ut dolor. Morbi vel lectus in quam fringilla rhoncus.',682,12,1120,5,'Towel - Roll White',50),(42,'Available','Duis aliquam convallis nunc. Proin at turpis a pede posuere nonummy. Integer non velit.',65,10,3907,4,'Cookie - Dough Variety',50),(43,'Available','Phasellus sit amet erat. Nulla tempus. Vivamus in felis eu sapien cursus vestibulum.',641,17,4239,27,'Snapple - Mango Maddness',50),(44,'Available','Aenean lectus. Pellentesque eget nunc. Donec quis orci eget orci vehicula condimentum.',113,5,4645,27,'Sage - Rubbed',50),(45,'Available','Curabitur in libero ut massa volutpat convallis. Morbi odio odio, elementum eu, interdum eu, tincidunt in, leo. Maecenas pulvinar lobortis est.',665,7,2529,17,'Muffin Mix - Carrot',50),(46,'Available','Suspendisse potenti. In eleifend quam a odio. In hac habitasse platea dictumst.',549,18,7579,40,'Wasabi Paste',50),(47,'Available','Duis aliquam convallis nunc. Proin at turpis a pede posuere nonummy. Integer non velit.',784,4,4378,40,'Puree - Mango',50),(48,'Available','Quisque id justo sit amet sapien dignissim vestibulum. Vestibulum ante ipsum primis in faucibus orci luctus et ultrices posuere cubilia Curae; Nulla dapibus dolor vel est. Donec odio justo, sollicitudin ut, suscipit a, feugiat et, eros.',372,16,9596,49,'Towels - Paper / Kraft',50),(49,'Available','Quisque porta volutpat erat. Quisque erat eros, viverra eget, congue eget, semper rutrum, nulla. Nunc purus.',484,19,3555,6,'Pepper - Chipotle, Canned',50),(50,'Available','Vestibulum ac est lacinia nisi venenatis tristique. Fusce congue, diam id ornare imperdiet, sapien urna pretium nisl, ut volutpat sapien arcu sed augue. Aliquam erat volutpat.',41,8,8748,49,'Sauce - Balsamic Viniagrette',50),(51,'Available','In hac habitasse platea dictumst. Etiam faucibus cursus urna. Ut tellus.',144,1,8005,49,'Pop Shoppe Cream Soda',50),(52,'Available','Nulla ut erat id mauris vulputate elementum. Nullam varius. Nulla facilisi.',634,2,1993,40,'Bandage - Finger Cots',50),(53,'Available','Fusce consequat. Nulla nisl. Nunc nisl.',572,15,3891,40,'Pastry - Raisin Muffin - Mini',50),(54,'Not Available','Quisque id justo sit amet sapien dignissim vestibulum. Vestibulum ante ipsum primis in faucibus orci luctus et ultrices posuere cubilia Curae; Nulla dapibus dolor vel est. Donec odio justo, sollicitudin ut, suscipit a, feugiat et, eros.',99,3,2764,2,'Wine - Barbera Alba Doc 2001',50),(55,'Available','Sed sagittis. Nam congue, risus semper porta volutpat, quam pede lobortis ligula, sit amet eleifend pede libero quis orci. Nullam molestie nibh in lectus.',247,20,5892,37,'Pears - Fiorelle',50),(56,'Available','Vestibulum quam sapien, varius ut, blandit non, interdum in, ante. Vestibulum ante ipsum primis in faucibus orci luctus et ultrices posuere cubilia Curae; Duis faucibus accumsan odio. Curabitur convallis.',647,9,1887,28,'Squeeze Bottle',50),(57,'Available','Etiam vel augue. Vestibulum rutrum rutrum neque. Aenean auctor gravida sem.',750,6,3611,40,'Soup - Campbells - Tomato',50),(58,'Available','Phasellus sit amet erat. Nulla tempus. Vivamus in felis eu sapien cursus vestibulum.',292,14,429,34,'Wiberg Cure',50),(59,'Not Available','Donec diam neque, vestibulum eget, vulputate ut, ultrices vel, augue. Vestibulum ante ipsum primis in faucibus orci luctus et ultrices posuere cubilia Curae; Donec pharetra, magna vestibulum aliquet ultrices, erat tortor sollicitudin mi, sit amet lobortis sapien sapien non mi. Integer ac neque.',219,13,5802,5,'Cabbage - Green',50),(60,'Available','Proin leo odio, porttitor id, consequat in, consequat ut, nulla. Sed accumsan felis. Ut at dolor quis odio consequat varius.',392,11,3526,49,'Broom And Broom Rack White',50),(61,'Not Available','Morbi non lectus. Aliquam sit amet diam in magna bibendum imperdiet. Nullam orci pede, venenatis non, sodales sed, tincidunt eu, felis.',467,12,2453,5,'Veal - Leg, Provimi - 50 Lb Max',50),(62,'Available','Morbi non lectus. Aliquam sit amet diam in magna bibendum imperdiet. Nullam orci pede, venenatis non, sodales sed, tincidunt eu, felis.',425,10,4252,28,'Beef - Tenderloin Tails',50),(63,'Available','Pellentesque at nulla. Suspendisse potenti. Cras in purus eu magna vulputate luctus.',149,17,6009,42,'Cake - Dulce De Leche',50),(64,'Available','Praesent id massa id nisl venenatis lacinia. Aenean sit amet justo. Morbi ut odio.',655,5,1625,42,'Coffee Beans - Chocolate',50),(65,'Available','Praesent id massa id nisl venenatis lacinia. Aenean sit amet justo. Morbi ut odio.',33,7,1866,37,'Cactus Pads',50),(66,'Not Available','Maecenas ut massa quis augue luctus tincidunt. Nulla mollis molestie lorem. Quisque ut erat.',568,18,9079,47,'Pecan Raisin - Tarts',50),(67,'Not Available','In hac habitasse platea dictumst. Etiam faucibus cursus urna. Ut tellus.',311,4,8076,49,'Wine - Stoneliegh Sauvignon',50),(68,'Not Available','Nullam porttitor lacus at turpis. Donec posuere metus vitae ipsum. Aliquam non mauris.',644,16,4567,28,'Kohlrabi',50),(69,'Not Available','Phasellus in felis. Donec semper sapien a libero. Nam dui.',18,19,9131,25,'Tart Shells - Sweet, 2',50),(70,'Not Available','Sed ante. Vivamus tortor. Duis mattis egestas metus.',677,8,6262,29,'Honey - Lavender',50),(71,'Available','Donec diam neque, vestibulum eget, vulputate ut, ultrices vel, augue. Vestibulum ante ipsum primis in faucibus orci luctus et ultrices posuere cubilia Curae; Donec pharetra, magna vestibulum aliquet ultrices, erat tortor sollicitudin mi, sit amet lobortis sapien sapien non mi. Integer ac neque.',542,1,5275,47,'Soup - Campbells',50),(72,'Not Available','Cum sociis natoque penatibus et magnis dis parturient montes, nascetur ridiculus mus. Vivamus vestibulum sagittis sapien. Cum sociis natoque penatibus et magnis dis parturient montes, nascetur ridiculus mus.',202,2,3173,17,'Mushroom - Portebello',50),(73,'Not Available','Aenean lectus. Pellentesque eget nunc. Donec quis orci eget orci vehicula condimentum.',342,15,5520,17,'Clam Nectar',50),(74,'Not Available','Duis consequat dui nec nisi volutpat eleifend. Donec ut dolor. Morbi vel lectus in quam fringilla rhoncus.',518,3,8837,30,'Soap - Hand Soap',50),(75,'Not Available','Duis bibendum, felis sed interdum venenatis, turpis enim blandit mi, in porttitor pede justo eu massa. Donec dapibus. Duis at velit eu est congue elementum.',54,20,168,25,'Chips Potato Reg 43g',50),(76,'Available','Integer tincidunt ante vel ipsum. Praesent blandit lacinia erat. Vestibulum sed magna at nunc commodo placerat.',735,9,5222,4,'Cake Sheet Combo Party Pack',50),(77,'Not Available','Mauris enim leo, rhoncus sed, vestibulum sit amet, cursus id, turpis. Integer aliquet, massa id lobortis convallis, tortor risus dapibus augue, vel accumsan tellus nisi eu orci. Mauris lacinia sapien quis libero.',227,6,3813,30,'Tomato - Plum With Basil',50),(78,'Available','Sed sagittis. Nam congue, risus semper porta volutpat, quam pede lobortis ligula, sit amet eleifend pede libero quis orci. Nullam molestie nibh in lectus.',326,14,9668,12,'Chicken Giblets',50),(79,'Not Available','Nulla ut erat id mauris vulputate elementum. Nullam varius. Nulla facilisi.',284,13,289,44,'Momiji Oroshi Chili Sauce',50),(80,'Not Available','Vestibulum quam sapien, varius ut, blandit non, interdum in, ante. Vestibulum ante ipsum primis in faucibus orci luctus et ultrices posuere cubilia Curae; Duis faucibus accumsan odio. Curabitur convallis.',560,11,85,48,'Sauce - Oyster',50),(81,'Available','Curabitur in libero ut massa volutpat convallis. Morbi odio odio, elementum eu, interdum eu, tincidunt in, leo. Maecenas pulvinar lobortis est.',488,12,2727,17,'Loaf Pan - 2 Lb, Foil',50),(82,'Not Available','Aliquam quis turpis eget elit sodales scelerisque. Mauris sit amet eros. Suspendisse accumsan tortor quis turpis.',81,10,6950,42,'Chicken Breast Halal',50),(83,'Available','Etiam vel augue. Vestibulum rutrum rutrum neque. Aenean auctor gravida sem.',588,17,3596,5,'Schnappes - Peach, Walkers',50),(84,'Available','Duis consequat dui nec nisi volutpat eleifend. Donec ut dolor. Morbi vel lectus in quam fringilla rhoncus.',240,5,7416,17,'Bar - Granola Trail Mix Fruit Nut',50),(85,'Not Available','Fusce posuere felis sed lacus. Morbi sem mauris, laoreet ut, rhoncus aliquet, pulvinar sed, nisl. Nunc rhoncus dui vel sem.',22,7,5503,32,'Turnip - White, Organic',50),(86,'Not Available','Nulla ut erat id mauris vulputate elementum. Nullam varius. Nulla facilisi.',543,18,8870,4,'Table Cloth 54x54 White',50),(87,'Available','In hac habitasse platea dictumst. Etiam faucibus cursus urna. Ut tellus.',231,4,6366,40,'Truffle Cups Green',50),(88,'Available','Curabitur gravida nisi at nibh. In hac habitasse platea dictumst. Aliquam augue quam, sollicitudin vitae, consectetuer eget, rutrum at, lorem.',398,16,9730,7,'V8 - Vegetable Cocktail',50),(89,'Available','Proin interdum mauris non ligula pellentesque ultrices. Phasellus id sapien in sapien iaculis congue. Vivamus metus arcu, adipiscing molestie, hendrerit at, vulputate vitae, nisl.',476,19,1667,30,'Samosa - Veg',50),(90,'Not Available','Nam ultrices, libero non mattis pulvinar, nulla pede ullamcorper augue, a suscipit nulla elit ac nulla. Sed vel enim sit amet nunc viverra dapibus. Nulla suscipit ligula in lacus.',481,8,6020,40,'Turkey - Breast, Bone - In',50),(91,'Not Available','Cras non velit nec nisi vulputate nonummy. Maecenas tincidunt lacus at velit. Vivamus vel nulla eget eros elementum pellentesque.',415,1,4903,48,'Appetizer - Chicken Satay',50),(92,'Not Available','Integer ac leo. Pellentesque ultrices mattis odio. Donec vitae nisi.',535,2,9126,13,'Dried Peach',50),(93,'Available','Phasellus in felis. Donec semper sapien a libero. Nam dui.',794,15,1778,25,'Marjoram - Fresh',50),(94,'Not Available','Morbi porttitor lorem id ligula. Suspendisse ornare consequat lectus. In est risus, auctor sed, tristique in, tempus sit amet, sem.',366,3,5664,48,'Beans - Green',50),(95,'Not Available','Mauris enim leo, rhoncus sed, vestibulum sit amet, cursus id, turpis. Integer aliquet, massa id lobortis convallis, tortor risus dapibus augue, vel accumsan tellus nisi eu orci. Mauris lacinia sapien quis libero.',578,20,1828,16,'Truffle - Peelings',50),(96,'Available','Duis bibendum, felis sed interdum venenatis, turpis enim blandit mi, in porttitor pede justo eu massa. Donec dapibus. Duis at velit eu est congue elementum.',106,9,3593,48,'Raisin - Dark',50),(97,'Not Available','Curabitur in libero ut massa volutpat convallis. Morbi odio odio, elementum eu, interdum eu, tincidunt in, leo. Maecenas pulvinar lobortis est.',133,6,8179,37,'Tomatoes - Cherry',50),(98,'Not Available','Cum sociis natoque penatibus et magnis dis parturient montes, nascetur ridiculus mus. Vivamus vestibulum sagittis sapien. Cum sociis natoque penatibus et magnis dis parturient montes, nascetur ridiculus mus.',252,14,3659,5,'Red Cod Fillets - 225g',50),(99,'Not Available','Aenean lectus. Pellentesque eget nunc. Donec quis orci eget orci vehicula condimentum.',537,13,6954,42,'Phyllo Dough',50),(100,'Available','Praesent id massa id nisl venenatis lacinia. Aenean sit amet justo. Morbi ut odio.',161,11,2439,17,'Lemonade - Natural, 591 Ml',50),(101,'Not Available','Cras mi pede, malesuada in, imperdiet et, commodo vulputate, justo. In blandit ultrices enim. Lorem ipsum dolor sit amet, consectetuer adipiscing elit.',303,12,1910,21,'Foam Tray S2',50),(102,'Available','Cras non velit nec nisi vulputate nonummy. Maecenas tincidunt lacus at velit. Vivamus vel nulla eget eros elementum pellentesque.',178,10,2623,32,'Momiji Oroshi Chili Sauce',50),(103,'Not Available','Mauris enim leo, rhoncus sed, vestibulum sit amet, cursus id, turpis. Integer aliquet, massa id lobortis convallis, tortor risus dapibus augue, vel accumsan tellus nisi eu orci. Mauris lacinia sapien quis libero.',774,17,3468,40,'Beef - Ox Tongue',50),(104,'Not Available','Phasellus in felis. Donec semper sapien a libero. Nam dui.',33,5,9355,6,'The Pop Shoppe - Lime Rickey',50),(105,'Available','Cras mi pede, malesuada in, imperdiet et, commodo vulputate, justo. In blandit ultrices enim. Lorem ipsum dolor sit amet, consectetuer adipiscing elit.',324,7,4642,12,'Apple - Northern Spy',50),(106,'Not Available','Curabitur gravida nisi at nibh. In hac habitasse platea dictumst. Aliquam augue quam, sollicitudin vitae, consectetuer eget, rutrum at, lorem.',731,18,4019,28,'Chocolate - Chips Compound',50),(107,'Not Available','Proin leo odio, porttitor id, consequat in, consequat ut, nulla. Sed accumsan felis. Ut at dolor quis odio consequat varius.',256,4,5446,42,'Vinegar - Raspberry',50),(108,'Available','Vestibulum quam sapien, varius ut, blandit non, interdum in, ante. Vestibulum ante ipsum primis in faucibus orci luctus et ultrices posuere cubilia Curae; Duis faucibus accumsan odio. Curabitur convallis.',191,16,166,27,'Wine - Ruffino Chianti Classico',50),(109,'Not Available','In quis justo. Maecenas rhoncus aliquam lacus. Morbi quis tortor id nulla ultrices aliquet.',658,19,5630,4,'Apple - Macintosh',50),(110,'Available','In sagittis dui vel nisl. Duis ac nibh. Fusce lacus purus, aliquet at, feugiat non, pretium quis, lectus.',69,8,5162,32,'Truffle Cups - Brown',50),(111,'Not Available','Morbi non lectus. Aliquam sit amet diam in magna bibendum imperdiet. Nullam orci pede, venenatis non, sodales sed, tincidunt eu, felis.',259,1,2888,2,'Wine - Puligny Montrachet A.',50),(112,'Not Available','Pellentesque at nulla. Suspendisse potenti. Cras in purus eu magna vulputate luctus.',432,2,1275,1,'Wine - Guy Sage Touraine',50),(113,'Available','Nulla ut erat id mauris vulputate elementum. Nullam varius. Nulla facilisi.',527,15,5374,2,'Liqueur Banana, Ramazzotti',50),(114,'Not Available','Quisque porta volutpat erat. Quisque erat eros, viverra eget, congue eget, semper rutrum, nulla. Nunc purus.',436,3,3072,2,'Corn Syrup',50),(115,'Available','Morbi porttitor lorem id ligula. Suspendisse ornare consequat lectus. In est risus, auctor sed, tristique in, tempus sit amet, sem.',493,20,9672,5,'Soup Campbells Split Pea And Ham',50),(116,'Available','Integer ac leo. Pellentesque ultrices mattis odio. Donec vitae nisi.',791,9,6683,29,'Bagel - Sesame Seed Presliced',50),(117,'Not Available','Proin leo odio, porttitor id, consequat in, consequat ut, nulla. Sed accumsan felis. Ut at dolor quis odio consequat varius.',715,6,691,34,'Beef - Prime Rib Aaa',50),(118,'Available','Praesent id massa id nisl venenatis lacinia. Aenean sit amet justo. Morbi ut odio.',623,14,5513,9,'Sugar - Invert',50),(119,'Not Available','In hac habitasse platea dictumst. Etiam faucibus cursus urna. Ut tellus.',486,13,9266,5,'Rabbit - Legs',50),(120,'Not Available','Duis bibendum, felis sed interdum venenatis, turpis enim blandit mi, in porttitor pede justo eu massa. Donec dapibus. Duis at velit eu est congue elementum.',551,11,4378,35,'Flavouring - Orange',50),(121,'Not Available','Cras mi pede, malesuada in, imperdiet et, commodo vulputate, justo. In blandit ultrices enim. Lorem ipsum dolor sit amet, consectetuer adipiscing elit.',350,12,3845,30,'Sambuca - Opal Nera',50),(122,'Not Available','Quisque porta volutpat erat. Quisque erat eros, viverra eget, congue eget, semper rutrum, nulla. Nunc purus.',258,10,5142,21,'Fudge - Cream Fudge',50),(123,'Available','Cras mi pede, malesuada in, imperdiet et, commodo vulputate, justo. In blandit ultrices enim. Lorem ipsum dolor sit amet, consectetuer adipiscing elit.',726,17,85,5,'Smoked Paprika',50),(124,'Not Available','Curabitur in libero ut massa volutpat convallis. Morbi odio odio, elementum eu, interdum eu, tincidunt in, leo. Maecenas pulvinar lobortis est.',185,5,3175,4,'Red Currants',50),(125,'Available','Vestibulum ac est lacinia nisi venenatis tristique. Fusce congue, diam id ornare imperdiet, sapien urna pretium nisl, ut volutpat sapien arcu sed augue. Aliquam erat volutpat.',41,7,1034,25,'Rabbit - Whole',50),(126,'Not Available','Integer ac leo. Pellentesque ultrices mattis odio. Donec vitae nisi.',312,18,8172,2,'Lamb Rack - Ontario',50),(127,'Not Available','Sed sagittis. Nam congue, risus semper porta volutpat, quam pede lobortis ligula, sit amet eleifend pede libero quis orci. Nullam molestie nibh in lectus.',417,4,2888,5,'Mushroom - Lg - Cello',50),(128,'Not Available','Quisque porta volutpat erat. Quisque erat eros, viverra eget, congue eget, semper rutrum, nulla. Nunc purus.',712,16,2976,34,'Coke - Diet, 355 Ml',50),(129,'Not Available','Phasellus sit amet erat. Nulla tempus. Vivamus in felis eu sapien cursus vestibulum.',649,19,3680,7,'The Pop Shoppe Pinapple',50),(130,'Not Available','In congue. Etiam justo. Etiam pretium iaculis justo.',42,8,8781,24,'Soupcontfoam16oz 116con',50),(131,'Not Available','In hac habitasse platea dictumst. Morbi vestibulum, velit id pretium iaculis, diam erat fermentum justo, nec condimentum neque sapien placerat ante. Nulla justo.',299,1,2169,16,'Wine - Barolo Fontanafredda',50),(132,'Not Available','Donec diam neque, vestibulum eget, vulputate ut, ultrices vel, augue. Vestibulum ante ipsum primis in faucibus orci luctus et ultrices posuere cubilia Curae; Donec pharetra, magna vestibulum aliquet ultrices, erat tortor sollicitudin mi, sit amet lobortis sapien sapien non mi. Integer ac neque.',405,2,425,6,'Wine - Red Oakridge Merlot',50),(133,'Available','In sagittis dui vel nisl. Duis ac nibh. Fusce lacus purus, aliquet at, feugiat non, pretium quis, lectus.',565,15,9545,40,'Beer - Moosehead',50),(134,'Not Available','Phasellus in felis. Donec semper sapien a libero. Nam dui.',174,3,8174,9,'Doilies - 10, Paper',50),(135,'Available','In quis justo. Maecenas rhoncus aliquam lacus. Morbi quis tortor id nulla ultrices aliquet.',532,20,555,49,'Pork Loin Cutlets',50),(136,'Available','Cum sociis natoque penatibus et magnis dis parturient montes, nascetur ridiculus mus. Vivamus vestibulum sagittis sapien. Cum sociis natoque penatibus et magnis dis parturient montes, nascetur ridiculus mus.',141,9,9285,21,'Garlic - Elephant',50),(137,'Available','Fusce posuere felis sed lacus. Morbi sem mauris, laoreet ut, rhoncus aliquet, pulvinar sed, nisl. Nunc rhoncus dui vel sem.',163,6,6225,42,'Wild Boar - Tenderloin',50),(138,'Available','Nam ultrices, libero non mattis pulvinar, nulla pede ullamcorper augue, a suscipit nulla elit ac nulla. Sed vel enim sit amet nunc viverra dapibus. Nulla suscipit ligula in lacus.',293,14,1251,49,'Crab - Imitation Flakes',50),(139,'Available','In hac habitasse platea dictumst. Etiam faucibus cursus urna. Ut tellus.',89,13,3819,4,'Beef - Diced',50),(140,'Not Available','Lorem ipsum dolor sit amet, consectetuer adipiscing elit. Proin risus. Praesent lectus.',19,11,9137,32,'Sesame Seed Black',50),(141,'Not Available','Praesent blandit. Nam nulla. Integer pede justo, lacinia eget, tincidunt eget, tempus vel, pede.',305,12,5831,29,'Capon - Breast, Double, Wing On',50),(142,'Not Available','In congue. Etiam justo. Etiam pretium iaculis justo.',383,10,9493,17,'Nantucket Apple Juice',50),(143,'Available','In congue. Etiam justo. Etiam pretium iaculis justo.',463,17,9466,40,'Bag - Regular Kraft 20 Lb',50),(144,'Not Available','Etiam vel augue. Vestibulum rutrum rutrum neque. Aenean auctor gravida sem.',670,5,9305,16,'Silicone Parch. 16.3x24.3',50),(145,'Available','Cras non velit nec nisi vulputate nonummy. Maecenas tincidunt lacus at velit. Vivamus vel nulla eget eros elementum pellentesque.',83,7,4141,48,'Table Cloth 54x54 White',50),(146,'Available','Maecenas ut massa quis augue luctus tincidunt. Nulla mollis molestie lorem. Quisque ut erat.',794,18,4851,17,'Glaze - Clear',50),(147,'Not Available','Duis bibendum. Morbi non quam nec dui luctus rutrum. Nulla tellus.',440,4,2486,30,'Long Island Ice Tea',50),(148,'Available','Lorem ipsum dolor sit amet, consectetuer adipiscing elit. Proin risus. Praesent lectus.',278,16,3527,30,'Cookie - Oreo 100x2',50),(149,'Available','In congue. Etiam justo. Etiam pretium iaculis justo.',99,19,9668,4,'Orange - Canned, Mandarin',50),(150,'Available','Fusce consequat. Nulla nisl. Nunc nisl.',431,8,1099,49,'Basil - Pesto Sauce',50),(151,'Not Available','Vestibulum quam sapien, varius ut, blandit non, interdum in, ante. Vestibulum ante ipsum primis in faucibus orci luctus et ultrices posuere cubilia Curae; Duis faucibus accumsan odio. Curabitur convallis.',80,1,7161,28,'Bagel - Whole White Sesame',50),(152,'Not Available','Nulla ut erat id mauris vulputate elementum. Nullam varius. Nulla facilisi.',696,2,4903,40,'Corn - Mini',50),(153,'Available','Maecenas tristique, est et tempus semper, est quam pharetra magna, ac consequat metus sapien ut nunc. Vestibulum ante ipsum primis in faucibus orci luctus et ultrices posuere cubilia Curae; Mauris viverra diam vitae quam. Suspendisse potenti.',460,15,6928,29,'Mudslide',50),(154,'Not Available','Duis bibendum, felis sed interdum venenatis, turpis enim blandit mi, in porttitor pede justo eu massa. Donec dapibus. Duis at velit eu est congue elementum.',167,3,3785,47,'Bouq All Italian - Primerba',50),(155,'Available','Curabitur in libero ut massa volutpat convallis. Morbi odio odio, elementum eu, interdum eu, tincidunt in, leo. Maecenas pulvinar lobortis est.',605,20,8501,30,'Muskox - French Rack',50),(156,'Not Available','Mauris enim leo, rhoncus sed, vestibulum sit amet, cursus id, turpis. Integer aliquet, massa id lobortis convallis, tortor risus dapibus augue, vel accumsan tellus nisi eu orci. Mauris lacinia sapien quis libero.',265,9,4990,13,'Pheasants - Whole',50),(157,'Not Available','Maecenas ut massa quis augue luctus tincidunt. Nulla mollis molestie lorem. Quisque ut erat.',357,6,3526,17,'Smoked Tongue',50),(158,'Not Available','Cum sociis natoque penatibus et magnis dis parturient montes, nascetur ridiculus mus. Vivamus vestibulum sagittis sapien. Cum sociis natoque penatibus et magnis dis parturient montes, nascetur ridiculus mus.',603,14,632,6,'Blackberries',50),(159,'Available','Phasellus in felis. Donec semper sapien a libero. Nam dui.',465,13,9562,6,'Capers - Ox Eye Daisy',50),(160,'Not Available','Nullam porttitor lacus at turpis. Donec posuere metus vitae ipsum. Aliquam non mauris.',483,11,1058,34,'Wine - Chablis 2003 Champs',50),(161,'Available','In hac habitasse platea dictumst. Etiam faucibus cursus urna. Ut tellus.',614,12,5414,25,'Lid - 0090 Clear',50),(162,'Not Available','Fusce consequat. Nulla nisl. Nunc nisl.',319,10,7364,48,'Nut - Peanut, Roasted',50),(163,'Not Available','In sagittis dui vel nisl. Duis ac nibh. Fusce lacus purus, aliquet at, feugiat non, pretium quis, lectus.',38,17,8749,1,'Flower - Commercial Spider',50),(164,'Available','Curabitur gravida nisi at nibh. In hac habitasse platea dictumst. Aliquam augue quam, sollicitudin vitae, consectetuer eget, rutrum at, lorem.',215,5,1227,12,'Coffee Decaf Colombian',50),(165,'Available','Donec diam neque, vestibulum eget, vulputate ut, ultrices vel, augue. Vestibulum ante ipsum primis in faucibus orci luctus et ultrices posuere cubilia Curae; Donec pharetra, magna vestibulum aliquet ultrices, erat tortor sollicitudin mi, sit amet lobortis sapien sapien non mi. Integer ac neque.',305,7,9389,24,'Pepper - Orange',50),(166,'Not Available','Cras non velit nec nisi vulputate nonummy. Maecenas tincidunt lacus at velit. Vivamus vel nulla eget eros elementum pellentesque.',345,18,8071,13,'Appetizer - Assorted Box',50),(167,'Not Available','Curabitur gravida nisi at nibh. In hac habitasse platea dictumst. Aliquam augue quam, sollicitudin vitae, consectetuer eget, rutrum at, lorem.',321,4,9627,28,'Temperature Recording Station',50),(168,'Available','Cras non velit nec nisi vulputate nonummy. Maecenas tincidunt lacus at velit. Vivamus vel nulla eget eros elementum pellentesque.',176,16,2842,21,'Pear - Packum',50),(169,'Available','Pellentesque at nulla. Suspendisse potenti. Cras in purus eu magna vulputate luctus.',170,19,9578,42,'Chocolate - Milk Coating',50),(170,'Not Available','Proin eu mi. Nulla ac enim. In tempor, turpis nec euismod scelerisque, quam turpis adipiscing lorem, vitae mattis nibh ligula nec sem.',271,8,7556,27,'Skirt - 24 Foot',50),(171,'Not Available','Aenean lectus. Pellentesque eget nunc. Donec quis orci eget orci vehicula condimentum.',458,1,6856,2,'Ostrich - Prime Cut',50),(172,'Available','Sed sagittis. Nam congue, risus semper porta volutpat, quam pede lobortis ligula, sit amet eleifend pede libero quis orci. Nullam molestie nibh in lectus.',672,2,8781,49,'Carrots - Mini Red Organic',50),(173,'Not Available','Aenean lectus. Pellentesque eget nunc. Donec quis orci eget orci vehicula condimentum.',220,15,4286,33,'Bacardi Raspberry',50),(174,'Not Available','Phasellus in felis. Donec semper sapien a libero. Nam dui.',419,3,8560,44,'Basil - Fresh',50),(175,'Not Available','Proin eu mi. Nulla ac enim. In tempor, turpis nec euismod scelerisque, quam turpis adipiscing lorem, vitae mattis nibh ligula nec sem.',327,20,8693,49,'Nacho Chips',50),(176,'Not Available','Cum sociis natoque penatibus et magnis dis parturient montes, nascetur ridiculus mus. Vivamus vestibulum sagittis sapien. Cum sociis natoque penatibus et magnis dis parturient montes, nascetur ridiculus mus.',576,9,8837,37,'Nantucket Cranberry Juice',50),(177,'Available','Quisque id justo sit amet sapien dignissim vestibulum. Vestibulum ante ipsum primis in faucibus orci luctus et ultrices posuere cubilia Curae; Nulla dapibus dolor vel est. Donec odio justo, sollicitudin ut, suscipit a, feugiat et, eros.',567,6,1755,40,'Island Oasis - Ice Cream Mix',50),(178,'Available','Curabitur in libero ut massa volutpat convallis. Morbi odio odio, elementum eu, interdum eu, tincidunt in, leo. Maecenas pulvinar lobortis est.',597,14,6370,40,'Chilli Paste, Sambal Oelek',50),(179,'Not Available','Vestibulum quam sapien, varius ut, blandit non, interdum in, ante. Vestibulum ante ipsum primis in faucibus orci luctus et ultrices posuere cubilia Curae; Duis faucibus accumsan odio. Curabitur convallis.',207,13,2521,30,'Soup - Base Broth Chix',50),(180,'Available','In sagittis dui vel nisl. Duis ac nibh. Fusce lacus purus, aliquet at, feugiat non, pretium quis, lectus.',196,11,2457,1,'Grapes - Red',50),(181,'Not Available','Vestibulum ac est lacinia nisi venenatis tristique. Fusce congue, diam id ornare imperdiet, sapien urna pretium nisl, ut volutpat sapien arcu sed augue. Aliquam erat volutpat.',795,12,3769,6,'Bar - Granola Trail Mix Fruit Nut',50),(182,'Not Available','In quis justo. Maecenas rhoncus aliquam lacus. Morbi quis tortor id nulla ultrices aliquet.',190,10,7579,49,'Smoked Paprika',50),(183,'Not Available','Suspendisse potenti. In eleifend quam a odio. In hac habitasse platea dictumst.',1,17,1788,28,'Monkfish - Fresh',50),(184,'Available','Duis aliquam convallis nunc. Proin at turpis a pede posuere nonummy. Integer non velit.',411,5,2716,28,'Strawberries',50),(185,'Available','Pellentesque at nulla. Suspendisse potenti. Cras in purus eu magna vulputate luctus.',508,7,2826,34,'Eggplant - Baby',50),(186,'Not Available','Duis aliquam convallis nunc. Proin at turpis a pede posuere nonummy. Integer non velit.',656,18,6534,49,'Lemon Tarts',50),(187,'Available','Maecenas ut massa quis augue luctus tincidunt. Nulla mollis molestie lorem. Quisque ut erat.',293,4,7567,21,'Lamb - Whole Head Off',50),(188,'Not Available','Morbi porttitor lorem id ligula. Suspendisse ornare consequat lectus. In est risus, auctor sed, tristique in, tempus sit amet, sem.',335,16,6438,44,'Oranges - Navel, 72',50),(189,'Available','Nulla ut erat id mauris vulputate elementum. Nullam varius. Nulla facilisi.',344,19,5423,40,'Dill - Primerba, Paste',50),(190,'Not Available','Morbi non lectus. Aliquam sit amet diam in magna bibendum imperdiet. Nullam orci pede, venenatis non, sodales sed, tincidunt eu, felis.',438,8,7227,1,'Smoked Tongue',50),(191,'Not Available','Curabitur in libero ut massa volutpat convallis. Morbi odio odio, elementum eu, interdum eu, tincidunt in, leo. Maecenas pulvinar lobortis est.',752,1,1803,2,'Spoon - Soup, Plastic',50),(192,'Not Available','Duis bibendum, felis sed interdum venenatis, turpis enim blandit mi, in porttitor pede justo eu massa. Donec dapibus. Duis at velit eu est congue elementum.',563,2,1801,8,'Lettuce Romaine Chopped',50),(193,'Available','Sed ante. Vivamus tortor. Duis mattis egestas metus.',761,15,9215,42,'Wine - White, Colubia Cresh',50),(194,'Not Available','Cras non velit nec nisi vulputate nonummy. Maecenas tincidunt lacus at velit. Vivamus vel nulla eget eros elementum pellentesque.',704,3,6760,32,'Cookies - Fortune',50),(195,'Not Available','Maecenas leo odio, condimentum id, luctus nec, molestie sed, justo. Pellentesque viverra pede ac diam. Cras pellentesque volutpat dui.',285,20,4555,32,'Puree - Guava',50),(196,'Available','Pellentesque at nulla. Suspendisse potenti. Cras in purus eu magna vulputate luctus.',663,9,6276,5,'Ginger - Ground',50),(197,'Not Available','Integer tincidunt ante vel ipsum. Praesent blandit lacinia erat. Vestibulum sed magna at nunc commodo placerat.',434,6,7402,34,'Wine - Marlbourough Sauv Blanc',50),(198,'Not Available','Curabitur gravida nisi at nibh. In hac habitasse platea dictumst. Aliquam augue quam, sollicitudin vitae, consectetuer eget, rutrum at, lorem.',165,14,2569,28,'Monkfish Fresh - Skin Off',50),(199,'Not Available','Suspendisse potenti. In eleifend quam a odio. In hac habitasse platea dictumst.',29,13,6610,27,'Nestea - Ice Tea, Diet',50),(200,'Not Available','Quisque porta volutpat erat. Quisque erat eros, viverra eget, congue eget, semper rutrum, nulla. Nunc purus.',45,11,2802,6,'Wine - White, Chardonnay',50),(201,'Available','Maecenas leo odio, condimentum id, luctus nec, molestie sed, justo. Pellentesque viverra pede ac diam. Cras pellentesque volutpat dui.',786,12,6363,34,'Bread - Triangle White',50),(202,'Not Available','Fusce posuere felis sed lacus. Morbi sem mauris, laoreet ut, rhoncus aliquet, pulvinar sed, nisl. Nunc rhoncus dui vel sem.',403,10,14,42,'Wine - Coteaux Du Tricastin Ac',50),(203,'Available','Cras non velit nec nisi vulputate nonummy. Maecenas tincidunt lacus at velit. Vivamus vel nulla eget eros elementum pellentesque.',423,17,4645,44,'Cleaner - Comet',50),(204,'Available','In congue. Etiam justo. Etiam pretium iaculis justo.',289,5,4295,44,'Scrubbie - Scotchbrite Hand Pad',50),(205,'Available','Fusce consequat. Nulla nisl. Nunc nisl.',648,7,1288,13,'Chocolate - Sugar Free Semi Choc',50),(206,'Available','Quisque id justo sit amet sapien dignissim vestibulum. Vestibulum ante ipsum primis in faucibus orci luctus et ultrices posuere cubilia Curae; Nulla dapibus dolor vel est. Donec odio justo, sollicitudin ut, suscipit a, feugiat et, eros.',387,18,2457,16,'Sprouts - Brussel',50),(207,'Not Available','In hac habitasse platea dictumst. Etiam faucibus cursus urna. Ut tellus.',409,4,629,13,'Jolt Cola',50),(208,'Not Available','Proin leo odio, porttitor id, consequat in, consequat ut, nulla. Sed accumsan felis. Ut at dolor quis odio consequat varius.',569,16,1455,5,'Table Cloth 81x81 White',50),(209,'Not Available','Duis bibendum. Morbi non quam nec dui luctus rutrum. Nulla tellus.',377,19,9944,6,'Cod - Black Whole Fillet',50),(210,'Available','Cras mi pede, malesuada in, imperdiet et, commodo vulputate, justo. In blandit ultrices enim. Lorem ipsum dolor sit amet, consectetuer adipiscing elit.',508,8,4943,2,'Yogurt - Cherry, 175 Gr',50),(211,'Available','Duis bibendum, felis sed interdum venenatis, turpis enim blandit mi, in porttitor pede justo eu massa. Donec dapibus. Duis at velit eu est congue elementum.',554,1,4004,33,'Pasta - Bauletti, Chicken White',50),(212,'Available','Mauris enim leo, rhoncus sed, vestibulum sit amet, cursus id, turpis. Integer aliquet, massa id lobortis convallis, tortor risus dapibus augue, vel accumsan tellus nisi eu orci. Mauris lacinia sapien quis libero.',196,2,8756,44,'Wine - Sauvignon Blanc Oyster',50),(213,'Not Available','Etiam vel augue. Vestibulum rutrum rutrum neque. Aenean auctor gravida sem.',690,15,9222,34,'Sunflower Seed Raw',50),(214,'Available','Vestibulum quam sapien, varius ut, blandit non, interdum in, ante. Vestibulum ante ipsum primis in faucibus orci luctus et ultrices posuere cubilia Curae; Duis faucibus accumsan odio. Curabitur convallis.',641,3,3847,17,'Coffee Cup 12oz 5342cd',50),(215,'Available','Morbi porttitor lorem id ligula. Suspendisse ornare consequat lectus. In est risus, auctor sed, tristique in, tempus sit amet, sem.',37,20,4868,40,'Sambuca - Opal Nera',50),(216,'Not Available','Aenean fermentum. Donec ut mauris eget massa tempor convallis. Nulla neque libero, convallis eget, eleifend luctus, ultricies eu, nibh.',149,9,8652,6,'Pear - Asian',50),(217,'Not Available','Proin eu mi. Nulla ac enim. In tempor, turpis nec euismod scelerisque, quam turpis adipiscing lorem, vitae mattis nibh ligula nec sem.',293,6,675,30,'Soup - Campbells, Butternut',50),(218,'Not Available','Cras non velit nec nisi vulputate nonummy. Maecenas tincidunt lacus at velit. Vivamus vel nulla eget eros elementum pellentesque.',326,14,2122,40,'Lemon Tarts',50),(219,'Not Available','Suspendisse potenti. In eleifend quam a odio. In hac habitasse platea dictumst.',46,13,2833,6,'Bread Crumbs - Panko',50),(220,'Not Available','Integer ac leo. Pellentesque ultrices mattis odio. Donec vitae nisi.',455,11,9079,7,'Glass - Juice Clear 5oz 55005',50),(221,'Not Available','Cras mi pede, malesuada in, imperdiet et, commodo vulputate, justo. In blandit ultrices enim. Lorem ipsum dolor sit amet, consectetuer adipiscing elit.',719,12,1623,6,'Pork - Hock And Feet Attached',50),(222,'Available','Pellentesque at nulla. Suspendisse potenti. Cras in purus eu magna vulputate luctus.',403,10,6030,32,'Rappini - Andy Boy',50),(223,'Not Available','Cras non velit nec nisi vulputate nonummy. Maecenas tincidunt lacus at velit. Vivamus vel nulla eget eros elementum pellentesque.',402,17,9836,5,'Vinegar - Tarragon',50),(224,'Not Available','In hac habitasse platea dictumst. Morbi vestibulum, velit id pretium iaculis, diam erat fermentum justo, nec condimentum neque sapien placerat ante. Nulla justo.',732,5,4868,5,'Red Pepper Paste',50),(225,'Available','Proin eu mi. Nulla ac enim. In tempor, turpis nec euismod scelerisque, quam turpis adipiscing lorem, vitae mattis nibh ligula nec sem.',492,7,1866,40,'Pork - Back Ribs',50),(226,'Available','Duis bibendum, felis sed interdum venenatis, turpis enim blandit mi, in porttitor pede justo eu massa. Donec dapibus. Duis at velit eu est congue elementum.',660,18,6382,34,'V8 - Vegetable Cocktail',50),(227,'Not Available','In quis justo. Maecenas rhoncus aliquam lacus. Morbi quis tortor id nulla ultrices aliquet.',207,4,7859,35,'Ice Cream - Life Savers',50),(228,'Available','Cum sociis natoque penatibus et magnis dis parturient montes, nascetur ridiculus mus. Vivamus vestibulum sagittis sapien. Cum sociis natoque penatibus et magnis dis parturient montes, nascetur ridiculus mus.',542,16,5892,7,'Roe - White Fish',50),(229,'Available','Quisque porta volutpat erat. Quisque erat eros, viverra eget, congue eget, semper rutrum, nulla. Nunc purus.',551,19,6427,28,'Cornstarch',50),(230,'Not Available','Curabitur gravida nisi at nibh. In hac habitasse platea dictumst. Aliquam augue quam, sollicitudin vitae, consectetuer eget, rutrum at, lorem.',524,8,6606,17,'Soup - Campbells Beef Stew',50),(231,'Available','Donec diam neque, vestibulum eget, vulputate ut, ultrices vel, augue. Vestibulum ante ipsum primis in faucibus orci luctus et ultrices posuere cubilia Curae; Donec pharetra, magna vestibulum aliquet ultrices, erat tortor sollicitudin mi, sit amet lobortis sapien sapien non mi. Integer ac neque.',774,1,9651,23,'Pastry - Cherry Danish - Mini',50),(232,'Not Available','Praesent blandit. Nam nulla. Integer pede justo, lacinia eget, tincidunt eget, tempus vel, pede.',47,2,145,5,'Cassis',50),(233,'Available','Etiam vel augue. Vestibulum rutrum rutrum neque. Aenean auctor gravida sem.',195,15,7421,29,'Gelatine Leaves - Bulk',50),(234,'Not Available','Morbi porttitor lorem id ligula. Suspendisse ornare consequat lectus. In est risus, auctor sed, tristique in, tempus sit amet, sem.',640,3,7115,40,'Bread - White Mini Epi',50),(235,'Available','Aenean lectus. Pellentesque eget nunc. Donec quis orci eget orci vehicula condimentum.',548,20,1641,28,'Lettuce - Radicchio',50),(236,'Available','Nullam porttitor lacus at turpis. Donec posuere metus vitae ipsum. Aliquam non mauris.',378,9,932,32,'Coriander - Seed',50),(237,'Not Available','Nullam sit amet turpis elementum ligula vehicula consequat. Morbi a ipsum. Integer a nibh.',770,6,5590,30,'Tomato - Plum With Basil',50),(238,'Available','Curabitur at ipsum ac tellus semper interdum. Mauris ullamcorper purus sit amet nulla. Quisque arcu libero, rutrum ac, lobortis vel, dapibus at, diam.',387,14,9493,48,'Water, Tap',50),(239,'Available','Proin interdum mauris non ligula pellentesque ultrices. Phasellus id sapien in sapien iaculis congue. Vivamus metus arcu, adipiscing molestie, hendrerit at, vulputate vitae, nisl.',170,13,6221,6,'Soup - Knorr, Country Bean',50),(240,'Not Available','Maecenas leo odio, condimentum id, luctus nec, molestie sed, justo. Pellentesque viverra pede ac diam. Cras pellentesque volutpat dui.',781,11,3420,21,'Carbonated Water - Strawberry',50),(241,'Not Available','Cum sociis natoque penatibus et magnis dis parturient montes, nascetur ridiculus mus. Vivamus vestibulum sagittis sapien. Cum sociis natoque penatibus et magnis dis parturient montes, nascetur ridiculus mus.',752,12,2833,40,'Appetizer - Sausage Rolls',50),(242,'Not Available','Pellentesque at nulla. Suspendisse potenti. Cras in purus eu magna vulputate luctus.',431,10,8922,6,'Wine - Domaine Boyar Royal',50),(243,'Not Available','Maecenas tristique, est et tempus semper, est quam pharetra magna, ac consequat metus sapien ut nunc. Vestibulum ante ipsum primis in faucibus orci luctus et ultrices posuere cubilia Curae; Mauris viverra diam vitae quam. Suspendisse potenti.',457,17,1164,33,'Cake - Pancake',50),(244,'Available','Curabitur at ipsum ac tellus semper interdum. Mauris ullamcorper purus sit amet nulla. Quisque arcu libero, rutrum ac, lobortis vel, dapibus at, diam.',211,5,684,30,'Steam Pan - Half Size Deep',50),(245,'Not Available','Curabitur in libero ut massa volutpat convallis. Morbi odio odio, elementum eu, interdum eu, tincidunt in, leo. Maecenas pulvinar lobortis est.',144,7,337,40,'Nut - Pumpkin Seeds',50),(246,'Available','Curabitur gravida nisi at nibh. In hac habitasse platea dictumst. Aliquam augue quam, sollicitudin vitae, consectetuer eget, rutrum at, lorem.',683,18,2286,30,'Beef Tenderloin Aaa',50),(247,'Available','Sed ante. Vivamus tortor. Duis mattis egestas metus.',193,4,5644,48,'Mint - Fresh',50),(248,'Not Available','Lorem ipsum dolor sit amet, consectetuer adipiscing elit. Proin risus. Praesent lectus.',239,16,5575,48,'Container - Clear 32 Oz',50),(249,'Not Available','Proin leo odio, porttitor id, consequat in, consequat ut, nulla. Sed accumsan felis. Ut at dolor quis odio consequat varius.',712,19,338,30,'Wine - Redchard Merritt',50),(250,'Not Available','In congue. Etiam justo. Etiam pretium iaculis justo.',322,8,8568,49,'Table Cloth 91x91 Colour',50),(251,'Not Available','Proin eu mi. Nulla ac enim. In tempor, turpis nec euismod scelerisque, quam turpis adipiscing lorem, vitae mattis nibh ligula nec sem.',238,1,2526,7,'Sausage - Chorizo',50),(252,'Available','Morbi non lectus. Aliquam sit amet diam in magna bibendum imperdiet. Nullam orci pede, venenatis non, sodales sed, tincidunt eu, felis.',600,2,5855,16,'Tart - Butter Plain Squares',50),(253,'Not Available','Phasellus sit amet erat. Nulla tempus. Vivamus in felis eu sapien cursus vestibulum.',608,15,2720,47,'Sauce - Marinara',50),(254,'Available','Vestibulum quam sapien, varius ut, blandit non, interdum in, ante. Vestibulum ante ipsum primis in faucibus orci luctus et ultrices posuere cubilia Curae; Duis faucibus accumsan odio. Curabitur convallis.',647,3,6380,37,'Bar Bran Honey Nut',50),(255,'Available','Etiam vel augue. Vestibulum rutrum rutrum neque. Aenean auctor gravida sem.',211,20,3611,37,'Skirt - 29 Foot',50),(256,'Not Available','Integer tincidunt ante vel ipsum. Praesent blandit lacinia erat. Vestibulum sed magna at nunc commodo placerat.',282,9,3002,27,'Spinach - Frozen',50),(257,'Not Available','Morbi non lectus. Aliquam sit amet diam in magna bibendum imperdiet. Nullam orci pede, venenatis non, sodales sed, tincidunt eu, felis.',595,6,8560,28,'Wine - Magnotta, White',50),(258,'Not Available','Phasellus sit amet erat. Nulla tempus. Vivamus in felis eu sapien cursus vestibulum.',471,14,6131,47,'Pepper - Yellow Bell',50),(259,'Available','Integer ac leo. Pellentesque ultrices mattis odio. Donec vitae nisi.',262,13,2034,27,'Pasta - Rotini, Dry',50),(260,'Not Available','Cum sociis natoque penatibus et magnis dis parturient montes, nascetur ridiculus mus. Vivamus vestibulum sagittis sapien. Cum sociis natoque penatibus et magnis dis parturient montes, nascetur ridiculus mus.',312,11,1641,6,'Stock - Veal, Brown',50),(261,'Available','Mauris enim leo, rhoncus sed, vestibulum sit amet, cursus id, turpis. Integer aliquet, massa id lobortis convallis, tortor risus dapibus augue, vel accumsan tellus nisi eu orci. Mauris lacinia sapien quis libero.',645,12,5415,4,'Veal - Insides, Grains',50),(262,'Not Available','Maecenas tristique, est et tempus semper, est quam pharetra magna, ac consequat metus sapien ut nunc. Vestibulum ante ipsum primis in faucibus orci luctus et ultrices posuere cubilia Curae; Mauris viverra diam vitae quam. Suspendisse potenti.',295,10,5153,49,'Pomegranates',50),(263,'Available','Phasellus in felis. Donec semper sapien a libero. Nam dui.',303,17,555,5,'Water - Mineral, Carbonated',50),(264,'Not Available','Curabitur at ipsum ac tellus semper interdum. Mauris ullamcorper purus sit amet nulla. Quisque arcu libero, rutrum ac, lobortis vel, dapibus at, diam.',123,5,4274,32,'Mushroom - Morel Frozen',50),(265,'Not Available','Nullam porttitor lacus at turpis. Donec posuere metus vitae ipsum. Aliquam non mauris.',530,7,8052,5,'Pork - Loin, Center Cut',50),(266,'Not Available','Quisque id justo sit amet sapien dignissim vestibulum. Vestibulum ante ipsum primis in faucibus orci luctus et ultrices posuere cubilia Curae; Nulla dapibus dolor vel est. Donec odio justo, sollicitudin ut, suscipit a, feugiat et, eros.',445,18,8384,34,'Butter - Salted',50),(267,'Not Available','Duis bibendum. Morbi non quam nec dui luctus rutrum. Nulla tellus.',348,4,2042,49,'Temperature Recording Station',50),(268,'Available','In quis justo. Maecenas rhoncus aliquam lacus. Morbi quis tortor id nulla ultrices aliquet.',472,16,2439,27,'Salmon - Canned',50),(269,'Available','Curabitur in libero ut massa volutpat convallis. Morbi odio odio, elementum eu, interdum eu, tincidunt in, leo. Maecenas pulvinar lobortis est.',15,19,8489,27,'Wine - Prem Select Charddonany',50),(270,'Not Available','Quisque id justo sit amet sapien dignissim vestibulum. Vestibulum ante ipsum primis in faucibus orci luctus et ultrices posuere cubilia Curae; Nulla dapibus dolor vel est. Donec odio justo, sollicitudin ut, suscipit a, feugiat et, eros.',99,8,190,40,'Veal - Liver',50),(271,'Not Available','Morbi non lectus. Aliquam sit amet diam in magna bibendum imperdiet. Nullam orci pede, venenatis non, sodales sed, tincidunt eu, felis.',276,1,8982,2,'Oil - Margarine',50),(272,'Not Available','Vestibulum quam sapien, varius ut, blandit non, interdum in, ante. Vestibulum ante ipsum primis in faucibus orci luctus et ultrices posuere cubilia Curae; Duis faucibus accumsan odio. Curabitur convallis.',254,2,6225,30,'Juice - Orangina',50),(273,'Not Available','Fusce posuere felis sed lacus. Morbi sem mauris, laoreet ut, rhoncus aliquet, pulvinar sed, nisl. Nunc rhoncus dui vel sem.',328,15,5562,40,'Magnotta Bel Paese Red',50),(274,'Not Available','Sed sagittis. Nam congue, risus semper porta volutpat, quam pede lobortis ligula, sit amet eleifend pede libero quis orci. Nullam molestie nibh in lectus.',789,3,9845,42,'Chef Hat 25cm',50),(275,'Not Available','Quisque id justo sit amet sapien dignissim vestibulum. Vestibulum ante ipsum primis in faucibus orci luctus et ultrices posuere cubilia Curae; Nulla dapibus dolor vel est. Donec odio justo, sollicitudin ut, suscipit a, feugiat et, eros.',674,20,896,35,'Pate - Liver',50),(276,'Available','Nullam porttitor lacus at turpis. Donec posuere metus vitae ipsum. Aliquam non mauris.',369,9,9944,8,'Basil - Seedlings Cookstown',50),(277,'Not Available','Cum sociis natoque penatibus et magnis dis parturient montes, nascetur ridiculus mus. Vivamus vestibulum sagittis sapien. Cum sociis natoque penatibus et magnis dis parturient montes, nascetur ridiculus mus.',160,6,5023,40,'Beer - Blue',50),(278,'Not Available','Duis aliquam convallis nunc. Proin at turpis a pede posuere nonummy. Integer non velit.',506,14,1045,23,'Plasticspoonblack',50),(279,'Available','In hac habitasse platea dictumst. Morbi vestibulum, velit id pretium iaculis, diam erat fermentum justo, nec condimentum neque sapien placerat ante. Nulla justo.',524,13,3488,40,'Turnip - Mini',50),(280,'Not Available','Praesent blandit. Nam nulla. Integer pede justo, lacinia eget, tincidunt eget, tempus vel, pede.',638,11,6276,42,'Olives - Nicoise',50),(281,'Available','Curabitur gravida nisi at nibh. In hac habitasse platea dictumst. Aliquam augue quam, sollicitudin vitae, consectetuer eget, rutrum at, lorem.',86,12,8493,42,'Chicken Breast Wing On',50),(282,'Available','Cras mi pede, malesuada in, imperdiet et, commodo vulputate, justo. In blandit ultrices enim. Lorem ipsum dolor sit amet, consectetuer adipiscing elit.',16,10,3420,42,'Yogurt - French Vanilla',50),(283,'Available','In quis justo. Maecenas rhoncus aliquam lacus. Morbi quis tortor id nulla ultrices aliquet.',575,17,3527,34,'V8 - Tropical Blend',50),(284,'Available','Integer tincidunt ante vel ipsum. Praesent blandit lacinia erat. Vestibulum sed magna at nunc commodo placerat.',579,5,4707,28,'Pomegranates',50),(285,'Not Available','Morbi non lectus. Aliquam sit amet diam in magna bibendum imperdiet. Nullam orci pede, venenatis non, sodales sed, tincidunt eu, felis.',106,7,4608,37,'Island Oasis - Lemonade',50),(286,'Not Available','Praesent id massa id nisl venenatis lacinia. Aenean sit amet justo. Morbi ut odio.',566,18,2802,4,'Tomatoes Tear Drop',50),(287,'Not Available','Fusce posuere felis sed lacus. Morbi sem mauris, laoreet ut, rhoncus aliquet, pulvinar sed, nisl. Nunc rhoncus dui vel sem.',668,4,6269,42,'Bar - Sweet And Salty Chocolate',50),(288,'Available','Curabitur in libero ut massa volutpat convallis. Morbi odio odio, elementum eu, interdum eu, tincidunt in, leo. Maecenas pulvinar lobortis est.',179,16,1755,6,'Wiberg Super Cure',50),(289,'Not Available','In hac habitasse platea dictumst. Etiam faucibus cursus urna. Ut tellus.',566,19,2927,28,'Beef - Rib Roast, Capless',50),(290,'Not Available','Duis bibendum, felis sed interdum venenatis, turpis enim blandit mi, in porttitor pede justo eu massa. Donec dapibus. Duis at velit eu est congue elementum.',175,8,2509,40,'Chick Peas - Canned',50),(291,'Not Available','Morbi porttitor lorem id ligula. Suspendisse ornare consequat lectus. In est risus, auctor sed, tristique in, tempus sit amet, sem.',547,1,5427,30,'Mushroom - Trumpet, Dry',50),(292,'Available','Donec diam neque, vestibulum eget, vulputate ut, ultrices vel, augue. Vestibulum ante ipsum primis in faucibus orci luctus et ultrices posuere cubilia Curae; Donec pharetra, magna vestibulum aliquet ultrices, erat tortor sollicitudin mi, sit amet lobortis sapien sapien non mi. Integer ac neque.',237,2,1743,24,'Eel Fresh',50),(293,'Not Available','Donec diam neque, vestibulum eget, vulputate ut, ultrices vel, augue. Vestibulum ante ipsum primis in faucibus orci luctus et ultrices posuere cubilia Curae; Donec pharetra, magna vestibulum aliquet ultrices, erat tortor sollicitudin mi, sit amet lobortis sapien sapien non mi. Integer ac neque.',25,15,1876,40,'Longos - Lasagna Veg',50),(294,'Not Available','Fusce consequat. Nulla nisl. Nunc nisl.',651,3,1623,48,'Pears - Fiorelle',50),(295,'Not Available','Duis bibendum. Morbi non quam nec dui luctus rutrum. Nulla tellus.',77,20,5626,23,'Salt - Kosher',50),(296,'Available','Integer tincidunt ante vel ipsum. Praesent blandit lacinia erat. Vestibulum sed magna at nunc commodo placerat.',319,9,25,37,'Calaloo',50),(297,'Not Available','Morbi non lectus. Aliquam sit amet diam in magna bibendum imperdiet. Nullam orci pede, venenatis non, sodales sed, tincidunt eu, felis.',274,6,6608,6,'Spice - Greek 1 Step',50),(298,'Not Available','In congue. Etiam justo. Etiam pretium iaculis justo.',248,14,315,1,'Wine - Toasted Head',50),(299,'Available','In quis justo. Maecenas rhoncus aliquam lacus. Morbi quis tortor id nulla ultrices aliquet.',359,13,8005,12,'Appetizer - Asian Shrimp Roll',50),(300,'Not Available','Aliquam quis turpis eget elit sodales scelerisque. Mauris sit amet eros. Suspendisse accumsan tortor quis turpis.',50,11,6380,30,'Jicama',50),(301,'Available','Duis bibendum, felis sed interdum venenatis, turpis enim blandit mi, in porttitor pede justo eu massa. Donec dapibus. Duis at velit eu est congue elementum.',363,12,8062,9,'Butter - Unsalted',50),(302,'Not Available','Lorem ipsum dolor sit amet, consectetuer adipiscing elit. Proin risus. Praesent lectus.',639,10,3596,5,'Wine - Domaine Boyar Royal',50),(303,'Available','Proin interdum mauris non ligula pellentesque ultrices. Phasellus id sapien in sapien iaculis congue. Vivamus metus arcu, adipiscing molestie, hendrerit at, vulputate vitae, nisl.',182,17,3600,13,'Cinnamon - Ground',50),(304,'Not Available','Curabitur at ipsum ac tellus semper interdum. Mauris ullamcorper purus sit amet nulla. Quisque arcu libero, rutrum ac, lobortis vel, dapibus at, diam.',178,5,319,30,'Raspberries - Frozen',50),(305,'Available','Fusce consequat. Nulla nisl. Nunc nisl.',434,7,6760,7,'Plums - Red',50),(306,'Not Available','Vestibulum ac est lacinia nisi venenatis tristique. Fusce congue, diam id ornare imperdiet, sapien urna pretium nisl, ut volutpat sapien arcu sed augue. Aliquam erat volutpat.',240,18,2540,28,'Wine - Bourgogne 2002, La',50),(307,'Available','In sagittis dui vel nisl. Duis ac nibh. Fusce lacus purus, aliquet at, feugiat non, pretium quis, lectus.',753,4,5290,13,'Potatoes - Mini Red',50),(308,'Not Available','Proin leo odio, porttitor id, consequat in, consequat ut, nulla. Sed accumsan felis. Ut at dolor quis odio consequat varius.',87,16,7405,48,'Bread - Assorted Rolls',50),(309,'Not Available','Curabitur at ipsum ac tellus semper interdum. Mauris ullamcorper purus sit amet nulla. Quisque arcu libero, rutrum ac, lobortis vel, dapibus at, diam.',606,19,1576,17,'Longos - Assorted Sandwich',50),(310,'Not Available','Morbi porttitor lorem id ligula. Suspendisse ornare consequat lectus. In est risus, auctor sed, tristique in, tempus sit amet, sem.',218,8,9546,30,'Wine - Guy Sage Touraine',50),(311,'Not Available','Praesent blandit. Nam nulla. Integer pede justo, lacinia eget, tincidunt eget, tempus vel, pede.',294,1,3813,48,'Brownies - Two Bite, Chocolate',50),(312,'Not Available','In hac habitasse platea dictumst. Morbi vestibulum, velit id pretium iaculis, diam erat fermentum justo, nec condimentum neque sapien placerat ante. Nulla justo.',383,2,2746,12,'Wine - Wyndham Estate Bin 777',50),(313,'Available','Nam ultrices, libero non mattis pulvinar, nulla pede ullamcorper augue, a suscipit nulla elit ac nulla. Sed vel enim sit amet nunc viverra dapibus. Nulla suscipit ligula in lacus.',221,15,1288,28,'Wine - Remy Pannier Rose',50),(314,'Not Available','In sagittis dui vel nisl. Duis ac nibh. Fusce lacus purus, aliquet at, feugiat non, pretium quis, lectus.',232,3,6275,24,'Crush - Cream Soda',50),(315,'Not Available','Etiam vel augue. Vestibulum rutrum rutrum neque. Aenean auctor gravida sem.',243,20,3596,5,'Rice - Brown',50),(316,'Not Available','Vestibulum ac est lacinia nisi venenatis tristique. Fusce congue, diam id ornare imperdiet, sapien urna pretium nisl, ut volutpat sapien arcu sed augue. Aliquam erat volutpat.',794,9,7780,40,'Tomatoes Tear Drop',50),(317,'Available','Lorem ipsum dolor sit amet, consectetuer adipiscing elit. Proin risus. Praesent lectus.',662,6,5225,34,'Shallots',50),(318,'Not Available','Duis aliquam convallis nunc. Proin at turpis a pede posuere nonummy. Integer non velit.',596,14,9187,24,'Bread - Rye',50),(319,'Available','Duis aliquam convallis nunc. Proin at turpis a pede posuere nonummy. Integer non velit.',300,13,5511,24,'Pie Box - Cello Window 2.5',50),(320,'Available','Nam ultrices, libero non mattis pulvinar, nulla pede ullamcorper augue, a suscipit nulla elit ac nulla. Sed vel enim sit amet nunc viverra dapibus. Nulla suscipit ligula in lacus.',154,11,4194,17,'Compound - Mocha',50),(321,'Not Available','Nulla ut erat id mauris vulputate elementum. Nullam varius. Nulla facilisi.',614,12,6710,40,'Syrup - Pancake',50),(322,'Available','Pellentesque at nulla. Suspendisse potenti. Cras in purus eu magna vulputate luctus.',131,10,9210,5,'Mace',50),(323,'Available','In sagittis dui vel nisl. Duis ac nibh. Fusce lacus purus, aliquet at, feugiat non, pretium quis, lectus.',355,17,8533,42,'Table Cloth 120 Round White',50),(324,'Not Available','Morbi porttitor lorem id ligula. Suspendisse ornare consequat lectus. In est risus, auctor sed, tristique in, tempus sit amet, sem.',525,5,6217,13,'Wine - Duboeuf Beaujolais',50),(325,'Available','Praesent blandit. Nam nulla. Integer pede justo, lacinia eget, tincidunt eget, tempus vel, pede.',727,7,2042,30,'Water - Mineral, Carbonated',50),(326,'Available','Duis aliquam convallis nunc. Proin at turpis a pede posuere nonummy. Integer non velit.',133,18,1436,35,'Milk - 2%',50),(327,'Available','Duis consequat dui nec nisi volutpat eleifend. Donec ut dolor. Morbi vel lectus in quam fringilla rhoncus.',586,4,3529,34,'Ginger - Ground',50),(328,'Available','Proin eu mi. Nulla ac enim. In tempor, turpis nec euismod scelerisque, quam turpis adipiscing lorem, vitae mattis nibh ligula nec sem.',406,16,5351,28,'Tart - Lemon',50),(329,'Available','Sed ante. Vivamus tortor. Duis mattis egestas metus.',556,19,9210,47,'Veal - Inside',50),(330,'Available','In congue. Etiam justo. Etiam pretium iaculis justo.',484,8,2629,48,'Venison - Racks Frenched',50),(331,'Available','Maecenas tristique, est et tempus semper, est quam pharetra magna, ac consequat metus sapien ut nunc. Vestibulum ante ipsum primis in faucibus orci luctus et ultrices posuere cubilia Curae; Mauris viverra diam vitae quam. Suspendisse potenti.',404,1,8501,13,'Quail - Jumbo Boneless',50),(332,'Not Available','Pellentesque at nulla. Suspendisse potenti. Cras in purus eu magna vulputate luctus.',702,2,7829,16,'Stock - Veal, Brown',50),(333,'Not Available','Donec diam neque, vestibulum eget, vulputate ut, ultrices vel, augue. Vestibulum ante ipsum primis in faucibus orci luctus et ultrices posuere cubilia Curae; Donec pharetra, magna vestibulum aliquet ultrices, erat tortor sollicitudin mi, sit amet lobortis sapien sapien non mi. Integer ac neque.',270,15,2509,17,'Cumin - Whole',50),(334,'Not Available','Sed ante. Vivamus tortor. Duis mattis egestas metus.',373,3,9844,48,'Sauerkraut',50),(335,'Not Available','Aliquam quis turpis eget elit sodales scelerisque. Mauris sit amet eros. Suspendisse accumsan tortor quis turpis.',765,20,1139,24,'Wine - Chianti Classica Docg',50),(336,'Not Available','Vestibulum ac est lacinia nisi venenatis tristique. Fusce congue, diam id ornare imperdiet, sapien urna pretium nisl, ut volutpat sapien arcu sed augue. Aliquam erat volutpat.',655,9,9672,48,'Gingerale - Schweppes, 355 Ml',50),(337,'Available','Proin eu mi. Nulla ac enim. In tempor, turpis nec euismod scelerisque, quam turpis adipiscing lorem, vitae mattis nibh ligula nec sem.',348,6,6131,17,'Chervil - Fresh',50),(338,'Available','Vestibulum ac est lacinia nisi venenatis tristique. Fusce congue, diam id ornare imperdiet, sapien urna pretium nisl, ut volutpat sapien arcu sed augue. Aliquam erat volutpat.',564,14,6397,6,'Vanilla Beans',50),(339,'Available','Vestibulum quam sapien, varius ut, blandit non, interdum in, ante. Vestibulum ante ipsum primis in faucibus orci luctus et ultrices posuere cubilia Curae; Duis faucibus accumsan odio. Curabitur convallis.',623,13,4319,6,'Chives - Fresh',50),(340,'Not Available','Sed ante. Vivamus tortor. Duis mattis egestas metus.',703,11,3228,30,'Ice - Clear, 300 Lb For Carving',50),(341,'Not Available','Vestibulum quam sapien, varius ut, blandit non, interdum in, ante. Vestibulum ante ipsum primis in faucibus orci luctus et ultrices posuere cubilia Curae; Duis faucibus accumsan odio. Curabitur convallis.',789,12,9103,1,'Pepper - Chipotle, Canned',50),(342,'Not Available','Proin eu mi. Nulla ac enim. In tempor, turpis nec euismod scelerisque, quam turpis adipiscing lorem, vitae mattis nibh ligula nec sem.',526,10,376,49,'Pineapple - Canned, Rings',50),(343,'Not Available','Quisque id justo sit amet sapien dignissim vestibulum. Vestibulum ante ipsum primis in faucibus orci luctus et ultrices posuere cubilia Curae; Nulla dapibus dolor vel est. Donec odio justo, sollicitudin ut, suscipit a, feugiat et, eros.',731,17,7247,5,'Shark - Loin',50),(344,'Not Available','In sagittis dui vel nisl. Duis ac nibh. Fusce lacus purus, aliquet at, feugiat non, pretium quis, lectus.',557,5,5884,21,'Bagelers - Cinn / Brown Sugar',50),(345,'Available','Nulla ut erat id mauris vulputate elementum. Nullam varius. Nulla facilisi.',492,7,3719,49,'Cream Of Tartar',50),(346,'Available','Duis bibendum. Morbi non quam nec dui luctus rutrum. Nulla tellus.',539,18,6868,6,'Muffins - Assorted',50),(347,'Not Available','Cras mi pede, malesuada in, imperdiet et, commodo vulputate, justo. In blandit ultrices enim. Lorem ipsum dolor sit amet, consectetuer adipiscing elit.',1,4,1099,48,'Melon - Watermelon Yellow',50),(348,'Not Available','Pellentesque at nulla. Suspendisse potenti. Cras in purus eu magna vulputate luctus.',351,16,5452,13,'Beef - Ground Medium',50),(349,'Available','Integer ac leo. Pellentesque ultrices mattis odio. Donec vitae nisi.',708,19,4323,5,'Pepper - Green Thai',50),(350,'Available','Duis consequat dui nec nisi volutpat eleifend. Donec ut dolor. Morbi vel lectus in quam fringilla rhoncus.',665,8,7598,5,'Tea - Decaf Lipton',50),(351,'Available','Nam ultrices, libero non mattis pulvinar, nulla pede ullamcorper augue, a suscipit nulla elit ac nulla. Sed vel enim sit amet nunc viverra dapibus. Nulla suscipit ligula in lacus.',704,1,5249,29,'Wine - Sicilia Igt Nero Avola',50),(352,'Not Available','Nullam sit amet turpis elementum ligula vehicula consequat. Morbi a ipsum. Integer a nibh.',784,2,8384,28,'Beef - Tenderloin',50),(353,'Available','Morbi non lectus. Aliquam sit amet diam in magna bibendum imperdiet. Nullam orci pede, venenatis non, sodales sed, tincidunt eu, felis.',237,15,2081,40,'Dip - Tapenade',50),(354,'Not Available','Suspendisse potenti. In eleifend quam a odio. In hac habitasse platea dictumst.',616,3,7079,1,'Carbonated Water - Blackcherry',50),(355,'Available','Cras non velit nec nisi vulputate nonummy. Maecenas tincidunt lacus at velit. Vivamus vel nulla eget eros elementum pellentesque.',486,20,2537,42,'Smirnoff Green Apple Twist',50),(356,'Available','Cras mi pede, malesuada in, imperdiet et, commodo vulputate, justo. In blandit ultrices enim. Lorem ipsum dolor sit amet, consectetuer adipiscing elit.',750,9,1667,12,'Kiwi Gold Zespri',50),(357,'Not Available','Praesent blandit. Nam nulla. Integer pede justo, lacinia eget, tincidunt eget, tempus vel, pede.',533,6,3769,12,'Shark - Loin',50),(358,'Available','In congue. Etiam justo. Etiam pretium iaculis justo.',397,14,8603,30,'Cheese - Provolone',50),(359,'Available','Nulla ut erat id mauris vulputate elementum. Nullam varius. Nulla facilisi.',133,13,8773,17,'Wine - Peller Estates Late',50),(360,'Not Available','Sed sagittis. Nam congue, risus semper porta volutpat, quam pede lobortis ligula, sit amet eleifend pede libero quis orci. Nullam molestie nibh in lectus.',172,11,4723,49,'Godiva White Chocolate',50),(361,'Not Available','Donec diam neque, vestibulum eget, vulputate ut, ultrices vel, augue. Vestibulum ante ipsum primis in faucibus orci luctus et ultrices posuere cubilia Curae; Donec pharetra, magna vestibulum aliquet ultrices, erat tortor sollicitudin mi, sit amet lobortis sapien sapien non mi. Integer ac neque.',295,12,1004,5,'Lamb Rack - Ontario',50),(362,'Available','Nam ultrices, libero non mattis pulvinar, nulla pede ullamcorper augue, a suscipit nulla elit ac nulla. Sed vel enim sit amet nunc viverra dapibus. Nulla suscipit ligula in lacus.',797,10,5763,5,'Leeks - Baby, White',50),(363,'Available','Proin leo odio, porttitor id, consequat in, consequat ut, nulla. Sed accumsan felis. Ut at dolor quis odio consequat varius.',694,17,5520,4,'Pur Source',50),(364,'Available','Maecenas tristique, est et tempus semper, est quam pharetra magna, ac consequat metus sapien ut nunc. Vestibulum ante ipsum primis in faucibus orci luctus et ultrices posuere cubilia Curae; Mauris viverra diam vitae quam. Suspendisse potenti.',770,5,6229,6,'Tray - 16in Rnd Blk',50),(365,'Not Available','Cras non velit nec nisi vulputate nonummy. Maecenas tincidunt lacus at velit. Vivamus vel nulla eget eros elementum pellentesque.',188,7,7463,1,'Bread - Bagels, Mini',50),(366,'Not Available','Integer ac leo. Pellentesque ultrices mattis odio. Donec vitae nisi.',629,18,399,5,'Sauce - Roasted Red Pepper',50),(367,'Available','Vestibulum ac est lacinia nisi venenatis tristique. Fusce congue, diam id ornare imperdiet, sapien urna pretium nisl, ut volutpat sapien arcu sed augue. Aliquam erat volutpat.',756,4,3623,27,'Veal - Nuckle',50),(368,'Available','Integer tincidunt ante vel ipsum. Praesent blandit lacinia erat. Vestibulum sed magna at nunc commodo placerat.',701,16,1777,27,'Beer - True North Strong Ale',50),(369,'Available','Praesent id massa id nisl venenatis lacinia. Aenean sit amet justo. Morbi ut odio.',519,19,806,9,'Bacardi Mojito',50),(370,'Not Available','Curabitur in libero ut massa volutpat convallis. Morbi odio odio, elementum eu, interdum eu, tincidunt in, leo. Maecenas pulvinar lobortis est.',361,8,7745,5,'Sugar - Monocystal / Rock',50),(371,'Not Available','Pellentesque at nulla. Suspendisse potenti. Cras in purus eu magna vulputate luctus.',414,1,2764,2,'Trueblue - Blueberry',50),(372,'Not Available','Morbi non lectus. Aliquam sit amet diam in magna bibendum imperdiet. Nullam orci pede, venenatis non, sodales sed, tincidunt eu, felis.',638,2,8865,33,'Egg - Salad Premix',50),(373,'Not Available','In congue. Etiam justo. Etiam pretium iaculis justo.',767,15,7547,7,'Apples - Sliced / Wedge',50),(374,'Available','Nullam sit amet turpis elementum ligula vehicula consequat. Morbi a ipsum. Integer a nibh.',730,3,932,40,'Okra',50),(375,'Available','In hac habitasse platea dictumst. Morbi vestibulum, velit id pretium iaculis, diam erat fermentum justo, nec condimentum neque sapien placerat ante. Nulla justo.',349,20,4617,21,'Sausage - Chorizo',50),(376,'Available','Fusce consequat. Nulla nisl. Nunc nisl.',716,9,8533,2,'Shrimp - Black Tiger 6 - 8',50),(377,'Not Available','Cum sociis natoque penatibus et magnis dis parturient montes, nascetur ridiculus mus. Vivamus vestibulum sagittis sapien. Cum sociis natoque penatibus et magnis dis parturient montes, nascetur ridiculus mus.',303,6,5985,32,'Lemonade - Mandarin, 591 Ml',50),(378,'Not Available','In congue. Etiam justo. Etiam pretium iaculis justo.',636,14,3380,49,'Blueberries - Frozen',50),(379,'Available','Curabitur at ipsum ac tellus semper interdum. Mauris ullamcorper purus sit amet nulla. Quisque arcu libero, rutrum ac, lobortis vel, dapibus at, diam.',518,13,488,40,'Bread - Mini Hamburger Bun',50),(380,'Not Available','Cras non velit nec nisi vulputate nonummy. Maecenas tincidunt lacus at velit. Vivamus vel nulla eget eros elementum pellentesque.',24,11,8736,48,'Onions - Red Pearl',50),(381,'Available','In congue. Etiam justo. Etiam pretium iaculis justo.',751,12,2833,44,'Crab - Claws, Snow 16 - 24',50),(382,'Available','Maecenas leo odio, condimentum id, luctus nec, molestie sed, justo. Pellentesque viverra pede ac diam. Cras pellentesque volutpat dui.',337,10,4567,17,'Flower - Daisies',50),(383,'Available','Nam ultrices, libero non mattis pulvinar, nulla pede ullamcorper augue, a suscipit nulla elit ac nulla. Sed vel enim sit amet nunc viverra dapibus. Nulla suscipit ligula in lacus.',248,17,6233,34,'Kiwano',50),(384,'Not Available','Vestibulum quam sapien, varius ut, blandit non, interdum in, ante. Vestibulum ante ipsum primis in faucibus orci luctus et ultrices posuere cubilia Curae; Duis faucibus accumsan odio. Curabitur convallis.',498,5,2842,6,'Pail - 15l White, With Handle',50),(385,'Available','Duis aliquam convallis nunc. Proin at turpis a pede posuere nonummy. Integer non velit.',505,7,4189,2,'Lobster - Cooked',50),(386,'Not Available','Integer ac leo. Pellentesque ultrices mattis odio. Donec vitae nisi.',312,18,5590,17,'Pasta - Elbows, Macaroni, Dry',50),(387,'Available','Suspendisse potenti. In eleifend quam a odio. In hac habitasse platea dictumst.',267,4,5648,9,'Contreau',50),(388,'Not Available','Duis bibendum, felis sed interdum venenatis, turpis enim blandit mi, in porttitor pede justo eu massa. Donec dapibus. Duis at velit eu est congue elementum.',629,16,7079,9,'Flour - Buckwheat, Dark',50),(389,'Available','Aliquam quis turpis eget elit sodales scelerisque. Mauris sit amet eros. Suspendisse accumsan tortor quis turpis.',375,19,4465,42,'Wine - Red, Cabernet Merlot',50),(390,'Not Available','Duis consequat dui nec nisi volutpat eleifend. Donec ut dolor. Morbi vel lectus in quam fringilla rhoncus.',609,8,442,5,'Lettuce - Lolla Rosa',50),(391,'Not Available','Praesent id massa id nisl venenatis lacinia. Aenean sit amet justo. Morbi ut odio.',741,1,2964,24,'Cocoa Feuilletine',50),(392,'Not Available','Maecenas leo odio, condimentum id, luctus nec, molestie sed, justo. Pellentesque viverra pede ac diam. Cras pellentesque volutpat dui.',62,2,2293,49,'C - Plus, Orange',50),(393,'Not Available','Quisque porta volutpat erat. Quisque erat eros, viverra eget, congue eget, semper rutrum, nulla. Nunc purus.',40,15,6897,40,'Tahini Paste',50),(394,'Not Available','In congue. Etiam justo. Etiam pretium iaculis justo.',239,3,7897,27,'Plasticknivesblack',50),(395,'Available','Maecenas ut massa quis augue luctus tincidunt. Nulla mollis molestie lorem. Quisque ut erat.',709,20,8947,40,'Mushroom - White Button',50),(396,'Available','Lorem ipsum dolor sit amet, consectetuer adipiscing elit. Proin risus. Praesent lectus.',737,9,8351,40,'Wine - Fontanafredda Barolo',50),(397,'Available','Cras non velit nec nisi vulputate nonummy. Maecenas tincidunt lacus at velit. Vivamus vel nulla eget eros elementum pellentesque.',478,6,1261,6,'The Pop Shoppe Pinapple',50),(398,'Not Available','Morbi porttitor lorem id ligula. Suspendisse ornare consequat lectus. In est risus, auctor sed, tristique in, tempus sit amet, sem.',345,14,7730,7,'Table Cloth 72x144 White',50),(399,'Not Available','Integer tincidunt ante vel ipsum. Praesent blandit lacinia erat. Vestibulum sed magna at nunc commodo placerat.',180,13,619,9,'Gatorade - Cool Blue Raspberry',50),(400,'Available','Quisque porta volutpat erat. Quisque erat eros, viverra eget, congue eget, semper rutrum, nulla. Nunc purus.',187,11,8754,5,'Goldschalger',50),(401,'Not Available','In quis justo. Maecenas rhoncus aliquam lacus. Morbi quis tortor id nulla ultrices aliquet.',295,12,5395,30,'Stock - Veal, Brown',50),(402,'Not Available','Proin eu mi. Nulla ac enim. In tempor, turpis nec euismod scelerisque, quam turpis adipiscing lorem, vitae mattis nibh ligula nec sem.',382,10,7598,5,'Cheese - Perron Cheddar',50),(403,'Available','Pellentesque at nulla. Suspendisse potenti. Cras in purus eu magna vulputate luctus.',690,17,6787,40,'Beef - Kindney, Whole',50),(404,'Available','Praesent id massa id nisl venenatis lacinia. Aenean sit amet justo. Morbi ut odio.',175,5,613,6,'Water - Green Tea Refresher',50),(405,'Available','Praesent blandit. Nam nulla. Integer pede justo, lacinia eget, tincidunt eget, tempus vel, pede.',15,7,3600,49,'Hot Choc Vending',50),(406,'Available','Integer tincidunt ante vel ipsum. Praesent blandit lacinia erat. Vestibulum sed magna at nunc commodo placerat.',147,18,967,2,'Wine - Lamancha Do Crianza',50),(407,'Available','Quisque porta volutpat erat. Quisque erat eros, viverra eget, congue eget, semper rutrum, nulla. Nunc purus.',187,4,8570,28,'Muffin - Blueberry Individual',50),(408,'Not Available','Lorem ipsum dolor sit amet, consectetuer adipiscing elit. Proin risus. Praesent lectus.',431,16,6157,28,'Capon - Breast, Double, Wing On',50),(409,'Not Available','Etiam vel augue. Vestibulum rutrum rutrum neque. Aenean auctor gravida sem.',29,19,7780,2,'Kirsch - Schloss',50),(410,'Not Available','Vestibulum ac est lacinia nisi venenatis tristique. Fusce congue, diam id ornare imperdiet, sapien urna pretium nisl, ut volutpat sapien arcu sed augue. Aliquam erat volutpat.',430,8,153,13,'Bread Roll Foccacia',50),(411,'Not Available','Morbi non lectus. Aliquam sit amet diam in magna bibendum imperdiet. Nullam orci pede, venenatis non, sodales sed, tincidunt eu, felis.',75,1,896,6,'Beef - Diced',50),(412,'Available','Cum sociis natoque penatibus et magnis dis parturient montes, nascetur ridiculus mus. Vivamus vestibulum sagittis sapien. Cum sociis natoque penatibus et magnis dis parturient montes, nascetur ridiculus mus.',31,2,1625,16,'Chinese Foods - Thick Noodles',50),(413,'Not Available','Fusce posuere felis sed lacus. Morbi sem mauris, laoreet ut, rhoncus aliquet, pulvinar sed, nisl. Nunc rhoncus dui vel sem.',634,15,1611,49,'Chicken - Leg, Fresh',50),(414,'Not Available','Pellentesque at nulla. Suspendisse potenti. Cras in purus eu magna vulputate luctus.',310,3,8921,17,'Radish',50),(415,'Not Available','Proin leo odio, porttitor id, consequat in, consequat ut, nulla. Sed accumsan felis. Ut at dolor quis odio consequat varius.',686,20,1977,2,'Pastrami',50),(416,'Available','In quis justo. Maecenas rhoncus aliquam lacus. Morbi quis tortor id nulla ultrices aliquet.',376,9,207,5,'Chick Peas - Canned',50),(417,'Not Available','Aenean lectus. Pellentesque eget nunc. Donec quis orci eget orci vehicula condimentum.',152,6,8922,6,'Tea - Lemon Green Tea',50),(418,'Not Available','Maecenas ut massa quis augue luctus tincidunt. Nulla mollis molestie lorem. Quisque ut erat.',556,14,929,34,'Energy Drink - Redbull 355ml',50),(419,'Not Available','Curabitur gravida nisi at nibh. In hac habitasse platea dictumst. Aliquam augue quam, sollicitudin vitae, consectetuer eget, rutrum at, lorem.',76,13,2418,30,'Tomatoes Tear Drop',50),(420,'Not Available','Nullam porttitor lacus at turpis. Donec posuere metus vitae ipsum. Aliquam non mauris.',355,11,8052,27,'Sour Puss Raspberry',50),(421,'Available','Maecenas leo odio, condimentum id, luctus nec, molestie sed, justo. Pellentesque viverra pede ac diam. Cras pellentesque volutpat dui.',138,12,7541,27,'Oil - Sesame',50),(422,'Not Available','Phasellus in felis. Donec semper sapien a libero. Nam dui.',384,10,5986,25,'Eggplant Oriental',50),(423,'Available','Phasellus in felis. Donec semper sapien a libero. Nam dui.',307,17,4004,24,'Beans - Soya Bean',50),(424,'Not Available','Sed sagittis. Nam congue, risus semper porta volutpat, quam pede lobortis ligula, sit amet eleifend pede libero quis orci. Nullam molestie nibh in lectus.',571,5,3603,12,'Wine - Pinot Noir Mondavi Coastal',50),(425,'Available','Cras mi pede, malesuada in, imperdiet et, commodo vulputate, justo. In blandit ultrices enim. Lorem ipsum dolor sit amet, consectetuer adipiscing elit.',513,7,5093,6,'Chef Hat 20cm',50),(426,'Available','Vestibulum ac est lacinia nisi venenatis tristique. Fusce congue, diam id ornare imperdiet, sapien urna pretium nisl, ut volutpat sapien arcu sed augue. Aliquam erat volutpat.',798,18,3010,17,'Shrimp - 21/25, Peel And Deviened',50),(427,'Available','In congue. Etiam justo. Etiam pretium iaculis justo.',128,4,2235,49,'Tea - Darjeeling, Azzura',50),(428,'Available','Nullam sit amet turpis elementum ligula vehicula consequat. Morbi a ipsum. Integer a nibh.',37,16,9668,40,'Yogurt - Assorted Pack',50),(429,'Available','Aenean lectus. Pellentesque eget nunc. Donec quis orci eget orci vehicula condimentum.',246,19,2909,27,'Creme De Menthe Green',50),(430,'Not Available','Curabitur at ipsum ac tellus semper interdum. Mauris ullamcorper purus sit amet nulla. Quisque arcu libero, rutrum ac, lobortis vel, dapibus at, diam.',150,8,9756,6,'Cookie Trail Mix',50),(431,'Available','In sagittis dui vel nisl. Duis ac nibh. Fusce lacus purus, aliquet at, feugiat non, pretium quis, lectus.',18,1,6335,16,'Lime Cordial - Roses',50),(432,'Available','Morbi non lectus. Aliquam sit amet diam in magna bibendum imperdiet. Nullam orci pede, venenatis non, sodales sed, tincidunt eu, felis.',236,2,9978,30,'Wine - Coteaux Du Tricastin Ac',50),(433,'Available','Praesent id massa id nisl venenatis lacinia. Aenean sit amet justo. Morbi ut odio.',381,15,4847,47,'Bread - Focaccia Quarter',50),(434,'Available','Integer ac leo. Pellentesque ultrices mattis odio. Donec vitae nisi.',471,3,6115,40,'Squash - Acorn',50),(435,'Not Available','Phasellus sit amet erat. Nulla tempus. Vivamus in felis eu sapien cursus vestibulum.',9,20,416,40,'Cake - Sheet Strawberry',50),(436,'Available','Aliquam quis turpis eget elit sodales scelerisque. Mauris sit amet eros. Suspendisse accumsan tortor quis turpis.',718,9,1355,30,'Soap - Mr.clean Floor Soap',50),(437,'Available','Morbi porttitor lorem id ligula. Suspendisse ornare consequat lectus. In est risus, auctor sed, tristique in, tempus sit amet, sem.',575,6,6913,35,'Wine - Champagne Brut Veuve',50),(438,'Not Available','Curabitur at ipsum ac tellus semper interdum. Mauris ullamcorper purus sit amet nulla. Quisque arcu libero, rutrum ac, lobortis vel, dapibus at, diam.',777,14,5648,30,'Cucumber - English',50),(439,'Available','Donec diam neque, vestibulum eget, vulputate ut, ultrices vel, augue. Vestibulum ante ipsum primis in faucibus orci luctus et ultrices posuere cubilia Curae; Donec pharetra, magna vestibulum aliquet ultrices, erat tortor sollicitudin mi, sit amet lobortis sapien sapien non mi. Integer ac neque.',673,13,8870,24,'Muskox - French Rack',50),(440,'Not Available','Nam ultrices, libero non mattis pulvinar, nulla pede ullamcorper augue, a suscipit nulla elit ac nulla. Sed vel enim sit amet nunc viverra dapibus. Nulla suscipit ligula in lacus.',59,11,2802,42,'Oil - Olive Bertolli',50),(441,'Not Available','Etiam vel augue. Vestibulum rutrum rutrum neque. Aenean auctor gravida sem.',37,12,9757,35,'Wine - Winzer Krems Gruner',50),(442,'Available','Duis aliquam convallis nunc. Proin at turpis a pede posuere nonummy. Integer non velit.',141,10,7438,7,'Iced Tea - Lemon, 460 Ml',50),(443,'Available','Morbi non lectus. Aliquam sit amet diam in magna bibendum imperdiet. Nullam orci pede, venenatis non, sodales sed, tincidunt eu, felis.',393,17,95,44,'Soupcontfoam16oz 116con',50),(444,'Not Available','Sed sagittis. Nam congue, risus semper porta volutpat, quam pede lobortis ligula, sit amet eleifend pede libero quis orci. Nullam molestie nibh in lectus.',652,5,1894,24,'Onions - Dried, Chopped',50),(445,'Not Available','Proin eu mi. Nulla ac enim. In tempor, turpis nec euismod scelerisque, quam turpis adipiscing lorem, vitae mattis nibh ligula nec sem.',751,7,4567,28,'Irish Cream - Butterscotch',50),(446,'Available','In quis justo. Maecenas rhoncus aliquam lacus. Morbi quis tortor id nulla ultrices aliquet.',757,18,4492,28,'Cheese - Provolone',50),(447,'Not Available','Quisque porta volutpat erat. Quisque erat eros, viverra eget, congue eget, semper rutrum, nulla. Nunc purus.',24,4,1826,35,'Cake - Cake Sheet Macaroon',50),(448,'Not Available','Donec diam neque, vestibulum eget, vulputate ut, ultrices vel, augue. Vestibulum ante ipsum primis in faucibus orci luctus et ultrices posuere cubilia Curae; Donec pharetra, magna vestibulum aliquet ultrices, erat tortor sollicitudin mi, sit amet lobortis sapien sapien non mi. Integer ac neque.',193,16,8418,4,'Brandy - Bar',50),(449,'Not Available','Morbi porttitor lorem id ligula. Suspendisse ornare consequat lectus. In est risus, auctor sed, tristique in, tempus sit amet, sem.',547,19,9692,44,'Ice Cream - Vanilla',50),(450,'Not Available','Nam ultrices, libero non mattis pulvinar, nulla pede ullamcorper augue, a suscipit nulla elit ac nulla. Sed vel enim sit amet nunc viverra dapibus. Nulla suscipit ligula in lacus.',702,8,6599,28,'Bar Energy Chocchip',50),(451,'Available','Quisque porta volutpat erat. Quisque erat eros, viverra eget, congue eget, semper rutrum, nulla. Nunc purus.',692,1,1268,48,'Tea - Decaf Lipton',50),(452,'Available','Proin interdum mauris non ligula pellentesque ultrices. Phasellus id sapien in sapien iaculis congue. Vivamus metus arcu, adipiscing molestie, hendrerit at, vulputate vitae, nisl.',592,2,4502,40,'Cheese - Pied De Vents',50),(453,'Available','Morbi porttitor lorem id ligula. Suspendisse ornare consequat lectus. In est risus, auctor sed, tristique in, tempus sit amet, sem.',384,15,6120,5,'Beef - Cow Feet Split',50),(454,'Not Available','Aenean lectus. Pellentesque eget nunc. Donec quis orci eget orci vehicula condimentum.',781,3,2876,24,'Foam Cup 6 Oz',50),(455,'Not Available','Duis consequat dui nec nisi volutpat eleifend. Donec ut dolor. Morbi vel lectus in quam fringilla rhoncus.',454,20,9025,33,'Sherbet - Raspberry',50),(456,'Available','Maecenas ut massa quis augue luctus tincidunt. Nulla mollis molestie lorem. Quisque ut erat.',587,9,6610,21,'Bandage - Finger Cots',50),(457,'Not Available','Nulla ut erat id mauris vulputate elementum. Nullam varius. Nulla facilisi.',344,6,9860,44,'Cup - 4oz Translucent',50),(458,'Not Available','Pellentesque at nulla. Suspendisse potenti. Cras in purus eu magna vulputate luctus.',654,14,1058,49,'Oranges',50),(459,'Not Available','Aenean lectus. Pellentesque eget nunc. Donec quis orci eget orci vehicula condimentum.',715,13,1894,5,'Pheasants - Whole',50),(460,'Available','Maecenas ut massa quis augue luctus tincidunt. Nulla mollis molestie lorem. Quisque ut erat.',152,11,4319,2,'Praline Paste',50),(461,'Available','Aenean lectus. Pellentesque eget nunc. Donec quis orci eget orci vehicula condimentum.',166,12,3719,12,'Glass Clear 7 Oz Xl',50),(462,'Not Available','Nullam sit amet turpis elementum ligula vehicula consequat. Morbi a ipsum. Integer a nibh.',177,10,1735,27,'Muskox - French Rack',50),(463,'Not Available','Vestibulum ac est lacinia nisi venenatis tristique. Fusce congue, diam id ornare imperdiet, sapien urna pretium nisl, ut volutpat sapien arcu sed augue. Aliquam erat volutpat.',581,17,6388,40,'Cheese - Feta',50),(464,'Available','Maecenas ut massa quis augue luctus tincidunt. Nulla mollis molestie lorem. Quisque ut erat.',415,5,3773,40,'Nut - Almond, Blanched, Whole',50),(465,'Available','Aliquam quis turpis eget elit sodales scelerisque. Mauris sit amet eros. Suspendisse accumsan tortor quis turpis.',61,7,5222,34,'Croissants Thaw And Serve',50),(466,'Not Available','In hac habitasse platea dictumst. Etiam faucibus cursus urna. Ut tellus.',269,18,9578,17,'Kale - Red',50),(467,'Not Available','Integer tincidunt ante vel ipsum. Praesent blandit lacinia erat. Vestibulum sed magna at nunc commodo placerat.',442,4,6063,5,'Wine - White, Lindemans Bin 95',50),(468,'Available','Lorem ipsum dolor sit amet, consectetuer adipiscing elit. Proin risus. Praesent lectus.',717,16,6946,42,'Jam - Strawberry, 20 Ml Jar',50),(469,'Not Available','Proin leo odio, porttitor id, consequat in, consequat ut, nulla. Sed accumsan felis. Ut at dolor quis odio consequat varius.',415,19,499,47,'Bag Clear 10 Lb',50),(470,'Available','Quisque id justo sit amet sapien dignissim vestibulum. Vestibulum ante ipsum primis in faucibus orci luctus et ultrices posuere cubilia Curae; Nulla dapibus dolor vel est. Donec odio justo, sollicitudin ut, suscipit a, feugiat et, eros.',411,8,529,6,'V8 - Berry Blend',50),(471,'Not Available','Phasellus sit amet erat. Nulla tempus. Vivamus in felis eu sapien cursus vestibulum.',366,1,9586,33,'Wine - Balbach Riverside',50),(472,'Available','Cum sociis natoque penatibus et magnis dis parturient montes, nascetur ridiculus mus. Vivamus vestibulum sagittis sapien. Cum sociis natoque penatibus et magnis dis parturient montes, nascetur ridiculus mus.',34,2,6950,6,'Chicken - Whole',50),(473,'Not Available','Curabitur gravida nisi at nibh. In hac habitasse platea dictumst. Aliquam augue quam, sollicitudin vitae, consectetuer eget, rutrum at, lorem.',610,15,8008,6,'Napkin - Dinner, White',50),(474,'Not Available','Curabitur gravida nisi at nibh. In hac habitasse platea dictumst. Aliquam augue quam, sollicitudin vitae, consectetuer eget, rutrum at, lorem.',652,3,5626,7,'Jicama',50),(475,'Available','Vestibulum ac est lacinia nisi venenatis tristique. Fusce congue, diam id ornare imperdiet, sapien urna pretium nisl, ut volutpat sapien arcu sed augue. Aliquam erat volutpat.',333,20,9785,5,'Coffee Guatemala Dark',50),(476,'Not Available','Fusce posuere felis sed lacus. Morbi sem mauris, laoreet ut, rhoncus aliquet, pulvinar sed, nisl. Nunc rhoncus dui vel sem.',517,9,7668,6,'Bread - White Epi Baguette',50),(477,'Not Available','Cras non velit nec nisi vulputate nonummy. Maecenas tincidunt lacus at velit. Vivamus vel nulla eget eros elementum pellentesque.',180,6,2868,48,'Tomatoes - Vine Ripe, Yellow',50),(478,'Available','Curabitur at ipsum ac tellus semper interdum. Mauris ullamcorper purus sit amet nulla. Quisque arcu libero, rutrum ac, lobortis vel, dapibus at, diam.',577,14,14,6,'Dried Cranberries',50),(479,'Not Available','Maecenas ut massa quis augue luctus tincidunt. Nulla mollis molestie lorem. Quisque ut erat.',522,13,6600,40,'Jicama',50),(480,'Not Available','Curabitur at ipsum ac tellus semper interdum. Mauris ullamcorper purus sit amet nulla. Quisque arcu libero, rutrum ac, lobortis vel, dapibus at, diam.',764,11,6380,5,'Carbonated Water - Blackberry',50),(481,'Available','In sagittis dui vel nisl. Duis ac nibh. Fusce lacus purus, aliquet at, feugiat non, pretium quis, lectus.',45,12,3891,27,'Pecan Raisin - Tarts',50),(482,'Available','Aenean lectus. Pellentesque eget nunc. Donec quis orci eget orci vehicula condimentum.',760,10,4194,25,'Green Scrubbie Pad H.duty',50),(483,'Available','Vestibulum ac est lacinia nisi venenatis tristique. Fusce congue, diam id ornare imperdiet, sapien urna pretium nisl, ut volutpat sapien arcu sed augue. Aliquam erat volutpat.',692,17,116,5,'Jameson Irish Whiskey',50),(484,'Available','Duis bibendum. Morbi non quam nec dui luctus rutrum. Nulla tellus.',146,5,7045,1,'Syrup - Monin - Granny Smith',50),(485,'Available','Quisque porta volutpat erat. Quisque erat eros, viverra eget, congue eget, semper rutrum, nulla. Nunc purus.',674,7,5644,5,'Soup - Boston Clam Chowder',50),(486,'Not Available','Nulla ut erat id mauris vulputate elementum. Nullam varius. Nulla facilisi.',220,18,403,1,'Wine - Cahors Ac 2000, Clos',50),(487,'Not Available','Integer ac leo. Pellentesque ultrices mattis odio. Donec vitae nisi.',545,4,5594,30,'Pork - Sausage Casing',50),(488,'Available','Fusce consequat. Nulla nisl. Nunc nisl.',773,16,4868,47,'Mix - Cappucino Cocktail',50),(489,'Not Available','Suspendisse potenti. In eleifend quam a odio. In hac habitasse platea dictumst.',412,19,2149,40,'Crab Brie In Phyllo',50),(490,'Not Available','Duis bibendum, felis sed interdum venenatis, turpis enim blandit mi, in porttitor pede justo eu massa. Donec dapibus. Duis at velit eu est congue elementum.',633,8,3228,33,'Flour - Bread',50),(491,'Available','Cum sociis natoque penatibus et magnis dis parturient montes, nascetur ridiculus mus. Vivamus vestibulum sagittis sapien. Cum sociis natoque penatibus et magnis dis parturient montes, nascetur ridiculus mus.',472,1,2075,40,'Wine - Riesling Dr. Pauly',50),(492,'Not Available','Vestibulum quam sapien, varius ut, blandit non, interdum in, ante. Vestibulum ante ipsum primis in faucibus orci luctus et ultrices posuere cubilia Curae; Duis faucibus accumsan odio. Curabitur convallis.',354,2,2133,17,'Muffin Orange Individual',50),(493,'Available','In quis justo. Maecenas rhoncus aliquam lacus. Morbi quis tortor id nulla ultrices aliquet.',687,15,4980,5,'Sauce - Apple, Unsweetened',50),(494,'Available','Quisque id justo sit amet sapien dignissim vestibulum. Vestibulum ante ipsum primis in faucibus orci luctus et ultrices posuere cubilia Curae; Nulla dapibus dolor vel est. Donec odio justo, sollicitudin ut, suscipit a, feugiat et, eros.',183,3,3331,48,'Wine - White, Ej Gallo',50),(495,'Available','Nam ultrices, libero non mattis pulvinar, nulla pede ullamcorper augue, a suscipit nulla elit ac nulla. Sed vel enim sit amet nunc viverra dapibus. Nulla suscipit ligula in lacus.',311,20,5884,4,'Pork - Tenderloin, Frozen',50),(496,'Not Available','Fusce consequat. Nulla nisl. Nunc nisl.',226,9,5818,30,'Pasta - Detalini, White, Fresh',50),(497,'Available','Maecenas tristique, est et tempus semper, est quam pharetra magna, ac consequat metus sapien ut nunc. Vestibulum ante ipsum primis in faucibus orci luctus et ultrices posuere cubilia Curae; Mauris viverra diam vitae quam. Suspendisse potenti.',776,6,5934,32,'Bread - Sour Sticks With Onion',50),(498,'Not Available','Maecenas tristique, est et tempus semper, est quam pharetra magna, ac consequat metus sapien ut nunc. Vestibulum ante ipsum primis in faucibus orci luctus et ultrices posuere cubilia Curae; Mauris viverra diam vitae quam. Suspendisse potenti.',710,14,5594,49,'Lamb - Whole Head Off,nz',50),(499,'Not Available','Nulla ut erat id mauris vulputate elementum. Nullam varius. Nulla facilisi.',245,13,5423,7,'Raspberries - Fresh',50),(500,'Not Available','Aliquam quis turpis eget elit sodales scelerisque. Mauris sit amet eros. Suspendisse accumsan tortor quis turpis.',181,11,2826,12,'Longos - Lasagna Veg',50),(501,'Available','Fusce consequat. Nulla nisl. Nunc nisl.',586,12,5235,42,'Oil - Grapeseed Oil',50),(502,'Not Available','Integer ac leo. Pellentesque ultrices mattis odio. Donec vitae nisi.',521,10,6794,7,'Chicken - Breast, 5 - 7 Oz',50),(503,'Available','Sed sagittis. Nam congue, risus semper porta volutpat, quam pede lobortis ligula, sit amet eleifend pede libero quis orci. Nullam molestie nibh in lectus.',585,17,6157,7,'Oil - Avocado',50),(504,'Not Available','Fusce posuere felis sed lacus. Morbi sem mauris, laoreet ut, rhoncus aliquet, pulvinar sed, nisl. Nunc rhoncus dui vel sem.',138,5,3068,33,'Yogurt - Blueberry, 175 Gr',50),(505,'Not Available','Cras non velit nec nisi vulputate nonummy. Maecenas tincidunt lacus at velit. Vivamus vel nulla eget eros elementum pellentesque.',696,7,7405,28,'Pasta - Penne, Rigate, Dry',50),(506,'Available','In quis justo. Maecenas rhoncus aliquam lacus. Morbi quis tortor id nulla ultrices aliquet.',146,18,1691,7,'Muffin Mix - Chocolate Chip',50),(507,'Not Available','In sagittis dui vel nisl. Duis ac nibh. Fusce lacus purus, aliquet at, feugiat non, pretium quis, lectus.',549,4,7598,33,'Beef - Kindney, Whole',50),(508,'Available','Integer tincidunt ante vel ipsum. Praesent blandit lacinia erat. Vestibulum sed magna at nunc commodo placerat.',436,16,3857,28,'Paper - Brown Paper Mini Cups',50),(509,'Not Available','Curabitur gravida nisi at nibh. In hac habitasse platea dictumst. Aliquam augue quam, sollicitudin vitae, consectetuer eget, rutrum at, lorem.',207,19,5596,24,'Wheat - Soft Kernal Of Wheat',50),(510,'Not Available','Donec diam neque, vestibulum eget, vulputate ut, ultrices vel, augue. Vestibulum ante ipsum primis in faucibus orci luctus et ultrices posuere cubilia Curae; Donec pharetra, magna vestibulum aliquet ultrices, erat tortor sollicitudin mi, sit amet lobortis sapien sapien non mi. Integer ac neque.',209,8,2484,7,'Wine - Red, Black Opal Shiraz',50),(511,'Available','Etiam vel augue. Vestibulum rutrum rutrum neque. Aenean auctor gravida sem.',614,1,5896,33,'Fish - Atlantic Salmon, Cold',50),(512,'Not Available','Curabitur gravida nisi at nibh. In hac habitasse platea dictumst. Aliquam augue quam, sollicitudin vitae, consectetuer eget, rutrum at, lorem.',193,2,1005,33,'Coconut - Shredded, Unsweet',50),(513,'Not Available','Maecenas tristique, est et tempus semper, est quam pharetra magna, ac consequat metus sapien ut nunc. Vestibulum ante ipsum primis in faucibus orci luctus et ultrices posuere cubilia Curae; Mauris viverra diam vitae quam. Suspendisse potenti.',658,15,6030,25,'Danishes - Mini Cheese',50),(514,'Available','Nulla ut erat id mauris vulputate elementum. Nullam varius. Nulla facilisi.',787,3,311,40,'Muffin Batt - Choc Chk',50),(515,'Available','Cras mi pede, malesuada in, imperdiet et, commodo vulputate, justo. In blandit ultrices enim. Lorem ipsum dolor sit amet, consectetuer adipiscing elit.',318,20,9098,29,'Compound - Rum',50),(516,'Available','Duis consequat dui nec nisi volutpat eleifend. Donec ut dolor. Morbi vel lectus in quam fringilla rhoncus.',6,9,1893,25,'Wine - Spumante Bambino White',50),(517,'Available','Curabitur in libero ut massa volutpat convallis. Morbi odio odio, elementum eu, interdum eu, tincidunt in, leo. Maecenas pulvinar lobortis est.',682,6,6107,5,'Soupcontfoam16oz 116con',50),(518,'Not Available','Maecenas ut massa quis augue luctus tincidunt. Nulla mollis molestie lorem. Quisque ut erat.',215,14,1743,40,'Nantucket Orange Juice',50),(519,'Available','In hac habitasse platea dictumst. Morbi vestibulum, velit id pretium iaculis, diam erat fermentum justo, nec condimentum neque sapien placerat ante. Nulla justo.',226,13,8699,6,'Pepper Squash',50),(520,'Available','Donec diam neque, vestibulum eget, vulputate ut, ultrices vel, augue. Vestibulum ante ipsum primis in faucibus orci luctus et ultrices posuere cubilia Curae; Donec pharetra, magna vestibulum aliquet ultrices, erat tortor sollicitudin mi, sit amet lobortis sapien sapien non mi. Integer ac neque.',86,11,1965,28,'Flour - Rye',50),(521,'Available','Proin interdum mauris non ligula pellentesque ultrices. Phasellus id sapien in sapien iaculis congue. Vivamus metus arcu, adipiscing molestie, hendrerit at, vulputate vitae, nisl.',675,12,967,33,'Pastry - Baked Scones - Mini',50),(522,'Not Available','Aenean lectus. Pellentesque eget nunc. Donec quis orci eget orci vehicula condimentum.',323,10,9710,25,'Ostrich - Prime Cut',50),(523,'Not Available','Fusce consequat. Nulla nisl. Nunc nisl.',88,17,5342,30,'Limes',50),(524,'Available','Fusce posuere felis sed lacus. Morbi sem mauris, laoreet ut, rhoncus aliquet, pulvinar sed, nisl. Nunc rhoncus dui vel sem.',536,5,2269,4,'Toamtoes 6x7 Select',50),(525,'Available','Proin leo odio, porttitor id, consequat in, consequat ut, nulla. Sed accumsan felis. Ut at dolor quis odio consequat varius.',331,7,402,34,'Crab - Soft Shell',50),(526,'Available','Praesent blandit. Nam nulla. Integer pede justo, lacinia eget, tincidunt eget, tempus vel, pede.',597,18,3359,40,'Lamb - Shanks',50),(527,'Not Available','Quisque porta volutpat erat. Quisque erat eros, viverra eget, congue eget, semper rutrum, nulla. Nunc purus.',715,4,2526,40,'Lettuce - Lolla Rosa',50),(528,'Not Available','Cras mi pede, malesuada in, imperdiet et, commodo vulputate, justo. In blandit ultrices enim. Lorem ipsum dolor sit amet, consectetuer adipiscing elit.',473,16,9786,28,'Table Cloth 54x72 White',50),(529,'Available','Vestibulum quam sapien, varius ut, blandit non, interdum in, ante. Vestibulum ante ipsum primis in faucibus orci luctus et ultrices posuere cubilia Curae; Duis faucibus accumsan odio. Curabitur convallis.',132,19,5089,6,'Crush - Grape, 355 Ml',50),(530,'Not Available','Cum sociis natoque penatibus et magnis dis parturient montes, nascetur ridiculus mus. Vivamus vestibulum sagittis sapien. Cum sociis natoque penatibus et magnis dis parturient montes, nascetur ridiculus mus.',126,8,4830,6,'Spice - Chili Powder Mexican',50),(531,'Available','Integer tincidunt ante vel ipsum. Praesent blandit lacinia erat. Vestibulum sed magna at nunc commodo placerat.',702,1,6543,37,'Beer - Moosehead',50),(532,'Available','Suspendisse potenti. In eleifend quam a odio. In hac habitasse platea dictumst.',451,2,9578,42,'Shrimp - 16/20, Iqf, Shell On',50),(533,'Not Available','Aenean lectus. Pellentesque eget nunc. Donec quis orci eget orci vehicula condimentum.',189,15,3806,48,'Yogurt - Cherry, 175 Gr',50),(534,'Available','Morbi non lectus. Aliquam sit amet diam in magna bibendum imperdiet. Nullam orci pede, venenatis non, sodales sed, tincidunt eu, felis.',528,3,4949,24,'Spice - Onion Powder Granulated',50),(535,'Not Available','Proin eu mi. Nulla ac enim. In tempor, turpis nec euismod scelerisque, quam turpis adipiscing lorem, vitae mattis nibh ligula nec sem.',645,20,1297,40,'Cheese - Cheddar, Medium',50),(536,'Available','Maecenas ut massa quis augue luctus tincidunt. Nulla mollis molestie lorem. Quisque ut erat.',79,9,85,48,'Blouse / Shirt / Sweater',50),(537,'Available','In congue. Etiam justo. Etiam pretium iaculis justo.',516,6,3468,42,'Soup - Knorr, French Onion',50),(538,'Available','Praesent id massa id nisl venenatis lacinia. Aenean sit amet justo. Morbi ut odio.',481,14,207,13,'Beef - Inside Round',50),(539,'Not Available','In sagittis dui vel nisl. Duis ac nibh. Fusce lacus purus, aliquet at, feugiat non, pretium quis, lectus.',468,13,3991,12,'Napkin - Cocktail,beige 2 - Ply',50),(540,'Available','Fusce posuere felis sed lacus. Morbi sem mauris, laoreet ut, rhoncus aliquet, pulvinar sed, nisl. Nunc rhoncus dui vel sem.',475,11,8423,49,'Wine - Niagara Peninsula Vqa',50),(541,'Available','Cum sociis natoque penatibus et magnis dis parturient montes, nascetur ridiculus mus. Vivamus vestibulum sagittis sapien. Cum sociis natoque penatibus et magnis dis parturient montes, nascetur ridiculus mus.',487,12,6107,5,'Wine - Touraine Azay - Le - Rideau',50),(542,'Not Available','In sagittis dui vel nisl. Duis ac nibh. Fusce lacus purus, aliquet at, feugiat non, pretium quis, lectus.',144,10,3527,8,'Juice - Orange, 341 Ml',50),(543,'Available','Donec diam neque, vestibulum eget, vulputate ut, ultrices vel, augue. Vestibulum ante ipsum primis in faucibus orci luctus et ultrices posuere cubilia Curae; Donec pharetra, magna vestibulum aliquet ultrices, erat tortor sollicitudin mi, sit amet lobortis sapien sapien non mi. Integer ac neque.',180,17,8997,42,'Lettuce - Mini Greens, Whole',50),(544,'Available','Proin interdum mauris non ligula pellentesque ultrices. Phasellus id sapien in sapien iaculis congue. Vivamus metus arcu, adipiscing molestie, hendrerit at, vulputate vitae, nisl.',139,5,4741,17,'Thyme - Lemon, Fresh',50),(545,'Available','Integer ac leo. Pellentesque ultrices mattis odio. Donec vitae nisi.',227,7,5726,44,'Beef - Tender Tips',50),(546,'Available','Phasellus in felis. Donec semper sapien a libero. Nam dui.',609,18,7300,42,'Soupcontfoam16oz 116con',50),(547,'Not Available','Nam ultrices, libero non mattis pulvinar, nulla pede ullamcorper augue, a suscipit nulla elit ac nulla. Sed vel enim sit amet nunc viverra dapibus. Nulla suscipit ligula in lacus.',534,4,6804,9,'Yogurt - Raspberry, 175 Gr',50),(548,'Available','Maecenas leo odio, condimentum id, luctus nec, molestie sed, justo. Pellentesque viverra pede ac diam. Cras pellentesque volutpat dui.',463,16,2833,40,'Juice - Cranberry 284ml',50),(549,'Available','Proin interdum mauris non ligula pellentesque ultrices. Phasellus id sapien in sapien iaculis congue. Vivamus metus arcu, adipiscing molestie, hendrerit at, vulputate vitae, nisl.',606,19,1887,28,'Coke - Diet, 355 Ml',50),(550,'Available','Duis consequat dui nec nisi volutpat eleifend. Donec ut dolor. Morbi vel lectus in quam fringilla rhoncus.',611,8,2796,24,'Tea - Herbal - 6 Asst',50),(551,'Available','Nullam porttitor lacus at turpis. Donec posuere metus vitae ipsum. Aliquam non mauris.',731,1,9355,37,'Appetizer - Mini Egg Roll, Shrimp',50),(552,'Available','In congue. Etiam justo. Etiam pretium iaculis justo.',109,2,4555,32,'Lemons',50),(553,'Not Available','Maecenas ut massa quis augue luctus tincidunt. Nulla mollis molestie lorem. Quisque ut erat.',221,15,7438,6,'Cheese - Gorgonzola',50),(554,'Available','Aliquam quis turpis eget elit sodales scelerisque. Mauris sit amet eros. Suspendisse accumsan tortor quis turpis.',545,3,9760,27,'Mix - Cappucino Cocktail',50),(555,'Available','Nullam sit amet turpis elementum ligula vehicula consequat. Morbi a ipsum. Integer a nibh.',566,20,1711,13,'Pants Custom Dry Clean',50),(556,'Not Available','Lorem ipsum dolor sit amet, consectetuer adipiscing elit. Proin risus. Praesent lectus.',626,9,9944,30,'Liqueur - Melon',50),(557,'Available','Cras non velit nec nisi vulputate nonummy. Maecenas tincidunt lacus at velit. Vivamus vel nulla eget eros elementum pellentesque.',492,6,8773,16,'Sea Urchin',50),(558,'Available','Cras mi pede, malesuada in, imperdiet et, commodo vulputate, justo. In blandit ultrices enim. Lorem ipsum dolor sit amet, consectetuer adipiscing elit.',530,14,4750,28,'Mikes Hard Lemonade',50),(559,'Available','Mauris enim leo, rhoncus sed, vestibulum sit amet, cursus id, turpis. Integer aliquet, massa id lobortis convallis, tortor risus dapibus augue, vel accumsan tellus nisi eu orci. Mauris lacinia sapien quis libero.',103,13,499,48,'Spice - Peppercorn Melange',50),(560,'Not Available','In quis justo. Maecenas rhoncus aliquam lacus. Morbi quis tortor id nulla ultrices aliquet.',540,11,2412,5,'Tea - Earl Grey',50),(561,'Not Available','Cras non velit nec nisi vulputate nonummy. Maecenas tincidunt lacus at velit. Vivamus vel nulla eget eros elementum pellentesque.',155,12,9836,42,'Maintenance Removal Charge',50),(562,'Not Available','Curabitur in libero ut massa volutpat convallis. Morbi odio odio, elementum eu, interdum eu, tincidunt in, leo. Maecenas pulvinar lobortis est.',705,10,6370,27,'Duck - Legs',50),(563,'Not Available','Maecenas leo odio, condimentum id, luctus nec, molestie sed, justo. Pellentesque viverra pede ac diam. Cras pellentesque volutpat dui.',636,17,6913,35,'Soup - Knorr, Ministrone',50),(564,'Not Available','Aliquam quis turpis eget elit sodales scelerisque. Mauris sit amet eros. Suspendisse accumsan tortor quis turpis.',256,5,6400,5,'Beans - Kidney, Canned',50),(565,'Available','Aenean fermentum. Donec ut mauris eget massa tempor convallis. Nulla neque libero, convallis eget, eleifend luctus, ultricies eu, nibh.',32,7,6760,49,'Pasta - Rotini, Dry',50),(566,'Available','Quisque porta volutpat erat. Quisque erat eros, viverra eget, congue eget, semper rutrum, nulla. Nunc purus.',794,18,1801,21,'Laundry - Bag Cloth',50),(567,'Not Available','Integer ac leo. Pellentesque ultrices mattis odio. Donec vitae nisi.',30,4,2970,16,'Petite Baguette',50),(568,'Not Available','Sed ante. Vivamus tortor. Duis mattis egestas metus.',134,16,8775,8,'Liners - Baking Cups',50),(569,'Not Available','Pellentesque at nulla. Suspendisse potenti. Cras in purus eu magna vulputate luctus.',27,19,9010,48,'Cup Translucent 9 Oz',50),(570,'Available','Proin leo odio, porttitor id, consequat in, consequat ut, nulla. Sed accumsan felis. Ut at dolor quis odio consequat varius.',279,8,8071,6,'Sauce - Salsa',50),(571,'Available','Morbi porttitor lorem id ligula. Suspendisse ornare consequat lectus. In est risus, auctor sed, tristique in, tempus sit amet, sem.',722,1,9010,6,'Leeks - Baby, White',50),(572,'Not Available','Phasellus in felis. Donec semper sapien a libero. Nam dui.',774,2,8008,6,'Coffee Decaf Colombian',50),(573,'Available','Quisque porta volutpat erat. Quisque erat eros, viverra eget, congue eget, semper rutrum, nulla. Nunc purus.',736,15,3392,35,'Fennel',50),(574,'Not Available','Maecenas leo odio, condimentum id, luctus nec, molestie sed, justo. Pellentesque viverra pede ac diam. Cras pellentesque volutpat dui.',568,3,1691,29,'Nut - Hazelnut, Whole',50),(575,'Not Available','Vestibulum quam sapien, varius ut, blandit non, interdum in, ante. Vestibulum ante ipsum primis in faucibus orci luctus et ultrices posuere cubilia Curae; Duis faucibus accumsan odio. Curabitur convallis.',275,20,8557,5,'Energy Drink - Franks Original',50),(576,'Not Available','Duis bibendum. Morbi non quam nec dui luctus rutrum. Nulla tellus.',87,9,6787,2,'Quail - Jumbo',50),(577,'Available','In quis justo. Maecenas rhoncus aliquam lacus. Morbi quis tortor id nulla ultrices aliquet.',606,6,81,49,'Nut - Pecan, Pieces',50),(578,'Available','Curabitur gravida nisi at nibh. In hac habitasse platea dictumst. Aliquam augue quam, sollicitudin vitae, consectetuer eget, rutrum at, lorem.',262,14,2495,32,'Soup - Campbells, Butternut',50),(579,'Not Available','Nulla ut erat id mauris vulputate elementum. Nullam varius. Nulla facilisi.',563,13,6388,7,'Wine - Harrow Estates, Vidal',50),(580,'Not Available','Morbi porttitor lorem id ligula. Suspendisse ornare consequat lectus. In est risus, auctor sed, tristique in, tempus sit amet, sem.',491,11,9149,17,'Mix - Cocktail Strawberry Daiquiri',50),(581,'Not Available','Duis bibendum, felis sed interdum venenatis, turpis enim blandit mi, in porttitor pede justo eu massa. Donec dapibus. Duis at velit eu est congue elementum.',287,12,6928,42,'Butcher Twine 4r',50),(582,'Not Available','Duis consequat dui nec nisi volutpat eleifend. Donec ut dolor. Morbi vel lectus in quam fringilla rhoncus.',457,10,7597,16,'Sterno - Chafing Dish Fuel',50),(583,'Not Available','Nullam porttitor lacus at turpis. Donec posuere metus vitae ipsum. Aliquam non mauris.',427,17,1938,1,'Veal - Shank, Pieces',50),(584,'Available','Integer ac leo. Pellentesque ultrices mattis odio. Donec vitae nisi.',355,5,6400,34,'Beans - Kidney, Canned',50),(585,'Not Available','Aenean lectus. Pellentesque eget nunc. Donec quis orci eget orci vehicula condimentum.',425,7,4399,49,'Cake - Mini Cheesecake',50),(586,'Available','Nullam sit amet turpis elementum ligula vehicula consequat. Morbi a ipsum. Integer a nibh.',295,18,4501,5,'Muffin Mix - Raisin Bran',50),(587,'Available','Fusce consequat. Nulla nisl. Nunc nisl.',112,4,2322,48,'Beer - Tetleys',50),(588,'Not Available','Fusce posuere felis sed lacus. Morbi sem mauris, laoreet ut, rhoncus aliquet, pulvinar sed, nisl. Nunc rhoncus dui vel sem.',343,16,590,44,'Cabbage - Red',50),(589,'Not Available','In quis justo. Maecenas rhoncus aliquam lacus. Morbi quis tortor id nulla ultrices aliquet.',87,19,636,5,'Mushrooms - Black, Dried',50),(590,'Available','In hac habitasse platea dictumst. Morbi vestibulum, velit id pretium iaculis, diam erat fermentum justo, nec condimentum neque sapien placerat ante. Nulla justo.',748,8,3717,2,'Kohlrabi',50),(591,'Available','Sed ante. Vivamus tortor. Duis mattis egestas metus.',570,1,8439,5,'Apricots - Dried',50),(592,'Not Available','In sagittis dui vel nisl. Duis ac nibh. Fusce lacus purus, aliquet at, feugiat non, pretium quis, lectus.',115,2,5644,9,'Juice - Clam, 46 Oz',50),(593,'Not Available','Vestibulum ac est lacinia nisi venenatis tristique. Fusce congue, diam id ornare imperdiet, sapien urna pretium nisl, ut volutpat sapien arcu sed augue. Aliquam erat volutpat.',762,15,9730,5,'Rice - 7 Grain Blend',50),(594,'Not Available','Duis aliquam convallis nunc. Proin at turpis a pede posuere nonummy. Integer non velit.',344,3,8619,30,'Lentils - Green Le Puy',50),(595,'Available','Proin eu mi. Nulla ac enim. In tempor, turpis nec euismod scelerisque, quam turpis adipiscing lorem, vitae mattis nibh ligula nec sem.',650,20,8722,32,'Veal - Inside, Choice',50),(596,'Not Available','In hac habitasse platea dictumst. Etiam faucibus cursus urna. Ut tellus.',790,9,7690,37,'Muffin - Mix - Mango Sour Cherry',50),(597,'Available','Duis bibendum, felis sed interdum venenatis, turpis enim blandit mi, in porttitor pede justo eu massa. Donec dapibus. Duis at velit eu est congue elementum.',701,6,5642,6,'Cauliflower',50),(598,'Available','Maecenas tristique, est et tempus semper, est quam pharetra magna, ac consequat metus sapien ut nunc. Vestibulum ante ipsum primis in faucibus orci luctus et ultrices posuere cubilia Curae; Mauris viverra diam vitae quam. Suspendisse potenti.',443,14,6229,12,'Lobster - Base',50),(599,'Not Available','Fusce consequat. Nulla nisl. Nunc nisl.',546,13,2335,40,'Pepper - Cubanelle',50),(600,'Available','Etiam vel augue. Vestibulum rutrum rutrum neque. Aenean auctor gravida sem.',509,11,7104,8,'Everfresh Products',50),(601,'Available','Curabitur at ipsum ac tellus semper interdum. Mauris ullamcorper purus sit amet nulla. Quisque arcu libero, rutrum ac, lobortis vel, dapibus at, diam.',703,12,2540,12,'Chicken - Breast, 5 - 7 Oz',50),(602,'Available','Maecenas tristique, est et tempus semper, est quam pharetra magna, ac consequat metus sapien ut nunc. Vestibulum ante ipsum primis in faucibus orci luctus et ultrices posuere cubilia Curae; Mauris viverra diam vitae quam. Suspendisse potenti.',282,10,7997,5,'Cheese - St. Andre',50),(603,'Not Available','Nullam porttitor lacus at turpis. Donec posuere metus vitae ipsum. Aliquam non mauris.',374,17,9757,47,'Pepper - Cubanelle',50),(604,'Not Available','Vestibulum quam sapien, varius ut, blandit non, interdum in, ante. Vestibulum ante ipsum primis in faucibus orci luctus et ultrices posuere cubilia Curae; Duis faucibus accumsan odio. Curabitur convallis.',222,5,3907,40,'Pork - Bacon,back Peameal',50),(605,'Available','Fusce posuere felis sed lacus. Morbi sem mauris, laoreet ut, rhoncus aliquet, pulvinar sed, nisl. Nunc rhoncus dui vel sem.',324,7,9469,6,'Cheese - Cheddarsliced',50),(606,'Available','Nulla ut erat id mauris vulputate elementum. Nullam varius. Nulla facilisi.',501,18,5395,16,'Pate - Cognac',50),(607,'Not Available','Cras mi pede, malesuada in, imperdiet et, commodo vulputate, justo. In blandit ultrices enim. Lorem ipsum dolor sit amet, consectetuer adipiscing elit.',95,4,1691,4,'Juice - Clam, 46 Oz',50),(608,'Available','Nullam sit amet turpis elementum ligula vehicula consequat. Morbi a ipsum. Integer a nibh.',785,16,8384,6,'Rum - Coconut, Malibu',50),(609,'Not Available','Cras non velit nec nisi vulputate nonummy. Maecenas tincidunt lacus at velit. Vivamus vel nulla eget eros elementum pellentesque.',590,19,8922,27,'Soup - Clam Chowder, Dry Mix',50),(610,'Available','In sagittis dui vel nisl. Duis ac nibh. Fusce lacus purus, aliquet at, feugiat non, pretium quis, lectus.',452,8,2617,6,'Chinese Lemon Pork',50),(611,'Not Available','Praesent blandit. Nam nulla. Integer pede justo, lacinia eget, tincidunt eget, tempus vel, pede.',252,1,1455,6,'Olives - Kalamata',50),(612,'Not Available','Maecenas ut massa quis augue luctus tincidunt. Nulla mollis molestie lorem. Quisque ut erat.',660,2,5001,7,'Flower - Daisies',50),(613,'Available','Vestibulum quam sapien, varius ut, blandit non, interdum in, ante. Vestibulum ante ipsum primis in faucibus orci luctus et ultrices posuere cubilia Curae; Duis faucibus accumsan odio. Curabitur convallis.',401,15,226,13,'Wine - Pinot Noir Latour',50),(614,'Available','Duis aliquam convallis nunc. Proin at turpis a pede posuere nonummy. Integer non velit.',160,3,2654,28,'Chicken - Leg / Back Attach',50),(615,'Available','Curabitur in libero ut massa volutpat convallis. Morbi odio odio, elementum eu, interdum eu, tincidunt in, leo. Maecenas pulvinar lobortis est.',353,20,7291,40,'Squash - Acorn',50),(616,'Not Available','Mauris enim leo, rhoncus sed, vestibulum sit amet, cursus id, turpis. Integer aliquet, massa id lobortis convallis, tortor risus dapibus augue, vel accumsan tellus nisi eu orci. Mauris lacinia sapien quis libero.',14,9,4033,1,'Soup - Campbells Beef Noodle',50),(617,'Available','Sed ante. Vivamus tortor. Duis mattis egestas metus.',519,6,6157,40,'Tuna - Salad Premix',50),(618,'Available','Mauris enim leo, rhoncus sed, vestibulum sit amet, cursus id, turpis. Integer aliquet, massa id lobortis convallis, tortor risus dapibus augue, vel accumsan tellus nisi eu orci. Mauris lacinia sapien quis libero.',519,14,2122,30,'Mustard - Individual Pkg',50),(619,'Available','Duis bibendum. Morbi non quam nec dui luctus rutrum. Nulla tellus.',519,13,4378,13,'Ocean Spray - Kiwi Strawberry',50),(620,'Available','Vestibulum ac est lacinia nisi venenatis tristique. Fusce congue, diam id ornare imperdiet, sapien urna pretium nisl, ut volutpat sapien arcu sed augue. Aliquam erat volutpat.',380,11,8501,13,'Bag Stand',50),(621,'Not Available','Maecenas ut massa quis augue luctus tincidunt. Nulla mollis molestie lorem. Quisque ut erat.',469,12,5415,8,'Pails With Lids',50),(622,'Not Available','In congue. Etiam justo. Etiam pretium iaculis justo.',352,10,6804,30,'Wine - Champagne Brut Veuve',50),(623,'Not Available','Maecenas ut massa quis augue luctus tincidunt. Nulla mollis molestie lorem. Quisque ut erat.',601,17,3458,1,'Jolt Cola - Electric Blue',50),(624,'Not Available','Phasellus in felis. Donec semper sapien a libero. Nam dui.',368,5,85,12,'Appetizer - Mini Egg Roll, Shrimp',50),(625,'Not Available','In hac habitasse platea dictumst. Morbi vestibulum, velit id pretium iaculis, diam erat fermentum justo, nec condimentum neque sapien placerat ante. Nulla justo.',530,7,6403,42,'Wine - White, Schroder And Schyl',50),(626,'Not Available','Nulla ut erat id mauris vulputate elementum. Nullam varius. Nulla facilisi.',644,18,1893,27,'Long Island Ice Tea',50),(627,'Not Available','Proin interdum mauris non ligula pellentesque ultrices. Phasellus id sapien in sapien iaculis congue. Vivamus metus arcu, adipiscing molestie, hendrerit at, vulputate vitae, nisl.',573,4,8603,6,'Jagermeister',50),(628,'Available','Proin interdum mauris non ligula pellentesque ultrices. Phasellus id sapien in sapien iaculis congue. Vivamus metus arcu, adipiscing molestie, hendrerit at, vulputate vitae, nisl.',537,16,1034,7,'Sardines',50),(629,'Not Available','Donec diam neque, vestibulum eget, vulputate ut, ultrices vel, augue. Vestibulum ante ipsum primis in faucibus orci luctus et ultrices posuere cubilia Curae; Donec pharetra, magna vestibulum aliquet ultrices, erat tortor sollicitudin mi, sit amet lobortis sapien sapien non mi. Integer ac neque.',551,19,4323,29,'Sandwich Wrap',50),(630,'Available','Mauris enim leo, rhoncus sed, vestibulum sit amet, cursus id, turpis. Integer aliquet, massa id lobortis convallis, tortor risus dapibus augue, vel accumsan tellus nisi eu orci. Mauris lacinia sapien quis libero.',38,8,8837,5,'Beer - Guiness',50),(631,'Not Available','Nam ultrices, libero non mattis pulvinar, nulla pede ullamcorper augue, a suscipit nulla elit ac nulla. Sed vel enim sit amet nunc viverra dapibus. Nulla suscipit ligula in lacus.',361,1,116,40,'Pastry - Chocolate Marble Tea',50),(632,'Not Available','Maecenas tristique, est et tempus semper, est quam pharetra magna, ac consequat metus sapien ut nunc. Vestibulum ante ipsum primis in faucibus orci luctus et ultrices posuere cubilia Curae; Mauris viverra diam vitae quam. Suspendisse potenti.',193,2,5235,33,'Soup - Boston Clam Chowder',50),(633,'Available','Proin leo odio, porttitor id, consequat in, consequat ut, nulla. Sed accumsan felis. Ut at dolor quis odio consequat varius.',549,15,7541,34,'Pepper - Red Chili',50),(634,'Available','Phasellus sit amet erat. Nulla tempus. Vivamus in felis eu sapien cursus vestibulum.',296,3,3871,37,'Sambuca - Ramazzotti',50),(635,'Available','Sed ante. Vivamus tortor. Duis mattis egestas metus.',165,20,9959,12,'Juice - Happy Planet',50),(636,'Not Available','In hac habitasse platea dictumst. Morbi vestibulum, velit id pretium iaculis, diam erat fermentum justo, nec condimentum neque sapien placerat ante. Nulla justo.',252,9,7579,48,'Raspberries - Frozen',50),(637,'Available','Duis bibendum. Morbi non quam nec dui luctus rutrum. Nulla tellus.',36,6,1619,28,'Pork - Bacon, Sliced',50),(638,'Not Available','Duis bibendum. Morbi non quam nec dui luctus rutrum. Nulla tellus.',458,14,3017,42,'Beer - Heinekin',50),(639,'Not Available','Proin interdum mauris non ligula pellentesque ultrices. Phasellus id sapien in sapien iaculis congue. Vivamus metus arcu, adipiscing molestie, hendrerit at, vulputate vitae, nisl.',671,13,4796,44,'Wine - Magnotta - Belpaese',50),(640,'Not Available','Nulla ut erat id mauris vulputate elementum. Nullam varius. Nulla facilisi.',611,11,6107,48,'Beer - Sleemans Honey Brown',50),(641,'Not Available','In sagittis dui vel nisl. Duis ac nibh. Fusce lacus purus, aliquet at, feugiat non, pretium quis, lectus.',679,12,1058,28,'Wine - Peller Estates Late',50),(642,'Not Available','Mauris enim leo, rhoncus sed, vestibulum sit amet, cursus id, turpis. Integer aliquet, massa id lobortis convallis, tortor risus dapibus augue, vel accumsan tellus nisi eu orci. Mauris lacinia sapien quis libero.',288,10,4599,12,'Quail - Whole, Boneless',50),(643,'Available','In congue. Etiam justo. Etiam pretium iaculis justo.',315,17,850,29,'Mussels - Frozen',50),(644,'Not Available','In hac habitasse platea dictumst. Morbi vestibulum, velit id pretium iaculis, diam erat fermentum justo, nec condimentum neque sapien placerat ante. Nulla justo.',118,5,2335,49,'Carbonated Water - Cherry',50),(645,'Available','Praesent id massa id nisl venenatis lacinia. Aenean sit amet justo. Morbi ut odio.',190,7,618,42,'Pastry - Mini French Pastries',50),(646,'Not Available','Curabitur in libero ut massa volutpat convallis. Morbi odio odio, elementum eu, interdum eu, tincidunt in, leo. Maecenas pulvinar lobortis est.',371,18,3847,21,'Bread - Olive Dinner Roll',50),(647,'Not Available','Curabitur at ipsum ac tellus semper interdum. Mauris ullamcorper purus sit amet nulla. Quisque arcu libero, rutrum ac, lobortis vel, dapibus at, diam.',374,4,3117,6,'Lamb - Whole, Fresh',50),(648,'Available','Etiam vel augue. Vestibulum rutrum rutrum neque. Aenean auctor gravida sem.',535,16,6107,6,'Oats Large Flake',50),(649,'Not Available','Fusce posuere felis sed lacus. Morbi sem mauris, laoreet ut, rhoncus aliquet, pulvinar sed, nisl. Nunc rhoncus dui vel sem.',114,19,1268,30,'Pepper - Yellow Bell',50),(650,'Available','Phasellus sit amet erat. Nulla tempus. Vivamus in felis eu sapien cursus vestibulum.',395,8,1293,28,'Wine - Red Oakridge Merlot',50),(651,'Not Available','Duis aliquam convallis nunc. Proin at turpis a pede posuere nonummy. Integer non velit.',785,1,289,40,'Swordfish Loin Portions',50),(652,'Available','Proin eu mi. Nulla ac enim. In tempor, turpis nec euismod scelerisque, quam turpis adipiscing lorem, vitae mattis nibh ligula nec sem.',752,2,3569,40,'Chocolate Liqueur - Godet White',50),(653,'Not Available','Duis bibendum. Morbi non quam nec dui luctus rutrum. Nulla tellus.',331,15,8305,27,'Cake - Cheese Cake 9 Inch',50),(654,'Not Available','Duis consequat dui nec nisi volutpat eleifend. Donec ut dolor. Morbi vel lectus in quam fringilla rhoncus.',647,3,9389,47,'Tuna - Loin',50),(655,'Not Available','In congue. Etiam justo. Etiam pretium iaculis justo.',418,20,7418,28,'Parsley - Dried',50),(656,'Available','In quis justo. Maecenas rhoncus aliquam lacus. Morbi quis tortor id nulla ultrices aliquet.',235,9,3117,27,'Shrimp - Baby, Cold Water',50),(657,'Available','Phasellus in felis. Donec semper sapien a libero. Nam dui.',644,6,7497,5,'Wine - Remy Pannier Rose',50),(658,'Available','Quisque porta volutpat erat. Quisque erat eros, viverra eget, congue eget, semper rutrum, nulla. Nunc purus.',254,14,8699,5,'Turnip - White',50),(659,'Not Available','Proin leo odio, porttitor id, consequat in, consequat ut, nulla. Sed accumsan felis. Ut at dolor quis odio consequat varius.',169,13,27,16,'Lamb - Shoulder',50),(660,'Available','Curabitur at ipsum ac tellus semper interdum. Mauris ullamcorper purus sit amet nulla. Quisque arcu libero, rutrum ac, lobortis vel, dapibus at, diam.',472,11,5562,23,'Dip - Tapenade',50),(661,'Not Available','Cras non velit nec nisi vulputate nonummy. Maecenas tincidunt lacus at velit. Vivamus vel nulla eget eros elementum pellentesque.',1,12,852,7,'Capicola - Hot',50),(662,'Not Available','Vestibulum quam sapien, varius ut, blandit non, interdum in, ante. Vestibulum ante ipsum primis in faucibus orci luctus et ultrices posuere cubilia Curae; Duis faucibus accumsan odio. Curabitur convallis.',206,10,5664,5,'Venison - Ground',50),(663,'Not Available','Maecenas ut massa quis augue luctus tincidunt. Nulla mollis molestie lorem. Quisque ut erat.',475,17,6157,25,'Carbonated Water - Raspberry',50),(664,'Available','In quis justo. Maecenas rhoncus aliquam lacus. Morbi quis tortor id nulla ultrices aliquet.',309,5,9469,49,'Longos - Chicken Curried',50),(665,'Available','Maecenas ut massa quis augue luctus tincidunt. Nulla mollis molestie lorem. Quisque ut erat.',38,7,9844,49,'Tilapia - Fillets',50),(666,'Available','Quisque porta volutpat erat. Quisque erat eros, viverra eget, congue eget, semper rutrum, nulla. Nunc purus.',481,18,6102,7,'Red Currants',50),(667,'Available','Duis consequat dui nec nisi volutpat eleifend. Donec ut dolor. Morbi vel lectus in quam fringilla rhoncus.',738,4,6980,42,'Asparagus - Frozen',50),(668,'Not Available','Morbi porttitor lorem id ligula. Suspendisse ornare consequat lectus. In est risus, auctor sed, tristique in, tempus sit amet, sem.',111,16,1060,6,'Wine - Saint - Bris 2002, Sauv',50),(669,'Not Available','Quisque porta volutpat erat. Quisque erat eros, viverra eget, congue eget, semper rutrum, nulla. Nunc purus.',128,19,9873,34,'Nut - Peanut, Roasted',50),(670,'Available','Curabitur gravida nisi at nibh. In hac habitasse platea dictumst. Aliquam augue quam, sollicitudin vitae, consectetuer eget, rutrum at, lorem.',514,8,5415,48,'Cloves - Ground',50),(671,'Not Available','Aenean fermentum. Donec ut mauris eget massa tempor convallis. Nulla neque libero, convallis eget, eleifend luctus, ultricies eu, nibh.',379,1,5582,17,'Chips - Assorted',50),(672,'Not Available','Nullam porttitor lacus at turpis. Donec posuere metus vitae ipsum. Aliquam non mauris.',337,2,6734,23,'Banana Turning',50),(673,'Available','Proin interdum mauris non ligula pellentesque ultrices. Phasellus id sapien in sapien iaculis congue. Vivamus metus arcu, adipiscing molestie, hendrerit at, vulputate vitae, nisl.',7,15,1503,25,'Sprite, Diet - 355ml',50),(674,'Available','Aenean fermentum. Donec ut mauris eget massa tempor convallis. Nulla neque libero, convallis eget, eleifend luctus, ultricies eu, nibh.',195,3,190,29,'Oil - Avocado',50),(675,'Not Available','Proin leo odio, porttitor id, consequat in, consequat ut, nulla. Sed accumsan felis. Ut at dolor quis odio consequat varius.',126,20,7597,28,'Pail With Metal Handle 16l White',50),(676,'Available','Curabitur gravida nisi at nibh. In hac habitasse platea dictumst. Aliquam augue quam, sollicitudin vitae, consectetuer eget, rutrum at, lorem.',161,9,1576,49,'Pepper - Scotch Bonnet',50),(677,'Not Available','Cum sociis natoque penatibus et magnis dis parturient montes, nascetur ridiculus mus. Vivamus vestibulum sagittis sapien. Cum sociis natoque penatibus et magnis dis parturient montes, nascetur ridiculus mus.',275,6,4120,35,'Macaroons - Two Bite Choc',50),(678,'Not Available','Quisque porta volutpat erat. Quisque erat eros, viverra eget, congue eget, semper rutrum, nulla. Nunc purus.',565,14,533,28,'Soup - Verve - Chipotle Chicken',50),(679,'Not Available','Praesent id massa id nisl venenatis lacinia. Aenean sit amet justo. Morbi ut odio.',624,13,529,33,'Tortillas - Flour, 10',50),(680,'Not Available','Nam ultrices, libero non mattis pulvinar, nulla pede ullamcorper augue, a suscipit nulla elit ac nulla. Sed vel enim sit amet nunc viverra dapibus. Nulla suscipit ligula in lacus.',528,11,5546,35,'Yeast Dry - Fleischman',50),(681,'Available','Etiam vel augue. Vestibulum rutrum rutrum neque. Aenean auctor gravida sem.',614,12,8997,12,'Sping Loaded Cup Dispenser',50),(682,'Not Available','Curabitur gravida nisi at nibh. In hac habitasse platea dictumst. Aliquam augue quam, sollicitudin vitae, consectetuer eget, rutrum at, lorem.',380,10,3030,40,'Orange Roughy 6/8 Oz',50),(683,'Available','Fusce posuere felis sed lacus. Morbi sem mauris, laoreet ut, rhoncus aliquet, pulvinar sed, nisl. Nunc rhoncus dui vel sem.',58,17,436,28,'Island Oasis - Ice Cream Mix',50),(684,'Available','Aenean lectus. Pellentesque eget nunc. Donec quis orci eget orci vehicula condimentum.',217,5,9546,32,'Puree - Guava',50),(685,'Not Available','Suspendisse potenti. In eleifend quam a odio. In hac habitasse platea dictumst.',425,7,2796,48,'Pasta - Rotini, Dry',50),(686,'Not Available','Lorem ipsum dolor sit amet, consectetuer adipiscing elit. Proin risus. Praesent lectus.',407,18,429,7,'Table Cloth 62x120 Colour',50),(687,'Available','Morbi non lectus. Aliquam sit amet diam in magna bibendum imperdiet. Nullam orci pede, venenatis non, sodales sed, tincidunt eu, felis.',132,4,5590,29,'Cattail Hearts',50),(688,'Not Available','Mauris enim leo, rhoncus sed, vestibulum sit amet, cursus id, turpis. Integer aliquet, massa id lobortis convallis, tortor risus dapibus augue, vel accumsan tellus nisi eu orci. Mauris lacinia sapien quis libero.',597,16,6600,16,'Marsala - Sperone, Fine, D.o.c.',50),(689,'Available','Mauris enim leo, rhoncus sed, vestibulum sit amet, cursus id, turpis. Integer aliquet, massa id lobortis convallis, tortor risus dapibus augue, vel accumsan tellus nisi eu orci. Mauris lacinia sapien quis libero.',206,19,1897,44,'Wine - Niagara,vqa Reisling',50),(690,'Available','Phasellus sit amet erat. Nulla tempus. Vivamus in felis eu sapien cursus vestibulum.',631,8,2347,12,'Trout - Smoked',50),(691,'Not Available','Quisque id justo sit amet sapien dignissim vestibulum. Vestibulum ante ipsum primis in faucibus orci luctus et ultrices posuere cubilia Curae; Nulla dapibus dolor vel est. Donec odio justo, sollicitudin ut, suscipit a, feugiat et, eros.',210,1,1281,6,'Wine - White, Lindemans Bin 95',50),(692,'Available','Donec diam neque, vestibulum eget, vulputate ut, ultrices vel, augue. Vestibulum ante ipsum primis in faucibus orci luctus et ultrices posuere cubilia Curae; Donec pharetra, magna vestibulum aliquet ultrices, erat tortor sollicitudin mi, sit amet lobortis sapien sapien non mi. Integer ac neque.',570,2,9627,21,'Chips Potato All Dressed - 43g',50),(693,'Not Available','Aliquam quis turpis eget elit sodales scelerisque. Mauris sit amet eros. Suspendisse accumsan tortor quis turpis.',222,15,3991,40,'Gatorade - Xfactor Berry',50),(694,'Available','In congue. Etiam justo. Etiam pretium iaculis justo.',365,3,4098,17,'Cheese - Swiss',50),(695,'Available','Praesent blandit. Nam nulla. Integer pede justo, lacinia eget, tincidunt eget, tempus vel, pede.',218,20,4126,21,'Chocolate - Sugar Free Semi Choc',50),(696,'Available','Nullam porttitor lacus at turpis. Donec posuere metus vitae ipsum. Aliquam non mauris.',782,9,7508,32,'Beer - Sleemans Cream Ale',50),(697,'Not Available','In hac habitasse platea dictumst. Etiam faucibus cursus urna. Ut tellus.',268,6,806,5,'Pie Filling - Cherry',50),(698,'Not Available','Maecenas leo odio, condimentum id, luctus nec, molestie sed, justo. Pellentesque viverra pede ac diam. Cras pellentesque volutpat dui.',616,14,9990,40,'Pork Casing',50),(699,'Not Available','In congue. Etiam justo. Etiam pretium iaculis justo.',76,13,2149,8,'Beef - Tender Tips',50),(700,'Available','Cum sociis natoque penatibus et magnis dis parturient montes, nascetur ridiculus mus. Vivamus vestibulum sagittis sapien. Cum sociis natoque penatibus et magnis dis parturient montes, nascetur ridiculus mus.',592,11,8864,2,'Appetizer - Southwestern',50),(701,'Available','Integer tincidunt ante vel ipsum. Praesent blandit lacinia erat. Vestibulum sed magna at nunc commodo placerat.',647,12,5575,24,'Veal - Inside Round / Top, Lean',50),(702,'Not Available','Proin leo odio, porttitor id, consequat in, consequat ut, nulla. Sed accumsan felis. Ut at dolor quis odio consequat varius.',209,10,7121,40,'Beef - Striploin Aa',50),(703,'Available','Quisque id justo sit amet sapien dignissim vestibulum. Vestibulum ante ipsum primis in faucibus orci luctus et ultrices posuere cubilia Curae; Nulla dapibus dolor vel est. Donec odio justo, sollicitudin ut, suscipit a, feugiat et, eros.',735,17,3035,32,'Melon - Honey Dew',50),(704,'Not Available','Fusce posuere felis sed lacus. Morbi sem mauris, laoreet ut, rhoncus aliquet, pulvinar sed, nisl. Nunc rhoncus dui vel sem.',788,5,9607,48,'Puree - Guava',50),(705,'Not Available','Morbi porttitor lorem id ligula. Suspendisse ornare consequat lectus. In est risus, auctor sed, tristique in, tempus sit amet, sem.',361,7,8174,4,'Rosemary - Fresh',50),(706,'Not Available','Sed sagittis. Nam congue, risus semper porta volutpat, quam pede lobortis ligula, sit amet eleifend pede libero quis orci. Nullam molestie nibh in lectus.',744,18,3343,42,'Sour Cream',50),(707,'Available','Nullam sit amet turpis elementum ligula vehicula consequat. Morbi a ipsum. Integer a nibh.',378,4,6233,25,'Chinese Lemon Pork',50),(708,'Not Available','Integer tincidunt ante vel ipsum. Praesent blandit lacinia erat. Vestibulum sed magna at nunc commodo placerat.',109,16,1675,40,'Sping Loaded Cup Dispenser',50),(709,'Available','Donec diam neque, vestibulum eget, vulputate ut, ultrices vel, augue. Vestibulum ante ipsum primis in faucibus orci luctus et ultrices posuere cubilia Curae; Donec pharetra, magna vestibulum aliquet ultrices, erat tortor sollicitudin mi, sit amet lobortis sapien sapien non mi. Integer ac neque.',409,19,1965,4,'Vol Au Vents',50),(710,'Not Available','In hac habitasse platea dictumst. Morbi vestibulum, velit id pretium iaculis, diam erat fermentum justo, nec condimentum neque sapien placerat ante. Nulla justo.',247,8,9266,40,'Yogurt - French Vanilla',50),(711,'Not Available','Curabitur gravida nisi at nibh. In hac habitasse platea dictumst. Aliquam augue quam, sollicitudin vitae, consectetuer eget, rutrum at, lorem.',394,1,7372,28,'Carroway Seed',50),(712,'Available','Sed ante. Vivamus tortor. Duis mattis egestas metus.',635,2,3438,37,'Beer - Sleemans Honey Brown',50),(713,'Not Available','Maecenas leo odio, condimentum id, luctus nec, molestie sed, justo. Pellentesque viverra pede ac diam. Cras pellentesque volutpat dui.',265,15,3011,6,'Pasta - Angel Hair',50),(714,'Available','Cras non velit nec nisi vulputate nonummy. Maecenas tincidunt lacus at velit. Vivamus vel nulla eget eros elementum pellentesque.',13,3,7492,24,'Galliano',50),(715,'Available','Morbi non lectus. Aliquam sit amet diam in magna bibendum imperdiet. Nullam orci pede, venenatis non, sodales sed, tincidunt eu, felis.',172,20,7780,16,'Soup - Campbells Broccoli',50),(716,'Available','Integer tincidunt ante vel ipsum. Praesent blandit lacinia erat. Vestibulum sed magna at nunc commodo placerat.',675,9,4019,40,'Cheese - Mozzarella',50),(717,'Not Available','Proin leo odio, porttitor id, consequat in, consequat ut, nulla. Sed accumsan felis. Ut at dolor quis odio consequat varius.',404,6,5950,30,'Cassis',50),(718,'Not Available','Praesent id massa id nisl venenatis lacinia. Aenean sit amet justo. Morbi ut odio.',134,14,4009,27,'Bread - Rolls, Rye',50),(719,'Not Available','Praesent id massa id nisl venenatis lacinia. Aenean sit amet justo. Morbi ut odio.',52,13,2344,12,'Wine - Magnotta, Merlot Sr Vqa',50),(720,'Not Available','Nullam sit amet turpis elementum ligula vehicula consequat. Morbi a ipsum. Integer a nibh.',403,11,403,16,'Plasticforkblack',50),(721,'Not Available','Quisque id justo sit amet sapien dignissim vestibulum. Vestibulum ante ipsum primis in faucibus orci luctus et ultrices posuere cubilia Curae; Nulla dapibus dolor vel est. Donec odio justo, sollicitudin ut, suscipit a, feugiat et, eros.',763,12,2397,24,'Potatoes - Purple, Organic',50),(722,'Not Available','Mauris enim leo, rhoncus sed, vestibulum sit amet, cursus id, turpis. Integer aliquet, massa id lobortis convallis, tortor risus dapibus augue, vel accumsan tellus nisi eu orci. Mauris lacinia sapien quis libero.',181,10,4054,8,'Water, Tap',50),(723,'Not Available','Maecenas tristique, est et tempus semper, est quam pharetra magna, ac consequat metus sapien ut nunc. Vestibulum ante ipsum primis in faucibus orci luctus et ultrices posuere cubilia Curae; Mauris viverra diam vitae quam. Suspendisse potenti.',335,17,2623,32,'Squash - Butternut',50),(724,'Not Available','Cum sociis natoque penatibus et magnis dis parturient montes, nascetur ridiculus mus. Vivamus vestibulum sagittis sapien. Cum sociis natoque penatibus et magnis dis parturient montes, nascetur ridiculus mus.',585,5,9305,32,'Pike - Frozen Fillet',50),(725,'Not Available','Lorem ipsum dolor sit amet, consectetuer adipiscing elit. Proin risus. Praesent lectus.',34,7,7492,28,'Beef - Diced',50),(726,'Available','Donec diam neque, vestibulum eget, vulputate ut, ultrices vel, augue. Vestibulum ante ipsum primis in faucibus orci luctus et ultrices posuere cubilia Curae; Donec pharetra, magna vestibulum aliquet ultrices, erat tortor sollicitudin mi, sit amet lobortis sapien sapien non mi. Integer ac neque.',616,18,81,5,'Sauce - Rosee',50),(727,'Not Available','Cras mi pede, malesuada in, imperdiet et, commodo vulputate, justo. In blandit ultrices enim. Lorem ipsum dolor sit amet, consectetuer adipiscing elit.',794,4,1691,17,'Boogies',50),(728,'Not Available','In hac habitasse platea dictumst. Morbi vestibulum, velit id pretium iaculis, diam erat fermentum justo, nec condimentum neque sapien placerat ante. Nulla justo.',219,16,2149,2,'Corn Meal',50),(729,'Available','Sed sagittis. Nam congue, risus semper porta volutpat, quam pede lobortis ligula, sit amet eleifend pede libero quis orci. Nullam molestie nibh in lectus.',784,19,632,2,'Sherry - Dry',50),(730,'Not Available','Vestibulum quam sapien, varius ut, blandit non, interdum in, ante. Vestibulum ante ipsum primis in faucibus orci luctus et ultrices posuere cubilia Curae; Duis faucibus accumsan odio. Curabitur convallis.',24,8,5664,37,'Ice Cream Bar - Drumstick',50),(731,'Available','Sed ante. Vivamus tortor. Duis mattis egestas metus.',20,1,5562,49,'Soup V8 Roasted Red Pepper',50),(732,'Available','Nam ultrices, libero non mattis pulvinar, nulla pede ullamcorper augue, a suscipit nulla elit ac nulla. Sed vel enim sit amet nunc viverra dapibus. Nulla suscipit ligula in lacus.',87,2,4324,16,'Wine - Jackson Triggs Okonagan',50),(733,'Available','Aliquam quis turpis eget elit sodales scelerisque. Mauris sit amet eros. Suspendisse accumsan tortor quis turpis.',545,15,2000,37,'Pastrami',50),(734,'Not Available','In hac habitasse platea dictumst. Morbi vestibulum, velit id pretium iaculis, diam erat fermentum justo, nec condimentum neque sapien placerat ante. Nulla justo.',129,3,8970,49,'Soup - Campbells, Butternut',50),(735,'Available','Cras non velit nec nisi vulputate nonummy. Maecenas tincidunt lacus at velit. Vivamus vel nulla eget eros elementum pellentesque.',383,20,8159,29,'Towel Dispenser',50),(736,'Not Available','Nullam sit amet turpis elementum ligula vehicula consequat. Morbi a ipsum. Integer a nibh.',695,9,3819,7,'Capicola - Hot',50),(737,'Available','Proin leo odio, porttitor id, consequat in, consequat ut, nulla. Sed accumsan felis. Ut at dolor quis odio consequat varius.',389,6,4262,42,'Fruit Mix - Light',50),(738,'Not Available','Curabitur in libero ut massa volutpat convallis. Morbi odio odio, elementum eu, interdum eu, tincidunt in, leo. Maecenas pulvinar lobortis est.',769,14,3600,23,'Ecolab - Power Fusion',50),(739,'Not Available','Aliquam quis turpis eget elit sodales scelerisque. Mauris sit amet eros. Suspendisse accumsan tortor quis turpis.',548,13,4796,17,'Rambutan',50),(740,'Available','Duis bibendum. Morbi non quam nec dui luctus rutrum. Nulla tellus.',601,11,1894,16,'Phyllo Dough',50),(741,'Available','Cras non velit nec nisi vulputate nonummy. Maecenas tincidunt lacus at velit. Vivamus vel nulla eget eros elementum pellentesque.',165,12,9215,33,'Beef - Eye Of Round',50),(742,'Not Available','Cras non velit nec nisi vulputate nonummy. Maecenas tincidunt lacus at velit. Vivamus vel nulla eget eros elementum pellentesque.',268,10,8533,28,'Chocolate - Pistoles, Lactee, Milk',50),(743,'Not Available','Fusce consequat. Nulla nisl. Nunc nisl.',758,17,1483,32,'Monkfish - Fresh',50),(744,'Not Available','Duis bibendum, felis sed interdum venenatis, turpis enim blandit mi, in porttitor pede justo eu massa. Donec dapibus. Duis at velit eu est congue elementum.',197,5,2339,6,'Veal - Inside',50),(745,'Not Available','Maecenas tristique, est et tempus semper, est quam pharetra magna, ac consequat metus sapien ut nunc. Vestibulum ante ipsum primis in faucibus orci luctus et ultrices posuere cubilia Curae; Mauris viverra diam vitae quam. Suspendisse potenti.',132,7,3675,23,'Vegetable - Base',50),(746,'Not Available','Maecenas leo odio, condimentum id, luctus nec, molestie sed, justo. Pellentesque viverra pede ac diam. Cras pellentesque volutpat dui.',119,18,2508,29,'Crackers - Graham',50),(747,'Available','Fusce posuere felis sed lacus. Morbi sem mauris, laoreet ut, rhoncus aliquet, pulvinar sed, nisl. Nunc rhoncus dui vel sem.',652,4,7416,35,'Appetizer - Mango Chevre',50),(748,'Available','Nullam porttitor lacus at turpis. Donec posuere metus vitae ipsum. Aliquam non mauris.',466,16,5984,28,'Mushroom - Porcini, Dry',50),(749,'Not Available','Cras non velit nec nisi vulputate nonummy. Maecenas tincidunt lacus at velit. Vivamus vel nulla eget eros elementum pellentesque.',734,19,7988,16,'Napkin - Beverge, White 2 - Ply',50),(750,'Not Available','Duis bibendum. Morbi non quam nec dui luctus rutrum. Nulla tellus.',760,8,1619,30,'Oil - Pumpkinseed',50),(751,'Available','In congue. Etiam justo. Etiam pretium iaculis justo.',266,1,8696,29,'Flour - Strong Pizza',50),(752,'Available','Aliquam quis turpis eget elit sodales scelerisque. Mauris sit amet eros. Suspendisse accumsan tortor quis turpis.',527,2,7567,32,'Wine - White, Chardonnay',50),(753,'Not Available','Integer tincidunt ante vel ipsum. Praesent blandit lacinia erat. Vestibulum sed magna at nunc commodo placerat.',492,15,5023,24,'Crawfish',50),(754,'Available','Donec diam neque, vestibulum eget, vulputate ut, ultrices vel, augue. Vestibulum ante ipsum primis in faucibus orci luctus et ultrices posuere cubilia Curae; Donec pharetra, magna vestibulum aliquet ultrices, erat tortor sollicitudin mi, sit amet lobortis sapien sapien non mi. Integer ac neque.',76,3,4599,29,'Cheese - Asiago',50),(755,'Available','Sed ante. Vivamus tortor. Duis mattis egestas metus.',42,20,5249,44,'Yogurt - Cherry, 175 Gr',50),(756,'Available','Etiam vel augue. Vestibulum rutrum rutrum neque. Aenean auctor gravida sem.',254,9,5907,40,'Squid U5 - Thailand',50),(757,'Available','In hac habitasse platea dictumst. Morbi vestibulum, velit id pretium iaculis, diam erat fermentum justo, nec condimentum neque sapien placerat ante. Nulla justo.',26,6,4584,9,'Sobe - Berry Energy',50),(758,'Not Available','Aenean lectus. Pellentesque eget nunc. Donec quis orci eget orci vehicula condimentum.',380,14,27,17,'Wine - Sicilia Igt Nero Avola',50),(759,'Available','Quisque id justo sit amet sapien dignissim vestibulum. Vestibulum ante ipsum primis in faucibus orci luctus et ultrices posuere cubilia Curae; Nulla dapibus dolor vel est. Donec odio justo, sollicitudin ut, suscipit a, feugiat et, eros.',334,13,7121,6,'Chilli Paste, Ginger Garlic',50),(760,'Not Available','Curabitur gravida nisi at nibh. In hac habitasse platea dictumst. Aliquam augue quam, sollicitudin vitae, consectetuer eget, rutrum at, lorem.',439,11,7035,17,'Carbonated Water - Wildberry',50),(761,'Available','In sagittis dui vel nisl. Duis ac nibh. Fusce lacus purus, aliquet at, feugiat non, pretium quis, lectus.',237,12,1288,2,'Pan Grease',50),(762,'Not Available','Lorem ipsum dolor sit amet, consectetuer adipiscing elit. Proin risus. Praesent lectus.',108,10,5986,28,'Flour - Semolina',50),(763,'Not Available','Fusce posuere felis sed lacus. Morbi sem mauris, laoreet ut, rhoncus aliquet, pulvinar sed, nisl. Nunc rhoncus dui vel sem.',566,17,1436,42,'Eggwhite Frozen',50),(764,'Not Available','Curabitur gravida nisi at nibh. In hac habitasse platea dictumst. Aliquam augue quam, sollicitudin vitae, consectetuer eget, rutrum at, lorem.',559,5,3343,30,'Instant Coffee',50),(765,'Available','Duis bibendum. Morbi non quam nec dui luctus rutrum. Nulla tellus.',87,7,6804,29,'Bagel - Everything',50),(766,'Not Available','Etiam vel augue. Vestibulum rutrum rutrum neque. Aenean auctor gravida sem.',142,18,7291,5,'Cheese - Woolwich Goat, Log',50),(767,'Available','Quisque id justo sit amet sapien dignissim vestibulum. Vestibulum ante ipsum primis in faucibus orci luctus et ultrices posuere cubilia Curae; Nulla dapibus dolor vel est. Donec odio justo, sollicitudin ut, suscipit a, feugiat et, eros.',581,4,8076,28,'Beans - Wax',50),(768,'Not Available','Pellentesque at nulla. Suspendisse potenti. Cras in purus eu magna vulputate luctus.',510,16,636,2,'Wine - Sauvignon Blanc Oyster',50),(769,'Available','Pellentesque at nulla. Suspendisse potenti. Cras in purus eu magna vulputate luctus.',579,19,3680,42,'Bols Melon Liqueur',50),(770,'Not Available','Maecenas tristique, est et tempus semper, est quam pharetra magna, ac consequat metus sapien ut nunc. Vestibulum ante ipsum primis in faucibus orci luctus et ultrices posuere cubilia Curae; Mauris viverra diam vitae quam. Suspendisse potenti.',394,8,2394,25,'Doilies - 10, Paper',50),(771,'Available','Curabitur gravida nisi at nibh. In hac habitasse platea dictumst. Aliquam augue quam, sollicitudin vitae, consectetuer eget, rutrum at, lorem.',701,1,4295,28,'Nut - Almond, Blanched, Whole',50),(772,'Available','Pellentesque at nulla. Suspendisse potenti. Cras in purus eu magna vulputate luctus.',786,2,7978,23,'Easy Off Oven Cleaner',50),(773,'Not Available','Curabitur at ipsum ac tellus semper interdum. Mauris ullamcorper purus sit amet nulla. Quisque arcu libero, rutrum ac, lobortis vel, dapibus at, diam.',209,15,3773,9,'Veal - Slab Bacon',50),(774,'Available','Etiam vel augue. Vestibulum rutrum rutrum neque. Aenean auctor gravida sem.',727,3,8773,1,'Magnotta - Bel Paese White',50),(775,'Available','Quisque id justo sit amet sapien dignissim vestibulum. Vestibulum ante ipsum primis in faucibus orci luctus et ultrices posuere cubilia Curae; Nulla dapibus dolor vel est. Donec odio justo, sollicitudin ut, suscipit a, feugiat et, eros.',271,20,5594,23,'Blue Curacao - Marie Brizard',50),(776,'Not Available','Duis bibendum. Morbi non quam nec dui luctus rutrum. Nulla tellus.',312,9,5002,27,'Corn - Mini',50),(777,'Not Available','Duis bibendum, felis sed interdum venenatis, turpis enim blandit mi, in porttitor pede justo eu massa. Donec dapibus. Duis at velit eu est congue elementum.',342,6,7538,33,'Foil - Round Foil',50),(778,'Not Available','Cras non velit nec nisi vulputate nonummy. Maecenas tincidunt lacus at velit. Vivamus vel nulla eget eros elementum pellentesque.',243,14,5959,35,'Sprouts - Bean',50),(779,'Not Available','Maecenas ut massa quis augue luctus tincidunt. Nulla mollis molestie lorem. Quisque ut erat.',256,13,6406,49,'Truffle Paste',50),(780,'Available','Vestibulum ac est lacinia nisi venenatis tristique. Fusce congue, diam id ornare imperdiet, sapien urna pretium nisl, ut volutpat sapien arcu sed augue. Aliquam erat volutpat.',542,11,1157,12,'Puree - Pear',50),(781,'Available','Vestibulum ac est lacinia nisi venenatis tristique. Fusce congue, diam id ornare imperdiet, sapien urna pretium nisl, ut volutpat sapien arcu sed augue. Aliquam erat volutpat.',32,12,8980,30,'Foil - Round Foil',50),(782,'Available','Etiam vel augue. Vestibulum rutrum rutrum neque. Aenean auctor gravida sem.',373,10,9010,30,'Crab - Meat',50),(783,'Available','Quisque id justo sit amet sapien dignissim vestibulum. Vestibulum ante ipsum primis in faucibus orci luctus et ultrices posuere cubilia Curae; Nulla dapibus dolor vel est. Donec odio justo, sollicitudin ut, suscipit a, feugiat et, eros.',133,17,8017,48,'Wine - Chablis J Moreau Et Fils',50),(784,'Not Available','Nam ultrices, libero non mattis pulvinar, nulla pede ullamcorper augue, a suscipit nulla elit ac nulla. Sed vel enim sit amet nunc viverra dapibus. Nulla suscipit ligula in lacus.',262,5,3806,25,'Energy Drink',50),(785,'Not Available','Vestibulum quam sapien, varius ut, blandit non, interdum in, ante. Vestibulum ante ipsum primis in faucibus orci luctus et ultrices posuere cubilia Curae; Duis faucibus accumsan odio. Curabitur convallis.',429,7,6030,28,'Compound - Mocha',50),(786,'Not Available','Integer ac leo. Pellentesque ultrices mattis odio. Donec vitae nisi.',446,18,5818,4,'Squash - Sunburst',50),(787,'Available','Cras non velit nec nisi vulputate nonummy. Maecenas tincidunt lacus at velit. Vivamus vel nulla eget eros elementum pellentesque.',718,4,1436,17,'Beef - Flank Steak',50),(788,'Available','Proin interdum mauris non ligula pellentesque ultrices. Phasellus id sapien in sapien iaculis congue. Vivamus metus arcu, adipiscing molestie, hendrerit at, vulputate vitae, nisl.',252,16,6157,49,'Dome Lid Clear P92008h',50),(789,'Available','Proin eu mi. Nulla ac enim. In tempor, turpis nec euismod scelerisque, quam turpis adipiscing lorem, vitae mattis nibh ligula nec sem.',248,19,4796,40,'Beef - Ground Medium',50),(790,'Available','Maecenas ut massa quis augue luctus tincidunt. Nulla mollis molestie lorem. Quisque ut erat.',486,8,376,9,'Lentils - Red, Dry',50),(791,'Available','Praesent blandit. Nam nulla. Integer pede justo, lacinia eget, tincidunt eget, tempus vel, pede.',142,1,2796,37,'Spoon - Soup, Plastic',50),(792,'Not Available','Nullam sit amet turpis elementum ligula vehicula consequat. Morbi a ipsum. Integer a nibh.',723,2,3967,6,'Whmis Spray Bottle Graduated',50),(793,'Not Available','Maecenas tristique, est et tempus semper, est quam pharetra magna, ac consequat metus sapien ut nunc. Vestibulum ante ipsum primis in faucibus orci luctus et ultrices posuere cubilia Curae; Mauris viverra diam vitae quam. Suspendisse potenti.',585,15,2364,6,'Sobe - Berry Energy',50),(794,'Available','Proin interdum mauris non ligula pellentesque ultrices. Phasellus id sapien in sapien iaculis congue. Vivamus metus arcu, adipiscing molestie, hendrerit at, vulputate vitae, nisl.',610,3,8754,25,'Chips Potato Reg 43g',50),(795,'Not Available','In congue. Etiam justo. Etiam pretium iaculis justo.',565,20,1288,30,'Cherries - Maraschino,jar',50),(796,'Available','Donec diam neque, vestibulum eget, vulputate ut, ultrices vel, augue. Vestibulum ante ipsum primis in faucibus orci luctus et ultrices posuere cubilia Curae; Donec pharetra, magna vestibulum aliquet ultrices, erat tortor sollicitudin mi, sit amet lobortis sapien sapien non mi. Integer ac neque.',123,9,5374,7,'Mix - Cappucino Cocktail',50),(797,'Not Available','Morbi porttitor lorem id ligula. Suspendisse ornare consequat lectus. In est risus, auctor sed, tristique in, tempus sit amet, sem.',504,6,6566,4,'Mousse - Mango',50),(798,'Available','In sagittis dui vel nisl. Duis ac nibh. Fusce lacus purus, aliquet at, feugiat non, pretium quis, lectus.',375,14,3708,6,'Sweet Pea Sprouts',50),(799,'Available','Nulla ut erat id mauris vulputate elementum. Nullam varius. Nulla facilisi.',567,13,6899,6,'Island Oasis - Pina Colada',50),(800,'Available','Fusce consequat. Nulla nisl. Nunc nisl.',265,11,7438,48,'Chinese Foods - Thick Noodles',50),(801,'Available','Mauris enim leo, rhoncus sed, vestibulum sit amet, cursus id, turpis. Integer aliquet, massa id lobortis convallis, tortor risus dapibus augue, vel accumsan tellus nisi eu orci. Mauris lacinia sapien quis libero.',251,12,896,5,'Soup - Campbells',50),(802,'Not Available','Praesent id massa id nisl venenatis lacinia. Aenean sit amet justo. Morbi ut odio.',294,10,8393,32,'Pasta - Fett Alfredo, Single Serve',50),(803,'Available','Nullam porttitor lacus at turpis. Donec posuere metus vitae ipsum. Aliquam non mauris.',227,17,1276,23,'Oil - Grapeseed Oil',50),(804,'Available','Aenean fermentum. Donec ut mauris eget massa tempor convallis. Nulla neque libero, convallis eget, eleifend luctus, ultricies eu, nibh.',714,5,2926,40,'Energy Drink',50),(805,'Available','Morbi porttitor lorem id ligula. Suspendisse ornare consequat lectus. In est risus, auctor sed, tristique in, tempus sit amet, sem.',56,7,7497,28,'Wine - Zonnebloem Pinotage',50),(806,'Not Available','In hac habitasse platea dictumst. Morbi vestibulum, velit id pretium iaculis, diam erat fermentum justo, nec condimentum neque sapien placerat ante. Nulla justo.',562,18,8460,34,'Duck - Breast',50),(807,'Not Available','Nam ultrices, libero non mattis pulvinar, nulla pede ullamcorper augue, a suscipit nulla elit ac nulla. Sed vel enim sit amet nunc viverra dapibus. Nulla suscipit ligula in lacus.',702,4,8092,40,'Cattail Hearts',50),(808,'Available','Quisque id justo sit amet sapien dignissim vestibulum. Vestibulum ante ipsum primis in faucibus orci luctus et ultrices posuere cubilia Curae; Nulla dapibus dolor vel est. Donec odio justo, sollicitudin ut, suscipit a, feugiat et, eros.',757,16,25,5,'Dill Weed - Fresh',50),(809,'Not Available','Sed ante. Vivamus tortor. Duis mattis egestas metus.',574,19,315,23,'Water - Perrier',50),(810,'Available','In quis justo. Maecenas rhoncus aliquam lacus. Morbi quis tortor id nulla ultrices aliquet.',766,8,2413,7,'Chocolate Bar - Coffee Crisp',50),(811,'Not Available','Curabitur gravida nisi at nibh. In hac habitasse platea dictumst. Aliquam augue quam, sollicitudin vitae, consectetuer eget, rutrum at, lorem.',788,1,4591,25,'Danishes - Mini Cheese',50),(812,'Available','Aliquam quis turpis eget elit sodales scelerisque. Mauris sit amet eros. Suspendisse accumsan tortor quis turpis.',687,2,4399,17,'Tofu - Firm',50),(813,'Available','In hac habitasse platea dictumst. Morbi vestibulum, velit id pretium iaculis, diam erat fermentum justo, nec condimentum neque sapien placerat ante. Nulla justo.',552,15,585,12,'Cheese - Brick With Pepper',50),(814,'Not Available','Vestibulum quam sapien, varius ut, blandit non, interdum in, ante. Vestibulum ante ipsum primis in faucibus orci luctus et ultrices posuere cubilia Curae; Duis faucibus accumsan odio. Curabitur convallis.',373,3,8950,30,'Truffle - Whole Black Peeled',50),(815,'Not Available','Aliquam quis turpis eget elit sodales scelerisque. Mauris sit amet eros. Suspendisse accumsan tortor quis turpis.',103,20,4899,13,'Foam Espresso Cup Plain White',50),(816,'Available','Cum sociis natoque penatibus et magnis dis parturient montes, nascetur ridiculus mus. Vivamus vestibulum sagittis sapien. Cum sociis natoque penatibus et magnis dis parturient montes, nascetur ridiculus mus.',325,9,4139,21,'Tomato - Peeled Italian Canned',50),(817,'Available','Duis bibendum. Morbi non quam nec dui luctus rutrum. Nulla tellus.',777,6,8699,44,'Cookies - Oreo, 4 Pack',50),(818,'Available','Morbi porttitor lorem id ligula. Suspendisse ornare consequat lectus. In est risus, auctor sed, tristique in, tempus sit amet, sem.',202,14,2439,49,'Cherries - Frozen',50),(819,'Not Available','Donec diam neque, vestibulum eget, vulputate ut, ultrices vel, augue. Vestibulum ante ipsum primis in faucibus orci luctus et ultrices posuere cubilia Curae; Donec pharetra, magna vestibulum aliquet ultrices, erat tortor sollicitudin mi, sit amet lobortis sapien sapien non mi. Integer ac neque.',405,13,4399,17,'Bread - Italian Roll With Herbs',50),(820,'Available','Praesent blandit. Nam nulla. Integer pede justo, lacinia eget, tincidunt eget, tempus vel, pede.',440,11,6020,37,'Chocolate - Sugar Free Semi Choc',50),(821,'Available','In hac habitasse platea dictumst. Etiam faucibus cursus urna. Ut tellus.',238,12,9786,30,'Coriander - Seed',50),(822,'Available','Sed sagittis. Nam congue, risus semper porta volutpat, quam pede lobortis ligula, sit amet eleifend pede libero quis orci. Nullam molestie nibh in lectus.',778,10,9388,37,'Wine - Red, Colio Cabernet',50),(823,'Not Available','Duis consequat dui nec nisi volutpat eleifend. Donec ut dolor. Morbi vel lectus in quam fringilla rhoncus.',249,17,1439,24,'Bread - Bagels, Mini',50),(824,'Available','Nullam sit amet turpis elementum ligula vehicula consequat. Morbi a ipsum. Integer a nibh.',640,5,7897,8,'Arizona - Green Tea',50),(825,'Available','Curabitur in libero ut massa volutpat convallis. Morbi odio odio, elementum eu, interdum eu, tincidunt in, leo. Maecenas pulvinar lobortis est.',745,7,2804,28,'Wine - Blue Nun Qualitatswein',50),(826,'Available','Vestibulum quam sapien, varius ut, blandit non, interdum in, ante. Vestibulum ante ipsum primis in faucibus orci luctus et ultrices posuere cubilia Curae; Duis faucibus accumsan odio. Curabitur convallis.',434,18,7375,44,'Muffin Mix - Raisin Bran',50),(827,'Not Available','Praesent id massa id nisl venenatis lacinia. Aenean sit amet justo. Morbi ut odio.',780,4,1641,30,'Sachet',50),(828,'Not Available','Maecenas leo odio, condimentum id, luctus nec, molestie sed, justo. Pellentesque viverra pede ac diam. Cras pellentesque volutpat dui.',415,16,6566,5,'Lettuce - Sea / Sea Asparagus',50),(829,'Not Available','Phasellus in felis. Donec semper sapien a libero. Nam dui.',50,19,3871,5,'Foil - 4oz Custard Cup',50),(830,'Not Available','Morbi porttitor lorem id ligula. Suspendisse ornare consequat lectus. In est risus, auctor sed, tristique in, tempus sit amet, sem.',742,8,6054,35,'Eggs - Extra Large',50),(831,'Not Available','In congue. Etiam justo. Etiam pretium iaculis justo.',352,1,6600,1,'Straw - Regular',50),(832,'Not Available','Aliquam quis turpis eget elit sodales scelerisque. Mauris sit amet eros. Suspendisse accumsan tortor quis turpis.',130,2,9659,17,'Pasta - Lasagna Noodle, Frozen',50),(833,'Not Available','Cras non velit nec nisi vulputate nonummy. Maecenas tincidunt lacus at velit. Vivamus vel nulla eget eros elementum pellentesque.',571,15,8204,40,'Chinese Lemon Pork',50),(834,'Not Available','Proin interdum mauris non ligula pellentesque ultrices. Phasellus id sapien in sapien iaculis congue. Vivamus metus arcu, adipiscing molestie, hendrerit at, vulputate vitae, nisl.',172,3,8071,2,'Juice - Orange, Concentrate',50),(835,'Not Available','Praesent blandit. Nam nulla. Integer pede justo, lacinia eget, tincidunt eget, tempus vel, pede.',23,20,2520,32,'Vinegar - White',50),(836,'Available','Etiam vel augue. Vestibulum rutrum rutrum neque. Aenean auctor gravida sem.',163,9,797,5,'Truffle Cups - Brown',50),(837,'Available','In hac habitasse platea dictumst. Morbi vestibulum, velit id pretium iaculis, diam erat fermentum justo, nec condimentum neque sapien placerat ante. Nulla justo.',258,6,4567,17,'Veal - Heart',50),(838,'Not Available','Aliquam quis turpis eget elit sodales scelerisque. Mauris sit amet eros. Suspendisse accumsan tortor quis turpis.',47,14,6787,27,'Daves Island Stinger',50),(839,'Available','Proin leo odio, porttitor id, consequat in, consequat ut, nulla. Sed accumsan felis. Ut at dolor quis odio consequat varius.',41,13,2826,21,'Octopus - Baby, Cleaned',50),(840,'Not Available','Sed ante. Vivamus tortor. Duis mattis egestas metus.',672,11,8489,1,'Asparagus - Frozen',50),(841,'Available','Duis consequat dui nec nisi volutpat eleifend. Donec ut dolor. Morbi vel lectus in quam fringilla rhoncus.',366,12,3993,5,'Sauce - Bernaise, Mix',50),(842,'Available','Maecenas ut massa quis augue luctus tincidunt. Nulla mollis molestie lorem. Quisque ut erat.',496,10,1439,25,'Cheese - Feta',50),(843,'Not Available','Integer tincidunt ante vel ipsum. Praesent blandit lacinia erat. Vestibulum sed magna at nunc commodo placerat.',709,17,3381,7,'Banana - Green',50),(844,'Available','Mauris enim leo, rhoncus sed, vestibulum sit amet, cursus id, turpis. Integer aliquet, massa id lobortis convallis, tortor risus dapibus augue, vel accumsan tellus nisi eu orci. Mauris lacinia sapien quis libero.',683,5,5818,48,'Bread - Hot Dog Buns',50),(845,'Available','Phasellus sit amet erat. Nulla tempus. Vivamus in felis eu sapien cursus vestibulum.',694,7,9516,9,'Spaghetti Squash',50),(846,'Available','In sagittis dui vel nisl. Duis ac nibh. Fusce lacus purus, aliquet at, feugiat non, pretium quis, lectus.',392,18,7182,6,'Blouse / Shirt / Sweater',50),(847,'Available','Duis bibendum. Morbi non quam nec dui luctus rutrum. Nulla tellus.',217,4,4808,44,'Lettuce - Escarole',50),(848,'Available','Morbi non lectus. Aliquam sit amet diam in magna bibendum imperdiet. Nullam orci pede, venenatis non, sodales sed, tincidunt eu, felis.',27,16,6737,8,'Ice Cream Bar - Hagen Daz',50),(849,'Available','Sed sagittis. Nam congue, risus semper porta volutpat, quam pede lobortis ligula, sit amet eleifend pede libero quis orci. Nullam molestie nibh in lectus.',45,19,3104,17,'Orange Roughy 4/6 Oz',50),(850,'Available','Proin interdum mauris non ligula pellentesque ultrices. Phasellus id sapien in sapien iaculis congue. Vivamus metus arcu, adipiscing molestie, hendrerit at, vulputate vitae, nisl.',112,8,5594,40,'Red Currants',50),(851,'Not Available','Cum sociis natoque penatibus et magnis dis parturient montes, nascetur ridiculus mus. Vivamus vestibulum sagittis sapien. Cum sociis natoque penatibus et magnis dis parturient montes, nascetur ridiculus mus.',573,1,967,40,'Yoghurt Tubes',50),(852,'Available','Sed sagittis. Nam congue, risus semper porta volutpat, quam pede lobortis ligula, sit amet eleifend pede libero quis orci. Nullam molestie nibh in lectus.',40,2,9276,48,'Pasta - Rotini, Colour, Dry',50),(853,'Not Available','Fusce posuere felis sed lacus. Morbi sem mauris, laoreet ut, rhoncus aliquet, pulvinar sed, nisl. Nunc rhoncus dui vel sem.',169,15,3017,28,'Beer - Upper Canada Light',50),(854,'Not Available','Curabitur at ipsum ac tellus semper interdum. Mauris ullamcorper purus sit amet nulla. Quisque arcu libero, rutrum ac, lobortis vel, dapibus at, diam.',495,3,9369,35,'Crawfish',50),(855,'Available','Proin eu mi. Nulla ac enim. In tempor, turpis nec euismod scelerisque, quam turpis adipiscing lorem, vitae mattis nibh ligula nec sem.',152,20,3659,1,'Chinese Foods - Cantonese',50),(856,'Not Available','Maecenas ut massa quis augue luctus tincidunt. Nulla mollis molestie lorem. Quisque ut erat.',237,9,1977,12,'Veal - Kidney',50),(857,'Not Available','Lorem ipsum dolor sit amet, consectetuer adipiscing elit. Proin risus. Praesent lectus.',255,6,3891,32,'Plasticknivesblack',50),(858,'Available','Nam ultrices, libero non mattis pulvinar, nulla pede ullamcorper augue, a suscipit nulla elit ac nulla. Sed vel enim sit amet nunc viverra dapibus. Nulla suscipit ligula in lacus.',584,14,8493,16,'Vinegar - Champagne',50),(859,'Available','In congue. Etiam justo. Etiam pretium iaculis justo.',207,13,5245,5,'Sorrel - Fresh',50),(860,'Available','Curabitur gravida nisi at nibh. In hac habitasse platea dictumst. Aliquam augue quam, sollicitudin vitae, consectetuer eget, rutrum at, lorem.',123,11,2394,30,'Parsnip',50),(861,'Not Available','Praesent id massa id nisl venenatis lacinia. Aenean sit amet justo. Morbi ut odio.',799,12,6259,49,'Water - Spring Water 500ml',50),(862,'Available','Aliquam quis turpis eget elit sodales scelerisque. Mauris sit amet eros. Suspendisse accumsan tortor quis turpis.',247,10,7721,28,'Grapes - Black',50),(863,'Not Available','Maecenas ut massa quis augue luctus tincidunt. Nulla mollis molestie lorem. Quisque ut erat.',630,17,315,30,'Container - Foam Dixie 12 Oz',50),(864,'Available','Curabitur in libero ut massa volutpat convallis. Morbi odio odio, elementum eu, interdum eu, tincidunt in, leo. Maecenas pulvinar lobortis est.',642,5,2942,6,'Lotus Rootlets - Canned',50),(865,'Not Available','Nam ultrices, libero non mattis pulvinar, nulla pede ullamcorper augue, a suscipit nulla elit ac nulla. Sed vel enim sit amet nunc viverra dapibus. Nulla suscipit ligula in lacus.',466,7,8004,42,'Yokaline',50),(866,'Not Available','Nam ultrices, libero non mattis pulvinar, nulla pede ullamcorper augue, a suscipit nulla elit ac nulla. Sed vel enim sit amet nunc viverra dapibus. Nulla suscipit ligula in lacus.',176,18,2269,28,'Trout - Smoked',50),(867,'Available','In quis justo. Maecenas rhoncus aliquam lacus. Morbi quis tortor id nulla ultrices aliquet.',729,4,8499,2,'Cocoa Butter',50),(868,'Available','Curabitur in libero ut massa volutpat convallis. Morbi odio odio, elementum eu, interdum eu, tincidunt in, leo. Maecenas pulvinar lobortis est.',109,16,6380,27,'Olives - Black, Pitted',50),(869,'Available','Donec diam neque, vestibulum eget, vulputate ut, ultrices vel, augue. Vestibulum ante ipsum primis in faucibus orci luctus et ultrices posuere cubilia Curae; Donec pharetra, magna vestibulum aliquet ultrices, erat tortor sollicitudin mi, sit amet lobortis sapien sapien non mi. Integer ac neque.',462,19,9285,37,'Cookies - Englishbay Oatmeal',50),(870,'Available','Suspendisse potenti. In eleifend quam a odio. In hac habitasse platea dictumst.',91,8,2842,17,'Juice - Ocean Spray Kiwi',50),(871,'Not Available','In hac habitasse platea dictumst. Etiam faucibus cursus urna. Ut tellus.',46,1,7375,17,'Pasta - Fusili Tri - Coloured',50),(872,'Available','Curabitur gravida nisi at nibh. In hac habitasse platea dictumst. Aliquam augue quam, sollicitudin vitae, consectetuer eget, rutrum at, lorem.',27,2,2521,42,'Cheese - Comtomme',50),(873,'Not Available','Morbi porttitor lorem id ligula. Suspendisse ornare consequat lectus. In est risus, auctor sed, tristique in, tempus sit amet, sem.',690,15,7120,21,'Molasses - Fancy',50),(874,'Not Available','Lorem ipsum dolor sit amet, consectetuer adipiscing elit. Proin risus. Praesent lectus.',792,3,9990,24,'Cherries - Fresh',50),(875,'Not Available','Praesent blandit. Nam nulla. Integer pede justo, lacinia eget, tincidunt eget, tempus vel, pede.',145,20,1576,42,'Wine - Hardys Bankside Shiraz',50),(876,'Available','In hac habitasse platea dictumst. Etiam faucibus cursus urna. Ut tellus.',9,9,8863,23,'Phyllo Dough',50),(877,'Not Available','Curabitur in libero ut massa volutpat convallis. Morbi odio odio, elementum eu, interdum eu, tincidunt in, leo. Maecenas pulvinar lobortis est.',376,6,1483,49,'Pie Shell - 9',50),(878,'Not Available','Proin leo odio, porttitor id, consequat in, consequat ut, nulla. Sed accumsan felis. Ut at dolor quis odio consequat varius.',772,14,499,9,'Soup Campbells Split Pea And Ham',50),(879,'Not Available','Duis aliquam convallis nunc. Proin at turpis a pede posuere nonummy. Integer non velit.',563,13,2344,5,'Bread - Olive',50),(880,'Not Available','Nam ultrices, libero non mattis pulvinar, nulla pede ullamcorper augue, a suscipit nulla elit ac nulla. Sed vel enim sit amet nunc viverra dapibus. Nulla suscipit ligula in lacus.',684,11,5054,33,'Bread - Multigrain Oval',50),(881,'Not Available','Aenean lectus. Pellentesque eget nunc. Donec quis orci eget orci vehicula condimentum.',692,12,5802,12,'Tomato Puree',50),(882,'Available','Maecenas tristique, est et tempus semper, est quam pharetra magna, ac consequat metus sapien ut nunc. Vestibulum ante ipsum primis in faucibus orci luctus et ultrices posuere cubilia Curae; Mauris viverra diam vitae quam. Suspendisse potenti.',591,10,5859,24,'Soup - Campbells Chili Veg',50),(883,'Available','Cras non velit nec nisi vulputate nonummy. Maecenas tincidunt lacus at velit. Vivamus vel nulla eget eros elementum pellentesque.',702,17,5626,4,'Plasticforkblack',50),(884,'Available','Cum sociis natoque penatibus et magnis dis parturient montes, nascetur ridiculus mus. Vivamus vestibulum sagittis sapien. Cum sociis natoque penatibus et magnis dis parturient montes, nascetur ridiculus mus.',247,5,3845,48,'Pepsi - 600ml',50),(885,'Available','Duis aliquam convallis nunc. Proin at turpis a pede posuere nonummy. Integer non velit.',65,7,1069,42,'Bandage - Finger Cots',50),(886,'Available','Nam ultrices, libero non mattis pulvinar, nulla pede ullamcorper augue, a suscipit nulla elit ac nulla. Sed vel enim sit amet nunc viverra dapibus. Nulla suscipit ligula in lacus.',166,18,322,28,'Corn - On The Cob',50),(887,'Available','Etiam vel augue. Vestibulum rutrum rutrum neque. Aenean auctor gravida sem.',705,4,1938,9,'Mushroom - Shitake, Dry',50),(888,'Available','Fusce consequat. Nulla nisl. Nunc nisl.',222,16,9469,6,'Milk Powder',50),(889,'Available','Duis consequat dui nec nisi volutpat eleifend. Donec ut dolor. Morbi vel lectus in quam fringilla rhoncus.',787,19,7897,6,'Salt - Kosher',50),(890,'Available','Nullam porttitor lacus at turpis. Donec posuere metus vitae ipsum. Aliquam non mauris.',54,8,7104,27,'Beef - Striploin Aa',50),(891,'Available','Maecenas leo odio, condimentum id, luctus nec, molestie sed, justo. Pellentesque viverra pede ac diam. Cras pellentesque volutpat dui.',229,1,9276,40,'Milk 2% 500 Ml',50),(892,'Available','Curabitur in libero ut massa volutpat convallis. Morbi odio odio, elementum eu, interdum eu, tincidunt in, leo. Maecenas pulvinar lobortis est.',384,2,6665,40,'Wine - Wyndham Estate Bin 777',50),(893,'Available','Quisque porta volutpat erat. Quisque erat eros, viverra eget, congue eget, semper rutrum, nulla. Nunc purus.',731,15,1164,6,'Soup - Campbells, Creamy',50),(894,'Not Available','Lorem ipsum dolor sit amet, consectetuer adipiscing elit. Proin risus. Praesent lectus.',619,3,2764,6,'Temperature Recording Station',50),(895,'Available','Maecenas tristique, est et tempus semper, est quam pharetra magna, ac consequat metus sapien ut nunc. Vestibulum ante ipsum primis in faucibus orci luctus et ultrices posuere cubilia Curae; Mauris viverra diam vitae quam. Suspendisse potenti.',200,20,3173,47,'Cocoa Powder - Dutched',50),(896,'Not Available','Fusce consequat. Nulla nisl. Nunc nisl.',252,9,9639,40,'Apples - Sliced / Wedge',50),(897,'Not Available','Mauris enim leo, rhoncus sed, vestibulum sit amet, cursus id, turpis. Integer aliquet, massa id lobortis convallis, tortor risus dapibus augue, vel accumsan tellus nisi eu orci. Mauris lacinia sapien quis libero.',681,6,4346,5,'Salmon Steak - Cohoe 8 Oz',50),(898,'Available','Cras non velit nec nisi vulputate nonummy. Maecenas tincidunt lacus at velit. Vivamus vel nulla eget eros elementum pellentesque.',483,14,6971,30,'Olives - Stuffed',50),(899,'Available','Cras mi pede, malesuada in, imperdiet et, commodo vulputate, justo. In blandit ultrices enim. Lorem ipsum dolor sit amet, consectetuer adipiscing elit.',633,13,3066,24,'Wine - Gato Negro Cabernet',50),(900,'Not Available','In congue. Etiam justo. Etiam pretium iaculis justo.',68,11,6423,21,'Puree - Blackcurrant',50),(901,'Available','Suspendisse potenti. In eleifend quam a odio. In hac habitasse platea dictumst.',677,12,1647,25,'Oil - Olive, Extra Virgin',50),(902,'Available','Nullam sit amet turpis elementum ligula vehicula consequat. Morbi a ipsum. Integer a nibh.',111,10,4642,42,'Port - 74 Brights',50),(903,'Not Available','Integer tincidunt ante vel ipsum. Praesent blandit lacinia erat. Vestibulum sed magna at nunc commodo placerat.',790,17,4899,28,'Seedlings - Clamshell',50),(904,'Not Available','Duis aliquam convallis nunc. Proin at turpis a pede posuere nonummy. Integer non velit.',198,5,6240,35,'Momiji Oroshi Chili Sauce',50),(905,'Not Available','Morbi non lectus. Aliquam sit amet diam in magna bibendum imperdiet. Nullam orci pede, venenatis non, sodales sed, tincidunt eu, felis.',364,7,6856,9,'Rabbit - Frozen',50),(906,'Not Available','Vestibulum ac est lacinia nisi venenatis tristique. Fusce congue, diam id ornare imperdiet, sapien urna pretium nisl, ut volutpat sapien arcu sed augue. Aliquam erat volutpat.',143,18,1455,21,'Pork - Tenderloin, Fresh',50),(907,'Not Available','Sed ante. Vivamus tortor. Duis mattis egestas metus.',464,4,555,49,'Lemon Pepper',50),(908,'Available','Fusce posuere felis sed lacus. Morbi sem mauris, laoreet ut, rhoncus aliquet, pulvinar sed, nisl. Nunc rhoncus dui vel sem.',428,16,2964,35,'Chicken - Wings, Tip Off',50),(909,'Not Available','Praesent id massa id nisl venenatis lacinia. Aenean sit amet justo. Morbi ut odio.',637,19,9878,28,'Pork Loin Cutlets',50),(910,'Not Available','Curabitur gravida nisi at nibh. In hac habitasse platea dictumst. Aliquam augue quam, sollicitudin vitae, consectetuer eget, rutrum at, lorem.',786,8,9911,40,'Wine - White, Ej',50),(911,'Available','Vestibulum quam sapien, varius ut, blandit non, interdum in, ante. Vestibulum ante ipsum primis in faucibus orci luctus et ultrices posuere cubilia Curae; Duis faucibus accumsan odio. Curabitur convallis.',422,1,9305,40,'Bread - Flat Bread',50),(912,'Not Available','Morbi porttitor lorem id ligula. Suspendisse ornare consequat lectus. In est risus, auctor sed, tristique in, tempus sit amet, sem.',418,2,319,27,'Bread Ww Cluster',50),(913,'Not Available','Fusce consequat. Nulla nisl. Nunc nisl.',66,15,7547,40,'Pail With Metal Handle 16l White',50),(914,'Not Available','Maecenas leo odio, condimentum id, luctus nec, molestie sed, justo. Pellentesque viverra pede ac diam. Cras pellentesque volutpat dui.',524,3,1641,4,'Mcguinness - Blue Curacao',50),(915,'Not Available','Duis bibendum. Morbi non quam nec dui luctus rutrum. Nulla tellus.',626,20,2802,9,'Cilantro / Coriander - Fresh',50),(916,'Available','Lorem ipsum dolor sit amet, consectetuer adipiscing elit. Proin risus. Praesent lectus.',247,9,4594,5,'Broom And Brush Rack Black',50),(917,'Available','Nulla ut erat id mauris vulputate elementum. Nullam varius. Nulla facilisi.',582,6,3438,28,'Aspic - Amber',50),(918,'Available','Integer tincidunt ante vel ipsum. Praesent blandit lacinia erat. Vestibulum sed magna at nunc commodo placerat.',766,14,5599,12,'Wine - Chablis J Moreau Et Fils',50),(919,'Available','Curabitur at ipsum ac tellus semper interdum. Mauris ullamcorper purus sit amet nulla. Quisque arcu libero, rutrum ac, lobortis vel, dapibus at, diam.',196,13,3010,40,'Puree - Raspberry',50),(920,'Not Available','Vestibulum quam sapien, varius ut, blandit non, interdum in, ante. Vestibulum ante ipsum primis in faucibus orci luctus et ultrices posuere cubilia Curae; Duis faucibus accumsan odio. Curabitur convallis.',531,11,1058,8,'Syrup - Pancake',50),(921,'Not Available','Phasellus in felis. Donec semper sapien a libero. Nam dui.',119,12,9131,32,'Seabream Whole Farmed',50),(922,'Not Available','Sed ante. Vivamus tortor. Duis mattis egestas metus.',329,10,3623,6,'Shrimp - 21/25, Peel And Deviened',50),(923,'Available','In sagittis dui vel nisl. Duis ac nibh. Fusce lacus purus, aliquet at, feugiat non, pretium quis, lectus.',234,17,8384,37,'Soup - Campbells, Lentil',50),(924,'Not Available','Vestibulum quam sapien, varius ut, blandit non, interdum in, ante. Vestibulum ante ipsum primis in faucibus orci luctus et ultrices posuere cubilia Curae; Duis faucibus accumsan odio. Curabitur convallis.',148,5,2499,24,'Pepper - Gypsy Pepper',50),(925,'Not Available','Quisque porta volutpat erat. Quisque erat eros, viverra eget, congue eget, semper rutrum, nulla. Nunc purus.',20,7,7698,17,'Quail Eggs - Canned',50),(926,'Available','Maecenas tristique, est et tempus semper, est quam pharetra magna, ac consequat metus sapien ut nunc. Vestibulum ante ipsum primis in faucibus orci luctus et ultrices posuere cubilia Curae; Mauris viverra diam vitae quam. Suspendisse potenti.',364,18,85,34,'Salmon - Atlantic, No Skin',50),(927,'Available','Duis bibendum, felis sed interdum venenatis, turpis enim blandit mi, in porttitor pede justo eu massa. Donec dapibus. Duis at velit eu est congue elementum.',260,4,2148,33,'Nut - Hazelnut, Whole',50),(928,'Available','Aenean fermentum. Donec ut mauris eget massa tempor convallis. Nulla neque libero, convallis eget, eleifend luctus, ultricies eu, nibh.',18,16,1404,5,'Pasta - Lasagna Noodle, Frozen',50),(929,'Not Available','Aenean lectus. Pellentesque eget nunc. Donec quis orci eget orci vehicula condimentum.',612,19,9305,5,'Wine - Guy Sage Touraine',50),(930,'Not Available','Proin eu mi. Nulla ac enim. In tempor, turpis nec euismod scelerisque, quam turpis adipiscing lorem, vitae mattis nibh ligula nec sem.',747,8,4741,25,'Flour - Strong Pizza',50),(931,'Available','Phasellus sit amet erat. Nulla tempus. Vivamus in felis eu sapien cursus vestibulum.',720,1,2926,34,'Lamb - Loin Chops',50),(932,'Available','Nulla ut erat id mauris vulputate elementum. Nullam varius. Nulla facilisi.',430,2,7497,29,'Nut - Pecan, Pieces',50),(933,'Not Available','Phasellus sit amet erat. Nulla tempus. Vivamus in felis eu sapien cursus vestibulum.',753,15,8025,49,'Mix Pina Colada',50),(934,'Not Available','Praesent blandit. Nam nulla. Integer pede justo, lacinia eget, tincidunt eget, tempus vel, pede.',4,3,9152,12,'Longan',50),(935,'Available','Cras non velit nec nisi vulputate nonummy. Maecenas tincidunt lacus at velit. Vivamus vel nulla eget eros elementum pellentesque.',569,20,4004,27,'Juice - Propel Sport',50),(936,'Available','Duis consequat dui nec nisi volutpat eleifend. Donec ut dolor. Morbi vel lectus in quam fringilla rhoncus.',276,9,7746,42,'Bread Base - Goodhearth',50),(937,'Available','Cum sociis natoque penatibus et magnis dis parturient montes, nascetur ridiculus mus. Vivamus vestibulum sagittis sapien. Cum sociis natoque penatibus et magnis dis parturient montes, nascetur ridiculus mus.',189,6,7035,40,'General Purpose Trigger',50),(938,'Available','Pellentesque at nulla. Suspendisse potenti. Cras in purus eu magna vulputate luctus.',754,14,5986,5,'Juice Peach Nectar',50),(939,'Not Available','Cras mi pede, malesuada in, imperdiet et, commodo vulputate, justo. In blandit ultrices enim. Lorem ipsum dolor sit amet, consectetuer adipiscing elit.',83,13,2249,42,'Soap - Mr.clean Floor Soap',50),(940,'Available','Aenean lectus. Pellentesque eget nunc. Donec quis orci eget orci vehicula condimentum.',684,11,23,29,'Container Clear 8 Oz',50),(941,'Not Available','In quis justo. Maecenas rhoncus aliquam lacus. Morbi quis tortor id nulla ultrices aliquet.',603,12,7209,48,'Compound - Raspberry',50),(942,'Not Available','Duis bibendum, felis sed interdum venenatis, turpis enim blandit mi, in porttitor pede justo eu massa. Donec dapibus. Duis at velit eu est congue elementum.',100,10,9305,5,'Pepper - White, Whole',50),(943,'Not Available','Phasellus in felis. Donec semper sapien a libero. Nam dui.',380,17,2508,21,'Pepper - Chilli Seeds Mild',50),(944,'Not Available','Suspendisse potenti. In eleifend quam a odio. In hac habitasse platea dictumst.',520,5,5811,4,'Wine - Semi Dry Riesling Vineland',50),(945,'Available','Pellentesque at nulla. Suspendisse potenti. Cras in purus eu magna vulputate luctus.',486,7,9516,4,'Olive - Spread Tapenade',50),(946,'Available','Vestibulum quam sapien, varius ut, blandit non, interdum in, ante. Vestibulum ante ipsum primis in faucibus orci luctus et ultrices posuere cubilia Curae; Duis faucibus accumsan odio. Curabitur convallis.',768,18,8384,2,'Beets - Golden',50),(947,'Not Available','Curabitur in libero ut massa volutpat convallis. Morbi odio odio, elementum eu, interdum eu, tincidunt in, leo. Maecenas pulvinar lobortis est.',606,4,8950,37,'Macaroons - Homestyle Two Bit',50),(948,'Available','Integer tincidunt ante vel ipsum. Praesent blandit lacinia erat. Vestibulum sed magna at nunc commodo placerat.',5,16,852,8,'Syrup - Monin - Passion Fruit',50),(949,'Available','Mauris enim leo, rhoncus sed, vestibulum sit amet, cursus id, turpis. Integer aliquet, massa id lobortis convallis, tortor risus dapibus augue, vel accumsan tellus nisi eu orci. Mauris lacinia sapien quis libero.',588,19,2826,49,'Table Cloth 81x81 White',50),(950,'Available','Praesent blandit. Nam nulla. Integer pede justo, lacinia eget, tincidunt eget, tempus vel, pede.',725,8,1375,12,'Beans - Fine',50),(951,'Not Available','In congue. Etiam justo. Etiam pretium iaculis justo.',492,1,3932,47,'Jolt Cola',50),(952,'Not Available','Curabitur in libero ut massa volutpat convallis. Morbi odio odio, elementum eu, interdum eu, tincidunt in, leo. Maecenas pulvinar lobortis est.',482,2,6009,42,'Wine - Manischewitz Concord',50),(953,'Available','Morbi porttitor lorem id ligula. Suspendisse ornare consequat lectus. In est risus, auctor sed, tristique in, tempus sit amet, sem.',178,15,4274,28,'Beer - Tetleys',50),(954,'Not Available','Quisque porta volutpat erat. Quisque erat eros, viverra eget, congue eget, semper rutrum, nulla. Nunc purus.',675,3,4867,12,'Beans - Green',50),(955,'Not Available','Quisque porta volutpat erat. Quisque erat eros, viverra eget, congue eget, semper rutrum, nulla. Nunc purus.',607,20,5446,40,'Sterno - Chafing Dish Fuel',50),(956,'Not Available','In hac habitasse platea dictumst. Etiam faucibus cursus urna. Ut tellus.',389,9,3331,27,'Muffin Hinge Container 6',50),(957,'Not Available','In congue. Etiam justo. Etiam pretium iaculis justo.',474,6,3066,16,'Extract Vanilla Pure',50),(958,'Available','Suspendisse potenti. In eleifend quam a odio. In hac habitasse platea dictumst.',225,14,5225,4,'Kahlua',50),(959,'Available','Praesent blandit. Nam nulla. Integer pede justo, lacinia eget, tincidunt eget, tempus vel, pede.',8,13,4560,42,'Lettuce - Belgian Endive',50),(960,'Not Available','Vestibulum quam sapien, varius ut, blandit non, interdum in, ante. Vestibulum ante ipsum primis in faucibus orci luctus et ultrices posuere cubilia Curae; Duis faucibus accumsan odio. Curabitur convallis.',658,11,6403,32,'Brocolinni - Gaylan, Chinese',50),(961,'Available','Vestibulum quam sapien, varius ut, blandit non, interdum in, ante. Vestibulum ante ipsum primis in faucibus orci luctus et ultrices posuere cubilia Curae; Duis faucibus accumsan odio. Curabitur convallis.',596,12,3967,37,'Wine - Gewurztraminer Pierre',50),(962,'Not Available','Nullam sit amet turpis elementum ligula vehicula consequat. Morbi a ipsum. Integer a nibh.',17,10,4261,5,'Clams - Canned',50),(963,'Available','Nullam sit amet turpis elementum ligula vehicula consequat. Morbi a ipsum. Integer a nibh.',739,17,2081,17,'Cheese - Cheddar, Old White',50),(964,'Not Available','Proin leo odio, porttitor id, consequat in, consequat ut, nulla. Sed accumsan felis. Ut at dolor quis odio consequat varius.',475,5,1121,29,'Juice Peach Nectar',50),(965,'Available','Duis bibendum, felis sed interdum venenatis, turpis enim blandit mi, in porttitor pede justo eu massa. Donec dapibus. Duis at velit eu est congue elementum.',10,7,9266,30,'Chinese Foods - Chicken Wing',50),(966,'Not Available','Sed sagittis. Nam congue, risus semper porta volutpat, quam pede lobortis ligula, sit amet eleifend pede libero quis orci. Nullam molestie nibh in lectus.',353,18,1404,44,'Cheese - Taleggio D.o.p.',50),(967,'Available','Pellentesque at nulla. Suspendisse potenti. Cras in purus eu magna vulputate luctus.',186,4,2498,40,'Tequila - Sauza Silver',50),(968,'Available','Fusce consequat. Nulla nisl. Nunc nisl.',473,16,4239,32,'Soup - Cream Of Potato / Leek',50),(969,'Available','Phasellus in felis. Donec semper sapien a libero. Nam dui.',578,19,4323,17,'Cake - Mini Potato Pancake',50),(970,'Available','Cum sociis natoque penatibus et magnis dis parturient montes, nascetur ridiculus mus. Vivamus vestibulum sagittis sapien. Cum sociis natoque penatibus et magnis dis parturient montes, nascetur ridiculus mus.',74,8,8721,12,'Pineapple - Regular',50),(971,'Available','In hac habitasse platea dictumst. Etiam faucibus cursus urna. Ut tellus.',102,1,2208,1,'Phyllo Dough',50),(972,'Available','Quisque porta volutpat erat. Quisque erat eros, viverra eget, congue eget, semper rutrum, nulla. Nunc purus.',123,2,2148,30,'Ecolab Silver Fusion',50),(973,'Not Available','Morbi non lectus. Aliquam sit amet diam in magna bibendum imperdiet. Nullam orci pede, venenatis non, sodales sed, tincidunt eu, felis.',488,15,4098,40,'Crackers - Trio',50),(974,'Available','Nullam porttitor lacus at turpis. Donec posuere metus vitae ipsum. Aliquam non mauris.',74,3,6269,32,'Water, Tap',50),(975,'Not Available','Phasellus sit amet erat. Nulla tempus. Vivamus in felis eu sapien cursus vestibulum.',63,20,4903,6,'Wine - Harrow Estates, Vidal',50),(976,'Available','Aenean fermentum. Donec ut mauris eget massa tempor convallis. Nulla neque libero, convallis eget, eleifend luctus, ultricies eu, nibh.',184,9,2868,5,'Juice - Lime',50),(977,'Not Available','Nullam porttitor lacus at turpis. Donec posuere metus vitae ipsum. Aliquam non mauris.',33,6,9210,5,'Sea Bass - Fillets',50),(978,'Available','Proin leo odio, porttitor id, consequat in, consequat ut, nulla. Sed accumsan felis. Ut at dolor quis odio consequat varius.',666,14,4990,49,'Halibut - Whole, Fresh',50),(979,'Not Available','Duis consequat dui nec nisi volutpat eleifend. Donec ut dolor. Morbi vel lectus in quam fringilla rhoncus.',537,13,416,6,'Beer - Heinekin',50),(980,'Not Available','Cras non velit nec nisi vulputate nonummy. Maecenas tincidunt lacus at velit. Vivamus vel nulla eget eros elementum pellentesque.',291,11,3666,28,'Asparagus - Mexican',50),(981,'Available','Cum sociis natoque penatibus et magnis dis parturient montes, nascetur ridiculus mus. Vivamus vestibulum sagittis sapien. Cum sociis natoque penatibus et magnis dis parturient montes, nascetur ridiculus mus.',355,12,9680,12,'White Fish - Filets',50),(982,'Available','Maecenas ut massa quis augue luctus tincidunt. Nulla mollis molestie lorem. Quisque ut erat.',201,10,2453,40,'Black Currants',50),(983,'Available','Nullam sit amet turpis elementum ligula vehicula consequat. Morbi a ipsum. Integer a nibh.',88,17,6899,32,'Spice - Montreal Steak Spice',50),(984,'Not Available','Curabitur at ipsum ac tellus semper interdum. Mauris ullamcorper purus sit amet nulla. Quisque arcu libero, rutrum ac, lobortis vel, dapibus at, diam.',249,5,1627,8,'Bread - Ciabatta Buns',50),(985,'Not Available','Duis bibendum. Morbi non quam nec dui luctus rutrum. Nulla tellus.',310,7,812,16,'Fond - Chocolate',50),(986,'Available','Vestibulum quam sapien, varius ut, blandit non, interdum in, ante. Vestibulum ante ipsum primis in faucibus orci luctus et ultrices posuere cubilia Curae; Duis faucibus accumsan odio. Curabitur convallis.',214,18,5513,48,'Wine - Lamancha Do Crianza',50),(987,'Not Available','In congue. Etiam justo. Etiam pretium iaculis justo.',390,4,8603,49,'Remy Red',50),(988,'Not Available','Fusce consequat. Nulla nisl. Nunc nisl.',56,16,1854,5,'Lamb - Pieces, Diced',50),(989,'Available','Cras mi pede, malesuada in, imperdiet et, commodo vulputate, justo. In blandit ultrices enim. Lorem ipsum dolor sit amet, consectetuer adipiscing elit.',391,19,5784,28,'Soup - Campbells Mac N Cheese',50),(990,'Not Available','In hac habitasse platea dictumst. Etiam faucibus cursus urna. Ut tellus.',212,8,7868,28,'Cheese - Cheddar, Old White',50),(991,'Available','Duis aliquam convallis nunc. Proin at turpis a pede posuere nonummy. Integer non velit.',515,1,6225,13,'Potatoes - Purple, Organic',50),(992,'Not Available','Morbi non lectus. Aliquam sit amet diam in magna bibendum imperdiet. Nullam orci pede, venenatis non, sodales sed, tincidunt eu, felis.',62,2,4464,5,'Wine - Red, Gamay Noir',50),(993,'Not Available','Vestibulum ac est lacinia nisi venenatis tristique. Fusce congue, diam id ornare imperdiet, sapien urna pretium nisl, ut volutpat sapien arcu sed augue. Aliquam erat volutpat.',132,15,9959,23,'Orange - Canned, Mandarin',50),(994,'Not Available','Mauris enim leo, rhoncus sed, vestibulum sit amet, cursus id, turpis. Integer aliquet, massa id lobortis convallis, tortor risus dapibus augue, vel accumsan tellus nisi eu orci. Mauris lacinia sapien quis libero.',189,3,636,17,'Mushroom - Morel Frozen',50),(995,'Not Available','Sed sagittis. Nam congue, risus semper porta volutpat, quam pede lobortis ligula, sit amet eleifend pede libero quis orci. Nullam molestie nibh in lectus.',339,20,3922,33,'Chocolate - Mi - Amere Semi',50),(996,'Not Available','Phasellus sit amet erat. Nulla tempus. Vivamus in felis eu sapien cursus vestibulum.',613,9,6903,1,'Eggplant Italian',50),(997,'Available','Duis consequat dui nec nisi volutpat eleifend. Donec ut dolor. Morbi vel lectus in quam fringilla rhoncus.',743,6,1854,12,'Tea - Herbal I Love Lemon',50),(998,'Available','Praesent blandit. Nam nulla. Integer pede justo, lacinia eget, tincidunt eget, tempus vel, pede.',694,14,7375,17,'Breakfast Quesadillas',50),(999,'Available','Duis aliquam convallis nunc. Proin at turpis a pede posuere nonummy. Integer non velit.',626,13,3390,5,'Table Cloth 144x90 White',50),(1000,'Not Available','Duis consequat dui nec nisi volutpat eleifend. Donec ut dolor. Morbi vel lectus in quam fringilla rhoncus.',389,11,2413,37,'Bread - Roll, Italian',50);
/*!40000 ALTER TABLE `product` ENABLE KEYS */;
UNLOCK TABLES;

--
-- Table structure for table `supplier`
--

DROP TABLE IF EXISTS `supplier`;
/*!40101 SET @saved_cs_client     = @@character_set_client */;
/*!50503 SET character_set_client = utf8mb4 */;
CREATE TABLE `supplier` (
  `Supplier_ID` int NOT NULL AUTO_INCREMENT,
  `Full_Name` varchar(50) NOT NULL,
  `Address` varchar(100) NOT NULL,
  `Phone_Number` varchar(10) NOT NULL,
  `Email` varchar(100) NOT NULL,
  PRIMARY KEY (`Supplier_ID`),
  UNIQUE KEY `Phone_Number` (`Phone_Number`),
  UNIQUE KEY `Email` (`Email`)
) ENGINE=InnoDB AUTO_INCREMENT=101 DEFAULT CHARSET=utf8mb4 COLLATE=utf8mb4_0900_ai_ci;
/*!40101 SET character_set_client = @saved_cs_client */;

--
-- Dumping data for table `supplier`
--

LOCK TABLES `supplier` WRITE;
/*!40000 ALTER TABLE `supplier` DISABLE KEYS */;
INSERT INTO `supplier` VALUES (1,'Celestia Gubbin','1927 Elka Trail','1955732903','cgubbin0@elegantthemes.com'),(2,'Christie Braniff','87024 Fremont Hill','7709222646','cbraniff1@vinaora.com'),(3,'Godart Derrell','9 Clyde Gallagher Place','6679323132','gderrell2@npr.org'),(4,'Willy Portman','4726 Stuart Drive','9152050833','wportman3@japanpost.jp'),(5,'Kennan Easman','46 Melrose Crossing','5625347851','keasman4@nytimes.com'),(6,'Wilden Cruickshank','458 Mariners Cove Lane','3999686023','wcruickshank5@bbc.co.uk'),(7,'Lacie Prantl','1071 Carioca Park','7585464171','lprantl6@wiley.com'),(8,'Gael Titcumb','188 Brown Terrace','3535548529','gtitcumb7@netlog.com'),(9,'Marieann Shadrack','850 Hoepker Center','1411449509','mshadrack8@umich.edu'),(10,'Benita Dunican','43 Mayer Circle','9861417827','bdunican9@senate.gov'),(11,'Delaney Murden','333 Stone Corner Avenue','8003739937','dmurdena@jigsy.com'),(12,'Griffith Heakey','570 Menomonie Center','2673049797','gheakeyb@tiny.cc'),(13,'Galvin Ambage','479 Del Sol Place','6366358353','gambagec@bravesites.com'),(14,'Imogen Passe','8109 Moland Hill','6852521366','ipassed@slashdot.org'),(15,'Missie Castano','67 Southridge Parkway','8252101224','mcastanoe@webs.com'),(16,'Karia McIlwraith','78562 Delaware Hill','8327064149','kmcilwraithf@google.ru'),(17,'Rosanne Dyott','813 Fordem Circle','7199056449','rdyottg@reverbnation.com'),(18,'Vonni Warbeys','8453 Monica Junction','6101824726','vwarbeysh@usda.gov'),(19,'Agnes Dimitru','914 Mccormick Court','4172161128','adimitrui@etsy.com'),(20,'Gerti Gladwish','99 Shasta Terrace','1582157187','ggladwishj@examiner.com'),(21,'Hetty Ellerbeck','9570 Nova Center','8684182344','hellerbeckk@123-reg.co.uk'),(22,'Cory Spring','48010 Muir Lane','5267046901','cspringl@prnewswire.com'),(23,'Martino Pietsma','6 Lerdahl Drive','9229398299','mpietsmam@noaa.gov'),(24,'Herrick Luetkemeyer','689 Bunker Hill Street','9425776495','hluetkemeyern@google.com'),(25,'Morris Braitling','233 Stang Plaza','6703395162','mbraitlingo@kickstarter.com'),(26,'Shelbi Baum','02 International Pass','3552836993','sbaump@moonfruit.com'),(27,'Fielding Heelis','13231 Porter Lane','8171537051','fheelisq@360.cn'),(28,'Giffie Veregan','86919 Scofield Road','4959813476','gvereganr@feedburner.com'),(29,'Garland Letertre','05815 6th Plaza','3059512978','gletertres@amazon.co.uk'),(30,'Arlyn Lucas','9209 Rutledge Alley','3139361534','alucast@dion.ne.jp'),(31,'Free Davidai','6083 Spaight Court','5355128602','fdavidaiu@xinhuanet.com'),(32,'Avril Trusslove','04554 Lyons Center','5847683774','atrusslovev@surveymonkey.com'),(33,'Lucine Arnopp','0990 Park Meadow Drive','2417817222','larnoppw@home.pl'),(34,'Nessie Ring','389 7th Parkway','9818903551','nringx@mac.com'),(35,'Hattie Mum','5 Pawling Park','9004932374','hmumy@opera.com'),(36,'Xylina Bremmer','88 Park Meadow Plaza','1602339778','xbremmerz@google.pl'),(37,'Sidonnie Bartozzi','6474 Beilfuss Way','8569297020','sbartozzi10@goodreads.com'),(38,'Sadie Muzzall','37864 Coleman Alley','6848283714','smuzzall11@msn.com'),(39,'Sean Abrahamian','3 Cody Plaza','5792884008','sabrahamian12@netlog.com'),(40,'Abbye Chesnut','3327 Merry Street','2833347986','achesnut13@fastcompany.com'),(41,'Oralie Combes','115 Bartillon Park','7355166772','ocombes14@psu.edu'),(42,'Udell Fransinelli','579 Bunker Hill Center','7172637695','ufransinelli15@drupal.org'),(43,'Gui Chadbourne','3204 Old Gate Terrace','8613397036','gchadbourne16@devhub.com'),(44,'Idalia Ells','09 Fordem Junction','1102677991','iells17@google.nl'),(45,'Dominic McChruiter','64 Lillian Trail','1644908209','dmcchruiter18@google.com'),(46,'Rufe Deschlein','001 Wayridge Street','1667525686','rdeschlein19@github.io'),(47,'Si Meany','827 Bashford Plaza','6839960693','smeany1a@nps.gov'),(48,'Hallsy Paver','4041 Atwood Road','6512198214','hpaver1b@shinystat.com'),(49,'Cletus Doyley','5206 Lyons Plaza','2807074324','cdoyley1c@google.pl'),(50,'Katusha Alvarado','57 Schurz Crossing','1997925931','kalvarado1d@aboutads.info'),(51,'Loren Fullerton','20 Arapahoe Plaza','6549662248','lfullerton1e@yelp.com'),(52,'Yancey Seagrove','973 Eagan Avenue','1634657771','yseagrove1f@nba.com'),(53,'Catina Gately','991 Bashford Terrace','1932887246','cgately1g@dyndns.org'),(54,'Luisa Mesant','11889 High Crossing Center','7553260603','lmesant1h@ed.gov'),(55,'Orly Strangwood','45031 Oak Valley Court','2969579581','ostrangwood1i@hc360.com'),(56,'Kayley Joannic','17836 Kropf Drive','8771133062','kjoannic1j@va.gov'),(57,'Rodrick Landman','29469 Moland Avenue','6258454589','rlandman1k@slate.com'),(58,'Graig Champerlen','97 Erie Point','6941782431','gchamperlen1l@twitter.com'),(59,'Cordell Passy','214 Bluejay Terrace','1983259715','cpassy1m@webs.com'),(60,'Melinda Phripp','1 Alpine Road','5141322485','mphripp1n@joomla.org'),(61,'Pernell Brodley','89 Daystar Junction','3298729971','pbrodley1o@xrea.com'),(62,'Karrie Carrel','29105 6th Parkway','1652300977','kcarrel1p@buzzfeed.com'),(63,'Nerissa Cullington','34 Green Point','3829100585','ncullington1q@marriott.com'),(64,'Fayre Sugden','8190 Dawn Alley','4981118150','fsugden1r@microsoft.com'),(65,'Arabel Lambarth','4821 Transport Center','6417092544','alambarth1s@msn.com'),(66,'Vidovic Cruddas','3 Meadow Vale Parkway','1221538703','vcruddas1t@nationalgeographic.com'),(67,'Alva Kinsey','57 Ryan Street','1582658906','akinsey1u@marketwatch.com'),(68,'Joceline Trineman','15994 Shoshone Court','7934814912','jtrineman1v@thetimes.co.uk'),(69,'Hali Harriott','930 Manley Place','7329015046','hharriott1w@guardian.co.uk'),(70,'Joelly Simko','846 Bartillon Circle','1367535377','jsimko1x@hc360.com'),(71,'Eustace Thing','99 Northport Parkway','1627887038','ething1y@npr.org'),(72,'Jervis Sheppey','3848 Bayside Point','7114585873','jsheppey1z@dell.com'),(73,'Kala Doerling','70235 Acker Terrace','6507140623','kdoerling20@columbia.edu'),(74,'Addy Chismon','80 Schmedeman Crossing','7882118819','achismon21@answers.com'),(75,'Marcia Kew','38 Schmedeman Way','3197647587','mkew22@fotki.com'),(76,'Desiri Orniz','39 Mandrake Point','8465976333','dorniz23@state.tx.us'),(77,'Britteny Roke','2 Service Alley','6199137642','broke24@360.cn'),(78,'Jim Kittless','328 Claremont Road','4031917473','jkittless25@nature.com'),(79,'Armando Craydon','83203 Granby Plaza','4895867141','acraydon26@so-net.ne.jp'),(80,'Agnola Bonnesen','58791 Cody Trail','2945665489','abonnesen27@stanford.edu'),(81,'Gwendolen Luca','81820 Hoffman Crossing','6166032695','gluca28@freewebs.com'),(82,'Gibbie Sibylla','3 Gerald Place','7063941814','gsibylla29@mozilla.org'),(83,'Sollie Salliere','2727 Havey Park','4189133920','ssalliere2a@spotify.com'),(84,'Granthem Fritchley','16125 Hazelcrest Center','8585730440','gfritchley2b@yale.edu'),(85,'Robby McCullouch','06404 Green Ridge Street','1771599777','rmccullouch2c@biblegateway.com'),(86,'Wylma Hutten','12109 Vernon Avenue','6596666982','whutten2d@businessinsider.com'),(87,'Lin Matchett','2 Coleman Terrace','4453185638','lmatchett2e@cbc.ca'),(88,'Garrett Stucke','4 Hintze Circle','2518018488','gstucke2f@4shared.com'),(89,'Dru McGee','1 Crowley Alley','1951141495','dmcgee2g@soup.io'),(90,'Merola Hadigate','67 Thackeray Way','2097067674','mhadigate2h@dmoz.org'),(91,'Chariot Alvarado','17890 Eggendart Hill','2409567311','calvarado2i@sogou.com'),(92,'Celesta Joseph','2841 Esker Parkway','7865167253','cjoseph2j@bloomberg.com'),(93,'Danyette Grisdale','57474 Towne Way','8481683053','dgrisdale2k@diigo.com'),(94,'Evangelin Gloucester','8257 West Drive','7191728057','egloucester2l@meetup.com'),(95,'Ezekiel Folomin','9 Bluejay Circle','1917544045','efolomin2m@nps.gov'),(96,'Carolin Giannasi','30909 Boyd Terrace','3304901625','cgiannasi2n@mit.edu'),(97,'Jameson MacAree','36730 Dapin Center','5987175367','jmacaree2o@hc360.com'),(98,'Thelma Latchmore','784 Fulton Avenue','5599443935','tlatchmore2p@bloglovin.com'),(99,'Jacquette Jukubczak','2059 Valley Edge Trail','3937014104','jjukubczak2q@ehow.com'),(100,'Quill Gonoude','44916 Northfield Park','5236046773','qgonoude2r@ebay.com');
/*!40000 ALTER TABLE `supplier` ENABLE KEYS */;
UNLOCK TABLES;

--
-- Table structure for table `supplies`
--

DROP TABLE IF EXISTS `supplies`;
/*!40101 SET @saved_cs_client     = @@character_set_client */;
/*!50503 SET character_set_client = utf8mb4 */;
CREATE TABLE `supplies` (
  `Supplier_ID` int NOT NULL,
  `Product_ID` int NOT NULL,
  PRIMARY KEY (`Supplier_ID`,`Product_ID`),
  UNIQUE KEY `Product_ID` (`Product_ID`),
  CONSTRAINT `supplies_ibfk_1` FOREIGN KEY (`Supplier_ID`) REFERENCES `supplier` (`Supplier_ID`),
  CONSTRAINT `supplies_ibfk_2` FOREIGN KEY (`Product_ID`) REFERENCES `product` (`Product_id`)
) ENGINE=InnoDB DEFAULT CHARSET=utf8mb4 COLLATE=utf8mb4_0900_ai_ci;
/*!40101 SET character_set_client = @saved_cs_client */;

--
-- Dumping data for table `supplies`
--

LOCK TABLES `supplies` WRITE;
/*!40000 ALTER TABLE `supplies` DISABLE KEYS */;
INSERT INTO `supplies` VALUES (79,1),(60,2),(88,3),(68,4),(78,5),(45,6),(50,7),(6,8),(3,9),(40,10),(67,11),(40,12),(86,13),(85,14),(4,15),(52,16),(7,17),(100,18),(45,19),(20,20),(18,21),(100,22),(39,23),(83,24),(4,25),(63,26),(25,27),(10,28),(10,29),(53,30),(50,31),(3,32),(29,33),(41,34),(39,35),(90,36),(28,37),(59,38),(53,39),(62,40),(63,41),(31,42),(77,43),(96,44),(39,45),(7,46),(2,47),(94,48),(84,49),(63,50),(24,51),(81,52),(84,53),(2,54),(82,55),(85,56),(65,57),(90,58),(86,59),(68,60),(8,61),(60,62),(26,63),(89,64),(54,65),(38,66),(9,67),(8,68),(28,69),(56,70),(3,71),(26,72),(21,73),(15,74),(26,75),(98,76),(100,77),(38,78),(49,79),(36,80),(35,81),(12,82),(27,83),(85,84),(78,85),(45,86),(84,87),(61,88),(68,89),(76,90),(59,91),(6,92),(25,93),(80,94),(74,95),(61,96),(70,97),(12,98),(67,99),(43,100),(61,101),(84,102),(70,103),(25,104),(27,105),(17,106),(82,107),(78,108),(13,109),(70,110),(33,111),(11,112),(79,113),(87,114),(16,115),(23,116),(15,117),(5,118),(47,119),(95,120),(1,121),(46,122),(82,123),(1,124),(30,125),(43,126),(78,127),(69,128),(43,129),(36,130),(22,131),(42,132),(83,133),(73,134),(28,135),(99,136),(40,137),(43,138),(67,139),(42,140),(18,141),(15,142),(59,143),(50,144),(56,145),(93,146),(27,147),(84,148),(30,149),(79,150),(34,151),(25,152),(3,153),(40,154),(53,155),(67,156),(7,157),(92,158),(21,159),(54,160),(6,161),(90,162),(37,163),(30,164),(51,165),(63,166),(49,167),(69,168),(87,169),(48,170),(19,171),(84,172),(20,173),(52,174),(14,175),(95,176),(87,177),(4,178),(20,179),(7,180),(32,181),(71,182),(93,183),(89,184),(66,185),(86,186),(27,187),(98,188),(49,189),(35,190),(6,191),(29,192),(68,193),(19,194),(88,195),(53,196),(18,197),(50,198),(76,199),(2,200),(7,201),(73,202),(16,203),(96,204),(39,205),(29,206),(17,207),(30,208),(82,209),(70,210),(30,211),(45,212),(10,213),(68,214),(15,215),(37,216),(4,217),(99,218),(81,219),(86,220),(49,221),(73,222),(25,223),(6,224),(51,225),(42,226),(55,227),(51,228),(59,229),(41,230),(75,231),(59,232),(22,233),(100,234),(12,235),(6,236),(91,237),(61,238),(2,239),(72,240),(26,241),(19,242),(28,243),(54,244),(58,245),(7,246),(52,247),(83,248),(23,249),(31,250),(40,251),(44,252),(64,253),(64,254),(44,255),(28,256),(22,257),(65,258),(82,259),(90,260),(36,261),(45,262),(64,263),(37,264),(32,265),(45,266),(75,267),(86,268),(92,269),(70,270),(53,271),(27,272),(44,273),(80,274),(91,275),(78,276),(56,277),(36,278),(17,279),(60,280),(75,281),(88,282),(68,283),(71,284),(99,285),(82,286),(12,287),(4,288),(72,289),(66,290),(51,291),(37,292),(87,293),(11,294),(62,295),(73,296),(58,297),(92,298),(87,299),(67,300),(1,301),(30,302),(29,303),(26,304),(37,305),(9,306),(61,307),(68,308),(27,309),(18,310),(62,311),(85,312),(48,313),(89,314),(46,315),(90,316),(93,317),(20,318),(63,319),(3,320),(76,321),(74,322),(44,323),(72,324),(89,325),(71,326),(22,327),(25,328),(74,329),(83,330),(2,331),(52,332),(69,333),(12,334),(95,335),(34,336),(91,337),(85,338),(59,339),(40,340),(77,341),(43,342),(38,343),(6,344),(5,345),(65,346),(75,347),(13,348),(60,349),(17,350),(13,351),(65,352),(59,353),(89,354),(70,355),(97,356),(55,357),(76,358),(95,359),(87,360),(33,361),(8,362),(22,363),(96,364),(93,365),(29,366),(94,367),(69,368),(63,369),(48,370),(66,371),(56,372),(57,373),(16,374),(80,375),(22,376),(32,377),(56,378),(74,379),(82,380),(20,381),(41,382),(93,383),(79,384),(90,385),(26,386),(51,387),(1,388),(96,389),(18,390),(35,391),(27,392),(25,393),(57,394),(49,395),(9,396),(91,397),(31,398),(62,399),(67,400),(91,401),(100,402),(4,403),(2,404),(2,405),(100,406),(75,407),(12,408),(45,409),(66,410),(51,411),(58,412),(32,413),(38,414),(68,415),(81,416),(77,417),(92,418),(61,419),(34,420),(89,421),(64,422),(48,423),(84,424),(32,425),(5,426),(47,427),(39,428),(82,429),(67,430),(93,431),(41,432),(65,433),(47,434),(98,435),(81,436),(26,437),(73,438),(25,439),(97,440),(22,441),(29,442),(13,443),(11,444),(72,445),(96,446),(57,447),(31,448),(14,449),(34,450),(60,451),(62,452),(96,453),(46,454),(18,455),(5,456),(48,457),(100,458),(21,459),(11,460),(41,461),(72,462),(69,463),(60,464),(42,465),(31,466),(51,467),(48,468),(10,469),(97,470),(30,471),(9,472),(38,473),(40,474),(59,475),(15,476),(46,477),(39,478),(54,479),(84,480),(37,481),(65,482),(4,483),(33,484),(82,485),(15,486),(98,487),(37,488),(28,489),(51,490),(50,491),(11,492),(71,493),(84,494),(46,495),(55,496),(3,497),(94,498),(18,499),(12,500),(9,501),(55,502),(75,503),(69,504),(55,505),(23,506),(37,507),(44,508),(75,509),(100,510),(1,511),(55,512),(53,513),(49,514),(78,515),(58,516),(81,517),(24,518),(71,519),(57,520),(16,521),(54,522),(72,523),(67,524),(47,525),(78,526),(33,527),(44,528),(60,529),(49,530),(46,531),(23,532),(19,533),(24,534),(33,535),(79,536),(47,537),(78,538),(97,539),(41,540),(73,541),(12,542),(38,543),(24,544),(56,545),(20,546),(24,547),(80,548),(52,549),(76,550),(71,551),(12,552),(22,553),(46,554),(22,555),(20,556),(14,557),(94,558),(65,559),(23,560),(43,561),(92,562),(7,563),(14,564),(69,565),(98,566),(69,567),(38,568),(97,569),(96,570),(89,571),(58,572),(65,573),(86,574),(80,575),(39,576),(7,577),(61,578),(69,579),(91,580),(9,581),(83,582),(51,583),(8,584),(18,585),(97,586),(74,587),(48,588),(81,589),(9,590),(14,591),(14,592),(11,593),(21,594),(1,595),(70,596),(97,597),(42,598),(2,599),(73,600),(1,601),(41,602),(6,603),(63,604),(14,605),(85,606),(45,607),(32,608),(11,609),(70,610),(79,611),(19,612),(71,613),(34,614),(88,615),(96,616),(36,617),(79,618),(11,619),(3,620),(10,621),(49,622),(68,623),(40,624),(54,625),(79,626),(24,627),(53,628),(13,629),(33,630),(19,631),(42,632),(99,633),(95,634),(40,635),(1,636),(81,637),(44,638),(34,639),(29,640),(98,641),(56,642),(97,643),(52,644),(60,645),(57,646),(21,647),(70,648),(50,649),(35,650),(95,651),(94,652),(6,653),(81,654),(74,655),(90,656),(44,657),(91,658),(57,659),(35,660),(14,661),(10,662),(80,663),(16,664),(13,665),(75,666),(73,667),(16,668),(55,669),(66,670),(93,671),(98,672),(13,673),(64,674),(93,675),(8,676),(52,677),(13,678),(54,679),(99,680),(97,681),(36,682),(90,683),(92,684),(47,685),(35,686),(97,687),(5,688),(72,689),(37,690),(56,691),(8,692),(66,693),(91,694),(53,695),(96,696),(91,697),(15,698),(99,699),(17,700),(99,701),(21,702),(33,703),(4,704),(38,705),(89,706),(89,707),(87,708),(55,709),(36,710),(100,711),(94,712),(65,713),(68,714),(32,715),(19,716),(98,717),(78,718),(28,719),(76,720),(57,721),(58,722),(63,723),(95,724),(57,725),(90,726),(49,727),(8,728),(31,729),(87,730),(71,731),(48,732),(21,733),(88,734),(29,735),(74,736),(80,737),(44,738),(72,739),(18,740),(83,741),(50,742),(85,743),(6,744),(15,745),(76,746),(17,747),(82,748),(14,749),(62,750),(4,751),(60,752),(61,753),(23,754),(30,755),(52,756),(66,757),(83,758),(16,759),(50,760),(99,761),(52,762),(88,763),(87,764),(78,765),(49,766),(25,767),(86,768),(61,769),(10,770),(16,771),(42,772),(42,773),(93,774),(72,775),(26,776),(80,777),(3,778),(98,779),(47,780),(94,781),(94,782),(41,783),(58,784),(47,785),(23,786),(21,787),(2,788),(89,789),(81,790),(44,791),(28,792),(41,793),(51,794),(10,795),(53,796),(50,797),(24,798),(23,799),(18,800),(43,801),(64,802),(86,803),(20,804),(88,805),(23,806),(55,807),(15,808),(95,809),(100,810),(11,811),(70,812),(72,813),(65,814),(2,815),(23,816),(84,817),(17,818),(34,819),(59,820),(81,821),(47,822),(64,823),(79,824),(92,825),(64,826),(77,827),(53,828),(8,829),(39,830),(88,831),(88,832),(57,833),(27,834),(32,835),(35,836),(28,837),(73,838),(35,839),(34,840),(80,841),(36,842),(91,843),(64,844),(63,845),(19,846),(85,847),(77,848),(92,849),(80,850),(29,851),(45,852),(94,853),(31,854),(47,855),(55,856),(62,857),(8,858),(30,859),(86,860),(63,861),(96,862),(38,863),(77,864),(57,865),(50,866),(83,867),(48,868),(54,869),(67,870),(74,871),(14,872),(17,873),(87,874),(13,875),(64,876),(21,877),(52,878),(7,879),(31,880),(9,881),(16,882),(31,883),(46,884),(20,885),(76,886),(74,887),(40,888),(30,889),(66,890),(56,891),(69,892),(25,893),(8,894),(37,895),(3,896),(99,897),(83,898),(27,899),(60,900),(99,901),(74,902),(71,903),(27,904),(7,905),(46,906),(41,907),(5,908),(95,909),(48,910),(5,911),(22,912),(17,913),(31,914),(43,915),(29,916),(43,917),(95,918),(24,919),(36,920),(33,921),(62,922),(76,923),(35,924),(3,925),(77,926),(79,927),(1,928),(93,929),(61,930),(66,931),(58,932),(85,933),(92,934),(10,935),(54,936),(5,937),(32,938),(86,939),(56,940),(58,941),(66,942),(19,943),(75,944),(54,945),(90,946),(85,947),(45,948),(24,949),(71,950),(67,951),(88,952),(62,953),(9,954),(94,955),(36,956),(11,957),(77,958),(32,959),(5,960),(20,961),(5,962),(1,963),(4,964),(59,965),(10,966),(34,967),(76,968),(26,969),(33,970),(42,971),(77,972),(21,973),(43,974),(38,975),(12,976),(15,977),(98,978),(28,979),(24,980),(46,981),(33,982),(39,983),(34,984),(19,985),(92,986),(39,987),(17,988),(35,989),(75,990),(77,991),(83,992),(58,993),(42,994),(62,995),(73,996),(13,997),(26,998),(9,999),(16,1000);
/*!40000 ALTER TABLE `supplies` ENABLE KEYS */;
UNLOCK TABLES;

--
-- Dumping events for database 'online_retail_store'
--

--
-- Dumping routines for database 'online_retail_store'
--
/*!40103 SET TIME_ZONE=@OLD_TIME_ZONE */;

/*!40101 SET SQL_MODE=@OLD_SQL_MODE */;
/*!40014 SET FOREIGN_KEY_CHECKS=@OLD_FOREIGN_KEY_CHECKS */;
/*!40014 SET UNIQUE_CHECKS=@OLD_UNIQUE_CHECKS */;
/*!40101 SET CHARACTER_SET_CLIENT=@OLD_CHARACTER_SET_CLIENT */;
/*!40101 SET CHARACTER_SET_RESULTS=@OLD_CHARACTER_SET_RESULTS */;
/*!40101 SET COLLATION_CONNECTION=@OLD_COLLATION_CONNECTION */;
/*!40111 SET SQL_NOTES=@OLD_SQL_NOTES */;

-- Dump completed on 2023-03-26 16:14:28
